tile_thickness_mm,logical_task_id,event_id,G,D,localD,tile_edep_mev,steel_edep_mev,electron_tile_edep_mev,proton_tile_edep_mev,other_charged_tile_edep_mev,neutral_tile_edep_mev,charged_tile_entry_count,charged_tile_entry_ke_mev,primary_neutron_elastic_count,primary_neutron_inelastic_count,primary_neutron_capture_count
4,stack-pilot-t04-b000,0,81983,1517,1517,8.917309311063834,437.60289258713556,2.165090701786959,6.607784815495872,0.0,0.14443379378099416,5,1098.837793633872,2,1,0
4,stack-pilot-t04-b000,1,58475,1019,1019,7.664121027231432,529.4273607452963,0.31071157381591913,6.416344576525218,0.7714914786993177,0.165573398190964,1,129.74807963225297,1,1,0
4,stack-pilot-t04-b000,2,35673,634,634,4.391247230491034,629.5915663204962,0.0006432304027578631,4.038439501911217,0.07160091154219117,0.28056358663487246,1,205.73599628715434,0,1,0
4,stack-pilot-t04-b000,3,69382,1252,1252,7.5190290489689735,742.0329699674323,0.0,7.378445554712741,0.0,0.140583494256221,5,1681.903313825644,0,1,0
4,stack-pilot-t04-b000,4,1,0,0,0.0002894892058975529,492.2162065379002,0.0,0.0,0.0,0.0002894892058975529,0,0.0,0,1,0
4,stack-pilot-t04-b000,5,209758,4108,4108,26.372861423143483,504.6291453681996,0.06762152731602313,24.763525682733395,1.245518155660073,0.2961960574341056,2,460.9378629037838,0,1,0
4,stack-pilot-t04-b000,6,6760,169,169,2.5048963843154968,628.6141623953513,0.29049552812777296,1.8849008281996475,0.16361159607913578,0.16588843190893715,0,0.0,1,1,0
4,stack-pilot-t04-b000,7,1704,40,40,0.8529636506611389,210.67546864801753,0.0,0.5568067178504634,0.20417572774567816,0.09198120506499743,0,0.0,1,1,0
4,stack-pilot-t04-b000,8,26793,496,496,3.8324572771287584,216.2080827660868,0.16745604789352453,3.6477643347968947,0.0,0.017236894438339912,2,880.4354321244917,0,1,0
4,stack-pilot-t04-b000,9,48906,943,943,5.875358846502644,708.9213724075154,0.0,2.590375942488028,3.009350772181228,0.2756321318333852,2,269.4073273063391,0,1,0
4,stack-pilot-t04-b000,10,18817,341,341,5.857111881150805,557.7845116110499,0.6745593394100696,4.7837427517708875,0.3081639973115671,0.09064579265827759,0,0.0,1,1,0
4,stack-pilot-t04-b000,11,2489,60,60,1.7534868438635498,464.03414724110047,0.0,1.67984558897831,0.0,0.07364125488524012,0,0.0,0,1,0
4,stack-pilot-t04-b000,12,465,8,8,1.4517867163386067,295.2737139798865,0.0,0.0,1.4517150410974864,7.167524111988756e-05,0,0.0,2,1,0
4,stack-pilot-t04-b000,13,38350,711,711,6.108493604128544,355.4190950214494,0.0,5.433581215614885,0.6377263449412567,0.03718604357241639,1,139.44346751052765,0,1,0
4,stack-pilot-t04-b000,14,34286,607,607,4.3437985772896415,638.2728684946558,1.339573090078005,0.9029872178701908,1.881137346750541,0.22010092259090758,3,532.9548085480001,0,1,0
4,stack-pilot-t04-b000,15,26065,499,499,4.900234628083296,302.28280971651634,2.290978305170035,1.4317272668765781,0.9654382647331659,0.21209079130352332,0,0.0,0,1,0
4,stack-pilot-t04-b000,16,90122,1907,1907,9.93885701623881,732.6004756750601,0.3580936657712075,9.29179167970634,0.15135581424328848,0.1376158565179567,5,2106.835699271614,0,1,0
4,stack-pilot-t04-b000,17,141082,2617,2617,25.72623023554128,535.0883297444853,0.22984793542065757,23.669769352535987,1.4464425695987302,0.3801703779858709,2,268.3418651547951,1,1,0
4,stack-pilot-t04-b000,18,45015,828,828,4.961525838132404,353.9356775807924,0.0,4.953451647550421,0.0,0.008074190582006008,1,89.81612570681769,1,1,0
4,stack-pilot-t04-b000,19,30064,540,540,4.568448537209011,551.082465954196,2.7584488961864193,1.2561908600480365,0.32785143231012626,0.22595734866442796,2,2.4586898351061333,0,1,0
4,stack-pilot-t04-b000,20,15154,282,282,3.59791109702361,119.64876393082581,0.0647715187917066,1.5303800210359984,1.9156652558583545,0.08709430133755024,1,475.28265037898996,1,1,0
4,stack-pilot-t04-b000,21,14984,296,296,2.8708575146118362,519.9430195197517,0.28585999899029024,0.0,2.5824280882402726,0.002569427381279374,1,108.26360425774305,0,1,0
4,stack-pilot-t04-b000,22,161313,3193,3193,18.453062650549054,701.9613502912198,0.10622367726312107,17.454550034277794,0.7859821257428151,0.10630681326532965,0,0.0,0,1,0
4,stack-pilot-t04-b000,23,53927,1008,1008,8.880434574119715,259.2282854766025,0.0,7.223409289132942,1.5988585298036921,0.05816675518308905,1,48.986266655101524,0,1,0
4,stack-pilot-t04-b000,24,1094,17,17,0.11596008527239089,687.992886915207,0.0,0.0,0.0,0.11596008527239089,0,0.0,1,1,0
4,stack-pilot-t04-b000,25,42752,873,873,4.413052397600163,524.6286406544775,0.9271189377384867,3.478435951990354,0.0,0.0074975078713177485,5,3409.989281848762,0,1,0
4,stack-pilot-t04-b000,26,81924,1406,1406,27.753583374022583,575.528313734136,0.0,8.25858657391173,19.437638864398487,0.05735793571234606,0,0.0,0,1,0
4,stack-pilot-t04-b000,27,22743,445,445,7.147963089323307,634.2383219296573,0.6972683378568819,6.265322661561868,0.0,0.18537208990454204,0,0.0,0,1,0
4,stack-pilot-t04-b000,28,293643,5727,5727,39.96347807266888,541.1757257890616,0.4893173374634631,38.047588018089854,1.135003998635582,0.29156871847981763,2,191.35678668792193,1,1,0
4,stack-pilot-t04-b000,29,68298,1507,1507,8.342783299894094,702.007730115426,0.6103220610816275,7.418055426607451,0.0,0.31440581220502833,5,2128.1481945789305,0,1,0
4,stack-pilot-t04-b000,30,7073,121,121,3.3068335252752,85.29258154608333,0.0,2.9968743743734194,0.18574358562727866,0.12421556527450177,0,0.0,1,1,0
4,stack-pilot-t04-b000,31,285,7,7,0.02976452974114082,16.997944945797716,0.0,0.0,0.0,0.02976452974114082,0,0.0,3,1,0
4,stack-pilot-t04-b000,32,59241,1049,1049,10.154385121535247,600.6204817969922,0.0,10.140336160019368,0.0,0.014048961515869724,2,473.0557394493401,0,1,0
4,stack-pilot-t04-b000,33,62148,1215,1215,7.407558731812999,712.8222098554922,0.09764103962914122,4.021122331393826,3.228897019025057,0.05989834176495088,5,1587.3253750863237,0,1,0
4,stack-pilot-t04-b000,34,63581,1175,1175,8.676418350122525,773.1612865324148,1.1630127661931442,6.789726609105562,0.4200512535262533,0.30362772129757637,3,911.1832799579668,0,1,0
4,stack-pilot-t04-b000,35,144,4,4,0.01407783809145633,218.0571096644543,0.0,0.0,0.0,0.01407783809145633,0,0.0,0,1,0
4,stack-pilot-t04-b000,36,21648,413,413,3.2657497790847123,447.9428906575774,0.8566718364080576,1.3843373501206795,0.7498085402276047,0.27493205232836704,2,483.5862865052443,1,1,0
4,stack-pilot-t04-b000,37,152849,2820,2820,31.495565362309843,431.23772806261326,0.0,25.973545918469252,5.455154363496945,0.06686508034357934,2,211.7282022214884,0,0,0
4,stack-pilot-t04-b000,38,46870,884,884,8.609730023224502,660.7074068608191,0.3114762281694772,4.744625556543356,3.45470346583312,0.09892477267854113,2,364.30227784083917,1,1,0
4,stack-pilot-t04-b000,39,35928,751,751,6.234215154554828,514.5390509182494,0.0,5.46432066993911,0.4047055446626473,0.36518893995306106,2,681.7724893058597,0,1,0
4,stack-pilot-t04-b000,40,3960,70,70,1.4257824413099003,504.0014645453013,0.19771191228538496,1.0604965674377809,0.09470533728745067,0.07286862429928279,0,0.0,0,1,0
4,stack-pilot-t04-b000,41,11269,239,239,1.1590303825444144,363.9883238090448,0.035600942112588144,0.0,1.022652952758637,0.10077648767318999,1,244.91068147687392,1,1,0
4,stack-pilot-t04-b000,42,135522,2621,2621,21.141283103939948,428.80586061344434,1.025497294054144,13.37767978848626,6.641473674038476,0.09663234736110558,2,164.3209601999524,1,1,0
4,stack-pilot-t04-b000,43,218640,4092,4092,39.38453948980646,534.7968537992701,0.3742370399619031,28.87980155447653,9.881764401545592,0.24873649382241514,4,517.1707220129596,0,1,0
4,stack-pilot-t04-b000,44,54462,978,978,6.499379221954569,674.1702441755599,5.31485874746865,0.9594145470633748,0.0,0.2251059274225472,2,37.69216656647144,0,1,0
4,stack-pilot-t04-b000,45,0,0,0,0.0,4.722291168471755,0.0,0.0,0.0,0.0,0,0.0,0,1,0
4,stack-pilot-t04-b000,46,18876,355,355,2.10715464113358,777.8455919507775,0.7240768300604966,1.3798018750306627,0.0,0.0032759360424212693,1,526.7017961050475,0,1,0
4,stack-pilot-t04-b000,47,90858,1792,1792,9.906526034248332,642.1511480646471,9.313081937725551,0.5774886190471307,0.0,0.015955477475641227,8,122.19846645935898,0,1,0
4,stack-pilot-t04-b000,48,31757,625,625,3.3378313565163173,567.7799361529896,0.0,1.9594872183635224,1.33067506207083,0.047669076081964586,2,413.16530464061077,0,1,0
4,stack-pilot-t04-b000,49,603,13,13,0.061445186451865696,110.10400571392299,0.0,0.0,0.0,0.061445186451865696,0,0.0,1,1,0
4,stack-pilot-t04-b000,50,1903,54,54,0.9466124292891721,445.82580741293276,0.01699417696811988,0.8456359696724576,0.0,0.08398228264859467,1,0.050804611765411185,0,1,0
4,stack-pilot-t04-b000,51,190499,3686,3686,43.6624611553844,679.469129172536,0.0,21.723680477474502,21.828694107421434,0.11008657048836416,2,230.2069836811786,0,1,0
4,stack-pilot-t04-b000,52,21386,407,407,3.085659109859319,402.5206392124201,1.8721616036703836,0.9874173879309183,0.0,0.2260801182580111,2,4.643449082474472,1,1,0
4,stack-pilot-t04-b000,53,109902,2010,2010,16.788689703422058,544.9757850778872,0.2731740690238288,16.47384212857969,0.0,0.04167350581859616,1,20.808360741357525,0,1,0
4,stack-pilot-t04-b000,54,48184,1137,1137,8.277073577912178,760.565989969598,0.9893936549456488,5.228999780785132,1.7464126571292127,0.31226748505217955,2,458.1101257764824,0,1,0
4,stack-pilot-t04-b000,55,13295,252,252,2.347650042612068,642.0047389196924,0.92067835124755,0.7958228376155603,0.2939800516996911,0.3371688020492642,1,19.49788218557876,0,1,0
4,stack-pilot-t04-b000,56,14490,277,277,3.8967355621112594,537.0930299960587,0.8864572764416184,2.4954544183133294,0.15423782484685944,0.36058604250945253,2,0.6776127275006779,1,1,0
4,stack-pilot-t04-b000,57,8432,163,163,2.7671882255388023,472.53457581853326,0.34529160300814005,1.795525967621984,0.29381804288277635,0.3325526120258997,1,0.13270274769085877,2,1,0
4,stack-pilot-t04-b000,58,59033,1203,1203,8.191490941090677,587.1535674908598,1.9362020927788361,5.455082845932441,0.0896559914201589,0.710550010959221,2,688.6063980878896,0,1,0
4,stack-pilot-t04-b000,59,93482,1811,1811,13.083442835402249,714.67321947661,0.20385869926622371,12.296858963935811,0.0,0.5827251722002209,3,586.8188404912813,4,1,0
4,stack-pilot-t04-b000,60,30990,600,600,3.9280776391425207,668.9890207748879,0.044465217993824996,3.7922513605923434,0.0,0.0913610605563379,1,120.40223933759982,0,1,0
4,stack-pilot-t04-b000,61,31860,678,678,3.367604604263694,487.85814569244474,0.6220869705669344,2.739997420916118,0.0,0.005520212780643665,1,316.19920883393024,1,1,0
4,stack-pilot-t04-b000,62,18391,651,651,1.9069111812813158,563.4623726411238,1.8231618633369029,0.0,0.0,0.08374931794441344,1,1.8231618633369027,0,1,0
4,stack-pilot-t04-b000,63,48044,843,843,6.171086253310937,901.1284056621349,3.0864780426128817,3.07604654841919,0.0,0.008561662278850331,4,542.2730551215751,0,1,0
4,stack-pilot-t04-b000,64,66545,1251,1251,7.395637221826132,783.2194601533178,6.8288957889316455,0.2119811408310852,0.29295703181196586,0.061803260251436766,4,254.93814996081008,0,1,0
4,stack-pilot-t04-b000,65,41987,811,811,6.093291504361629,342.88081895667364,0.2695267050951598,5.610093764607765,0.0,0.21367103465869733,1,98.38724995854805,2,1,0
4,stack-pilot-t04-b000,66,2496,54,54,0.6046672574882304,407.5096143778295,0.04961153647983289,0.3701422448989433,0.0,0.18491347610945377,0,0.0,0,1,0
4,stack-pilot-t04-b000,67,589,8,8,0.49248290741901946,339.96643702236395,0.0,0.2789400891698506,0.2134342085209937,0.00010860972817513311,0,0.0,0,1,0
4,stack-pilot-t04-b000,68,101914,1877,1877,44.92358632429133,636.429236705437,0.050391341302125886,16.076919344092342,28.697657498393806,0.09861814050318252,0,0.0,0,1,0
4,stack-pilot-t04-b000,69,104649,2003,2003,11.967745344924776,872.3569668865067,5.3450215353054045,5.55744240452829,1.047266927946211,0.018014477144907053,7,1099.0487874876128,1,1,0
4,stack-pilot-t04-b000,70,76727,1424,1424,9.632836563636479,552.30679927227,5.354234005224105,3.735982068824995,0.1558111518406804,0.3868093377467047,5,160.19412036199853,1,1,0
4,stack-pilot-t04-b000,71,43137,759,759,4.932484744995208,530.7090855409766,0.4449502848785207,3.971403778365631,0.40283538369294547,0.11329529805809327,2,500.94620535063507,0,1,0
4,stack-pilot-t04-b000,72,847,21,21,0.272878156140324,412.10632497859115,0.0,0.12099261286800811,0.08441052132002369,0.06747502195229219,0,0.0,0,1,0
4,stack-pilot-t04-b000,73,121340,2465,2465,35.752093478238116,662.8520736053351,0.13427667588215791,14.983623685409906,20.437260669115354,0.19693244783060956,1,0.12027917278441105,0,1,0
4,stack-pilot-t04-b000,74,27335,501,501,4.438888276841223,540.4710306722529,0.055406661468442836,3.8507600375770172,0.411047816156497,0.12167376163926678,1,162.19120208423988,0,1,0
4,stack-pilot-t04-b000,75,17239,331,331,2.452790578814307,647.5384241339191,0.040847913324144294,1.625038716005216,0.6788498327714478,0.1080541167134992,1,382.83400398503284,0,1,0
4,stack-pilot-t04-b000,76,19155,376,376,4.489452356301998,568.3462585589766,0.11061185098356942,2.925455570915233,1.3318909053779273,0.12149402902526497,1,54.8902511746938,1,1,0
4,stack-pilot-t04-b000,77,61224,1143,1143,8.611684872184913,589.3615788522517,0.8525796612910757,7.371814853142487,0.13658772254711948,0.25070263520421543,2,449.2946610110533,0,1,0
4,stack-pilot-t04-b000,78,437,7,7,0.40598710080731937,490.90896492914504,0.0,0.3974493303641111,0.0,0.008537770443208227,0,0.0,0,1,0
4,stack-pilot-t04-b000,79,6004,124,124,2.326571651037807,688.8571575997041,0.16812678501975087,1.658975398923758,0.3044502635754114,0.1950192035188859,0,0.0,0,1,0
4,stack-pilot-t04-b000,80,55009,1043,1043,7.451573709875729,804.8301584166358,0.34314940735793253,6.860978578008584,0.12349292551152757,0.12395279899767553,2,327.6849715454403,3,1,0
4,stack-pilot-t04-b000,81,43161,766,766,6.23381032655665,739.6813570242927,0.05960597055947493,5.67186878631432,0.42227889290414367,0.08005667677868872,2,481.47546746986666,0,1,0
4,stack-pilot-t04-b000,82,0,0,0,0.0,0.0074262062917114235,0.0,0.0,0.0,0.0,0,0.0,1,0,0
4,stack-pilot-t04-b000,83,37272,710,710,8.533864464871773,460.4074213438004,3.4026674605487583,1.0322567151590647,3.7400468637150226,0.3588934254489187,2,1.754935610647757,0,1,0
4,stack-pilot-t04-b000,84,4839,88,88,2.796071849369921,399.7059508965756,0.0,1.8805655218449147,0.8565764675640821,0.058929859960924445,0,0.0,1,1,0
4,stack-pilot-t04-b000,85,110862,2192,2192,12.270655905564082,834.1850584537808,0.0,8.625707491457797,3.543593181318768,0.10135523278757763,5,636.7981900205145,0,1,0
4,stack-pilot-t04-b000,86,104706,1860,1860,12.068195342617566,616.7985456417233,0.43414952070753765,10.709826728560202,0.6797900363817462,0.24442905696802378,3,977.4155759528337,0,1,0
4,stack-pilot-t04-b000,87,154041,2871,2871,22.58898560638436,743.125796180647,1.181143130136934,21.044500174313022,0.3307871029192029,0.03255519901519991,6,3643.067918676624,0,1,0
4,stack-pilot-t04-b000,88,44923,821,821,5.18333162098982,655.4096014581633,0.0,5.107524562719028,0.0,0.07580705827078194,1,57.346037159501265,0,1,0
4,stack-pilot-t04-b000,89,143972,3467,3467,21.586009445928642,628.1967240642001,0.7026697287567869,19.685493281539657,0.8672315256262664,0.33061491000598625,1,28.581827286825835,3,1,0
4,stack-pilot-t04-b000,90,103515,1897,1897,12.880541683728566,631.9642297235437,0.0,12.620054467213182,0.16247453264440992,0.09801268387098026,2,187.62423782587425,0,1,0
4,stack-pilot-t04-b000,91,114003,2262,2262,14.087792001231303,743.274256789627,1.1941135156646658,10.742308836209247,1.7063325577649398,0.44503709159241256,6,2180.9937674923544,0,1,0
4,stack-pilot-t04-b000,92,30057,597,597,3.9497119010232273,541.0878669080805,0.39222946721429014,3.4631888648432136,0.0,0.09429356896573003,3,2525.5594976962257,0,1,0
4,stack-pilot-t04-b000,93,77065,1402,1402,8.887269270958457,716.6053331936241,0.11422590312119449,7.5650010452093515,1.148547305329794,0.059495017298096475,3,449.2172145676366,0,1,0
4,stack-pilot-t04-b000,94,13971,285,285,2.5538680224016805,733.6441076114122,1.1316802686382765,0.7870661795425349,0.4370295953912837,0.1980919788295856,1,116.3000638545226,0,1,0
4,stack-pilot-t04-b000,95,331022,6688,6688,49.96164893528148,552.6739663573669,0.10545252851471965,46.00973331819609,3.7050815193833135,0.14138156918764544,3,747.3897166986194,1,1,0
4,stack-pilot-t04-b000,96,113446,2238,2238,12.979160122212743,610.2892887873229,0.10767861216879987,8.65966986146815,3.9542848729589406,0.2575267756168555,6,2064.5620638506625,1,1,0
4,stack-pilot-t04-b000,97,52904,965,965,5.902266888971864,639.3635124234175,0.0,3.3071586464645137,2.308132392035853,0.28697585047149476,2,188.53446575660158,0,1,0
4,stack-pilot-t04-b000,98,48050,947,947,5.328935439607948,191.396089868497,0.2707575998935712,1.0620382252786256,3.8364425172675753,0.15969709716816885,2,886.7200350718539,1,1,0
4,stack-pilot-t04-b000,99,30941,631,631,5.240973133417391,756.8437078823049,0.7787929915418488,4.3578391197853295,0.0,0.10434102209021857,2,1552.3895593884768,0,1,0
4,stack-pilot-t04-b001,0,25610,501,501,3.677143098286941,421.93744843909724,2.3550314818881946,1.0330268960312878,0.10954184423098923,0.17954287613647307,2,9.251246813338765,2,1,0
4,stack-pilot-t04-b001,1,79121,1585,1585,9.709736544575934,642.0476815816284,0.11601884818798303,9.334138597151473,0.0,0.2595790992364629,1,79.43903488803666,0,1,0
4,stack-pilot-t04-b001,2,51225,922,922,6.116001728304889,643.0502522092028,0.05598878136561174,6.021972024239336,0.0,0.03804092269993949,5,3874.742696305122,0,1,0
4,stack-pilot-t04-b001,3,75775,1392,1392,9.276903113512434,606.2273584592311,0.014382429902951022,8.902633755633996,0.0,0.35988692797547,2,316.89391676178127,0,1,0
4,stack-pilot-t04-b001,4,30150,591,591,3.782190600155036,647.7936303006405,0.2555366410399515,3.1409497852241692,0.0748244167680241,0.3108797571228935,2,951.4583774245339,0,1,0
4,stack-pilot-t04-b001,5,40457,757,757,4.7655202524052696,733.8996331607797,0.3280241614168637,4.204135718561893,0.0,0.2333603724265074,2,442.6801775223159,0,1,0
4,stack-pilot-t04-b001,6,181434,3602,3602,30.077814916945304,660.1482691321439,0.0,29.786481288645383,0.20754413581016706,0.08378949248979059,3,501.44466919228023,1,1,0
4,stack-pilot-t04-b001,7,81658,1488,1488,8.8988832218084,562.0117955526596,0.5016912891054859,7.806107779796326,0.14804769041256804,0.44303646249401457,4,663.4970665362126,0,1,0
4,stack-pilot-t04-b001,8,67580,1238,1238,6.963599016679666,780.4778758215319,6.952148331234239,0.0,0.0,0.011450685445413757,7,553.2917964714815,0,1,0
4,stack-pilot-t04-b001,9,81325,1478,1478,9.009934275191894,866.899470952642,1.744069897316392,5.5772517675776685,1.6181287792556729,0.07048383104212567,7,1788.0635344036486,0,1,0
4,stack-pilot-t04-b001,10,0,0,0,0.0,0.0,0.0,0.0,0.0,0.0,0,0.0,0,0,0
4,stack-pilot-t04-b001,11,6316,133,133,2.1969643388838382,430.1792428470633,0.1274310345285775,1.4075378879043683,0.3315455274150736,0.33044988903581923,0,0.0,0,1,0
4,stack-pilot-t04-b001,12,10174,198,198,3.9697688726846274,421.3348359211411,0.5511507726489107,2.309156252827165,0.9511581752673479,0.15830367194120565,0,0.0,0,1,0
4,stack-pilot-t04-b001,13,37443,715,715,5.05952004147126,512.8674928492645,0.09788571098081825,4.882952042441584,0.0,0.07868228804886239,1,75.0810109348417,1,1,0
4,stack-pilot-t04-b001,14,3216,51,51,0.6316742034009124,439.4434892019797,0.1794959323999607,0.31343036118391865,0.0,0.13874790981703303,0,0.0,1,1,0
4,stack-pilot-t04-b001,15,0,0,0,0.0,0.05472735747753177,0.0,0.0,0.0,0.0,0,0.0,1,0,0
4,stack-pilot-t04-b001,16,90626,1562,1562,9.754725786175168,897.6986822706681,0.7024578526758557,7.526555796745344,1.5086645245144312,0.01704761223951954,6,1638.6254672029816,0,1,0
4,stack-pilot-t04-b001,17,0,0,0,0.0,0.05213867018755991,0.0,0.0,0.0,0.0,0,0.0,1,0,0
4,stack-pilot-t04-b001,18,3018,65,65,1.9776832454013318,707.7622486226094,0.0,1.9771846363603345,0.0,0.0004986090409972703,0,0.0,0,1,0
4,stack-pilot-t04-b001,19,890,28,28,0.10930485734606969,729.2778119253452,0.10914788031390701,0.0,0.0,0.00015697703216263742,1,0.045463562583572474,0,1,0
4,stack-pilot-t04-b001,20,43079,811,811,4.82661490410093,441.27251096674763,0.31270936318874215,4.493471738616231,0.0,0.020433802295951112,3,1227.347753208223,0,1,0
4,stack-pilot-t04-b001,21,19891,403,403,2.369344877865534,384.7554645137789,1.1718515533338565,0.8443467189070903,0.23413416607581894,0.11901243954877257,2,861.9932185929757,5,1,0
4,stack-pilot-t04-b001,22,43435,867,867,5.538487557203074,528.2843867219598,0.17896301304419548,5.105645736123492,0.08336933108330413,0.1705094769520795,2,418.33104017325246,2,1,0
4,stack-pilot-t04-b001,23,51249,933,933,6.546729429048148,544.3625883939784,0.547699888062135,5.86289203951148,0.12748123910205322,0.008656262372478334,5,4031.4309602307417,2,1,0
4,stack-pilot-t04-b001,24,9575,192,192,0.9902603630935681,397.8849696953015,0.9885673382117138,0.0,0.0,0.0016930248818535292,1,8.97719872895269,0,1,0
4,stack-pilot-t04-b001,25,21780,448,448,3.0542677555612308,485.3503584786061,0.0600141124900804,2.7708258756340802,0.1047360426364321,0.11869172480063818,1,157.99789360281892,0,1,0
4,stack-pilot-t04-b001,26,29816,608,608,3.1841792637640673,721.1718803832355,0.11184583289457264,3.0452199764943675,0.0,0.02711345437512757,3,2245.0580644573292,0,1,0
4,stack-pilot-t04-b001,27,77283,1522,1522,10.292025517693732,715.2825892609229,0.5742471327715195,9.302586291146085,0.0,0.41519209377615884,2,497.1995984684835,0,1,0
4,stack-pilot-t04-b001,28,18760,371,371,1.9621137555605888,340.0059839744203,0.015419706856631993,1.9433860048016742,0.0,0.0033080439022833063,1,306.9087438268594,0,1,0
4,stack-pilot-t04-b001,29,40019,813,813,4.796859428319504,779.6949564931634,3.9545243537028862,0.7124101350319734,0.0,0.1299249395846453,4,38.36077518088965,0,1,0
4,stack-pilot-t04-b001,30,69661,1774,1774,8.034404162257792,644.9971045400927,0.9586771045859422,7.045134610056476,0.0,0.03059244761537614,1,67.79787767055166,0,1,0
4,stack-pilot-t04-b001,31,187411,3591,3591,32.415571727423995,525.5113740462399,1.229762605099578,30.242524993017973,0.7542904464211386,0.18899368288536192,4,468.82836560696154,0,1,0
4,stack-pilot-t04-b001,32,150032,2794,2794,19.694327949372582,648.2569986542488,0.9982300692663238,17.118941707019545,1.5403262156428528,0.036829957443825195,4,413.2257995986749,1,1,0
4,stack-pilot-t04-b001,33,39562,733,733,8.081168304061322,674.0370157682371,0.050426654345868,7.958763293354871,0.0,0.07197835636058368,1,257.0162820020973,0,1,0
4,stack-pilot-t04-b001,34,126008,2908,2908,13.259131067268422,775.9096385482219,0.4112846484827906,12.826405970256463,0.0,0.021440448529157094,9,5664.665303316915,0,1,0
4,stack-pilot-t04-b001,35,135049,2498,2498,29.048834071145933,552.1411423543386,0.4132725804677704,23.965336533297886,4.157364146978556,0.5128608104016572,0,0.0,0,0,0
4,stack-pilot-t04-b001,36,3354,62,62,1.2056419900749962,394.13615311971216,0.0413499112417387,0.970761927730905,0.0,0.19353015110235147,0,0.0,1,1,0
4,stack-pilot-t04-b001,37,2496,49,49,0.45752851090512314,390.1846767290769,0.12606805278300448,0.2108218867800815,0.0,0.12063857134203719,1,0.12606805278300448,0,1,0
4,stack-pilot-t04-b001,38,158168,3075,3075,23.478354151981915,725.93468068136,0.7327377094265802,9.98830464303883,12.542390718326173,0.21492108119036762,3,495.43944972994194,0,1,0
4,stack-pilot-t04-b001,39,3076,56,56,0.7942729935578011,432.82463538512957,0.09071346846431884,0.5107162982966429,0.0,0.1928432267968395,1,0.09071346846431884,1,1,0
4,stack-pilot-t04-b001,40,25328,512,512,2.80508263186319,535.587598338797,0.020194938944762486,2.6895210625110013,0.0,0.0953666304074279,1,160.18595245667032,0,1,0
4,stack-pilot-t04-b001,41,2185,43,43,0.23982461470373256,487.5630501736392,0.18929527115819383,0.0,0.0,0.0505293435455388,0,0.0,1,1,0
4,stack-pilot-t04-b001,42,47101,974,974,5.183141796231243,791.1836071717221,0.0,5.113316793187396,0.0,0.06982500304384438,4,2231.2546179036485,0,1,0
4,stack-pilot-t04-b001,43,48715,1058,1058,15.641408659902433,512.405212440371,0.9559893185524485,3.5396805455291176,11.137474904853637,0.008263890967190574,2,101.51465708079193,0,1,0
4,stack-pilot-t04-b001,44,7667,161,161,3.5947801203569805,428.17717662684356,0.0,2.115617475367003,1.0466876630543993,0.43247498193557804,0,0.0,0,1,0
4,stack-pilot-t04-b001,45,693,14,14,3.8756434315304604,28.800092542478186,0.0,0.0,3.8755240064318737,0.00011942509858642033,0,0.0,0,1,0
4,stack-pilot-t04-b001,46,36532,708,708,7.348407173403454,566.1106263299844,0.04918520271403275,6.923175664339899,0.09606592276031733,0.2799803835892077,1,156.39507289083707,0,1,0
4,stack-pilot-t04-b001,47,30628,550,550,3.719858928353611,811.7410853105849,0.0,3.610631932533455,0.0,0.10922699582015877,3,2022.6491348023728,1,1,0
4,stack-pilot-t04-b001,48,37300,703,703,7.948968304950392,397.63102541766096,0.0,7.758064290323086,0.0,0.19090401462730142,1,191.85362058087102,0,1,0
4,stack-pilot-t04-b001,49,58831,1121,1121,7.86098307915189,630.0377962352604,0.0,7.8419217407545885,0.0,0.019061338397297997,5,2066.324010432537,0,1,0
4,stack-pilot-t04-b001,50,71216,1597,1597,7.721787091441126,834.9000789721213,1.8881359870787697,5.539560368845387,0.2818112390305032,0.012279496486452086,4,1246.8519497810503,0,1,0
4,stack-pilot-t04-b001,51,0,0,0,0.0,0.0,0.0,0.0,0.0,0.0,0,0.0,0,0,0
4,stack-pilot-t04-b001,52,0,0,0,0.0,0.03841401569661684,0.0,0.0,0.0,0.0,0,0.0,1,0,0
4,stack-pilot-t04-b001,53,0,0,0,0.0,0.17933912097214488,0.0,0.0,0.0,0.0,0,0.0,1,0,0
4,stack-pilot-t04-b001,54,51126,947,947,6.797027922860314,539.903612843554,1.0747235066361316,5.391153064017006,0.08180785817967262,0.2493434940274893,3,423.11876385808665,1,1,0
4,stack-pilot-t04-b001,55,620,11,11,0.2253435060457124,198.39789270367373,0.03714538388947032,0.16945818924807554,0.0,0.01873993290816654,0,0.0,1,1,0
4,stack-pilot-t04-b001,56,45538,917,917,5.057780474398922,564.9465323631946,0.7599115907754402,4.290090689083017,0.0,0.007778194540462454,1,107.50651215986365,0,1,0
4,stack-pilot-t04-b001,57,20075,366,366,3.03894039267799,501.51947947369035,0.0,2.354342606505093,0.3587688108182192,0.3258289753546746,1,276.21494685690965,0,1,0
4,stack-pilot-t04-b001,58,15312,284,284,1.829721071829637,125.32763615647556,1.3558446132413895,0.24698410828113992,0.0,0.22689235030710492,1,0.6892002487589148,1,1,0
4,stack-pilot-t04-b001,59,1975,34,34,1.046982918503212,89.64063573015308,0.0,1.0119574334410117,0.0,0.03502548506219952,0,0.0,0,1,0
4,stack-pilot-t04-b001,60,28332,666,666,3.4472551858519362,786.0219792503942,0.0,3.375733041795021,0.0,0.07152214405691829,2,674.329466252595,0,1,0
4,stack-pilot-t04-b001,61,18571,391,391,7.003082538746682,555.3332668480475,0.11186600972687735,4.80246297694821,1.9075314705314668,0.18122208154011493,1,562.5003708128052,0,1,0
4,stack-pilot-t04-b001,62,69373,1504,1504,12.272420484001572,379.8685065394054,1.1109460977654513,10.938319312964802,0.0,0.22315507327131384,1,1.1109460977654515,0,1,0
4,stack-pilot-t04-b001,63,52104,980,980,6.30335990523005,522.3526060260847,0.041602693572895894,3.2155139954319036,2.7504525758046663,0.29579064042058295,4,759.4032747857517,0,1,0
4,stack-pilot-t04-b001,64,0,0,0,0.0,0.10061623968795175,0.0,0.0,0.0,0.0,0,0.0,1,0,0
4,stack-pilot-t04-b001,65,60428,1078,1078,7.088627485990533,626.5106966360814,0.4725701592498117,6.474858577475904,0.0,0.14119874926480527,4,1049.575608433293,1,1,0
4,stack-pilot-t04-b001,66,190,2,2,0.02552108590130819,8.969287782699888,0.025468470049819777,0.0,0.0,5.261585148841869e-05,0,0.0,1,1,0
4,stack-pilot-t04-b001,67,68103,1285,1285,7.037241126497157,744.1025266123324,1.2354428519207543,5.789951483895681,0.0,0.011846790680711119,5,1692.9718056721074,1,1,0
4,stack-pilot-t04-b001,68,5396,80,80,0.8366386398030787,757.089381453134,0.02387400056256985,0.7033790701484213,0.0,0.10938556909208769,1,254.59472634279098,0,1,0
4,stack-pilot-t04-b001,69,0,0,0,0.0,0.2647387748584151,0.0,0.0,0.0,0.0,0,0.0,2,0,0
4,stack-pilot-t04-b001,70,147971,2768,2768,18.75130902618391,661.8538410796932,2.5667673208129407,16.097585427617236,0.0,0.08695627775377182,4,276.5786541914915,1,1,0
4,stack-pilot-t04-b001,71,46972,922,922,5.0636607056726,675.2774636597605,0.0,4.986072696346621,0.0,0.07758800932600084,2,311.16786393955323,0,1,0
4,stack-pilot-t04-b001,72,226815,4128,4128,26.924189057061653,864.7055907997274,3.2390741106351286,23.390767141527633,0.12487457980205363,0.16947322509666193,7,849.2380769191484,1,1,0
4,stack-pilot-t04-b001,73,69555,1421,1421,7.205185263856668,730.6097950195212,7.025994537500264,0.0,0.0,0.17919072635642905,6,248.8656750970502,0,1,0
4,stack-pilot-t04-b001,74,8930,162,162,3.6958277576081384,522.6837843703693,0.0,3.384118222843427,0.07783082369314798,0.23387871107156552,0,0.0,0,1,0
4,stack-pilot-t04-b001,75,51506,951,951,8.957079634183946,584.186767934245,0.5952191341830082,8.032947663050187,0.12598130075639347,0.2029315361943746,4,3220.1641725209456,0,1,0
4,stack-pilot-t04-b001,76,31567,643,643,4.810047594074872,335.9200931575279,0.5786003554195872,4.226013915919395,0.0,0.0054333227358831435,2,1094.0222446756034,0,1,0
4,stack-pilot-t04-b001,77,29958,557,557,4.362486266103785,436.76911030091605,0.0,4.326098891911011,0.0,0.03638737419277037,1,151.29497555188482,0,1,0
4,stack-pilot-t04-b001,78,312,3,3,0.03639034322956469,413.946708537143,0.0,0.0,0.0,0.03639034322956469,0,0.0,0,1,0
4,stack-pilot-t04-b001,79,66286,1269,1269,7.68236672606114,637.7465466666662,0.1459273424691369,4.582277629474246,2.6570492345692687,0.2971125195484844,4,495.104035186642,0,1,0
4,stack-pilot-t04-b001,80,233748,4448,4448,28.91392173119742,693.1387165375097,1.3524864620179557,24.041701199411094,3.3164247778822338,0.20330929188609437,4,405.7270634592686,0,1,0
4,stack-pilot-t04-b001,81,60418,1326,1326,11.376806093701806,514.535013187472,5.606996710267097,3.1094217425709303,2.6064837828489544,0.05390385801483652,4,139.91609590989557,2,1,0
4,stack-pilot-t04-b001,82,18578,369,369,1.9003477791787633,97.07263980138922,0.0,1.8970726097412,0.0,0.0032751694375639834,2,1789.084525350393,3,1,0
4,stack-pilot-t04-b001,83,28428,547,547,3.1388567565070717,615.8896407947357,0.031380629006282953,2.96583459202463,0.0,0.14164153547615838,1,156.69129406433171,0,1,0
4,stack-pilot-t04-b001,84,0,0,0,0.0,0.14067400837666355,0.0,0.0,0.0,0.0,0,0.0,1,0,0
4,stack-pilot-t04-b001,85,90262,1686,1686,10.123618357151656,863.6729542362624,9.137487192930397,0.2891404712828489,0.44542213350324616,0.2515685594351522,7,188.43374729975613,0,1,0
4,stack-pilot-t04-b001,86,47628,922,922,5.91804199390008,765.4885503059629,0.7019738410606122,5.146761416589538,0.0,0.06930673624994134,3,581.8635784870651,0,1,0
4,stack-pilot-t04-b001,87,45053,818,818,5.891387968086325,731.2990662348199,0.0,5.351204486569258,0.3166181305708095,0.22356535094626062,3,1673.6144382913835,1,1,0
4,stack-pilot-t04-b001,88,37831,656,656,5.772887360526605,501.0005134681957,0.4415751735306282,4.917211972112941,0.17974605767813046,0.23435415720491054,1,166.86762306777723,1,1,0
4,stack-pilot-t04-b001,89,4169,82,82,0.44343853092922825,626.3483264058226,0.34554554218941713,0.0,0.0,0.09789298873981112,0,0.0,0,1,0
4,stack-pilot-t04-b001,90,73216,1340,1340,7.9284543484193675,328.57641803769843,1.363800998005903,0.2814218456173876,6.20818787604589,0.0750436287501518,1,42.22771750155459,1,1,0
4,stack-pilot-t04-b001,91,870,10,10,0.18714344827939045,630.7189690125645,0.0,0.10518868644385293,0.0,0.0819547618355375,0,0.0,0,1,0
4,stack-pilot-t04-b001,92,32819,682,682,3.4789618512120715,390.9318580730391,0.7182294107075535,2.7550164705716758,0.0,0.005715969932844864,1,158.82167609787064,0,1,0
4,stack-pilot-t04-b001,93,9,0,0,0.0010359853331465274,87.55252945160652,0.0,0.0,0.0,0.0010359853331465274,0,0.0,1,1,0
4,stack-pilot-t04-b001,94,20823,370,370,2.5341744300529934,781.183816898305,0.0,2.403000600398377,0.10234320540621411,0.028830624248403172,2,1375.0599927430308,0,1,0
4,stack-pilot-t04-b001,95,18736,359,359,4.173032404700377,642.2998847835352,1.071199010656836,3.069370110737623,0.0,0.03246328330592507,1,28.93513178228556,0,1,0
4,stack-pilot-t04-b001,96,1744,26,26,1.242838007922615,33.98849655268347,0.0,1.216526529456246,0.0,0.026311478466369546,0,0.0,0,1,0
4,stack-pilot-t04-b001,97,30156,560,560,4.040049871352066,307.67213056290257,0.21175639590415393,3.502924371049683,0.0,0.3253691043982237,1,142.1837028384723,0,1,0
4,stack-pilot-t04-b001,98,91119,1701,1701,12.880930863326654,402.4293678530899,0.3539061791410516,12.400350370822368,0.07368130760187341,0.05299300576132057,1,32.429816538619136,3,1,0
4,stack-pilot-t04-b001,99,2271,46,46,1.4579945905980984,664.971691247634,0.04767825958087407,1.3838910576463377,0.0,0.02642527337088753,0,0.0,0,1,0
4,stack-pilot-t04-b002,0,53249,965,965,5.714018178367161,834.2962649746247,0.43831198458365933,5.234511816544014,0.0,0.04119437723948548,5,2645.99298690836,0,1,0
4,stack-pilot-t04-b002,1,21758,406,406,2.6144894483582255,641.9779407888768,0.016456726778697986,2.422021257090483,0.10978138140126248,0.06623008308777809,2,1739.9858475926783,1,1,0
4,stack-pilot-t04-b002,2,19060,349,349,2.447069700745605,569.1363456172207,0.0,1.5027292593243953,0.9408937328802265,0.0034467085409833494,2,1000.9806884781248,0,1,0
4,stack-pilot-t04-b002,3,38953,760,760,4.4929031525057495,251.33167113913117,0.05665838741192508,4.242764025685264,0.0,0.1934807394085427,1,70.57906115136436,0,1,0
4,stack-pilot-t04-b002,4,58958,1237,1237,7.688549201962928,520.2016419715394,0.13977929942007153,7.200491600585074,0.18777590091545449,0.1605024010423211,1,105.261349669211,0,1,0
4,stack-pilot-t04-b002,5,0,0,0,0.0,0.0,0.0,0.0,0.0,0.0,0,0.0,0,0,0
4,stack-pilot-t04-b002,6,60786,1065,1065,24.174166298664076,290.9462706258276,0.05513303589616367,9.419268152639233,14.67082870395452,0.0289364061742033,0,0.0,1,1,0
4,stack-pilot-t04-b002,7,2347,61,61,0.7299678680849984,406.01305565581504,0.047532936137618845,0.5354992345420442,0.0,0.1469356974053353,0,0.0,0,1,0
4,stack-pilot-t04-b002,8,92864,1811,1811,12.073411257601911,551.3497678837705,0.07518118233680915,11.59722059339316,0.0,0.4010094818719616,1,54.81518973882777,0,1,0
4,stack-pilot-t04-b002,9,49999,923,923,5.472340416207696,604.6725902990238,3.472016173761924,1.6821803720586697,0.16563790841428272,0.15250596197282912,4,318.3794071722367,3,1,0
4,stack-pilot-t04-b002,10,101087,1824,1824,12.66208975816174,495.45984512491145,0.0,12.531097700930804,0.0,0.13099205723094992,2,283.9249519238001,1,1,0
4,stack-pilot-t04-b002,11,140570,2821,2821,15.809261979264353,735.0382549267146,3.36604377265754,12.206050642313524,0.0,0.2371675642933174,5,1702.2942833125646,0,1,0
4,stack-pilot-t04-b002,12,142568,2605,2605,16.03996174663262,755.969672977889,0.0,15.841786442296888,0.0816888277677208,0.11648647656799246,4,725.6761604000385,2,1,0
4,stack-pilot-t04-b002,13,13827,240,240,10.852183285069485,609.5853117375225,0.017037004550302992,2.724793635766673,7.443816027339324,0.6665366174132041,0,0.0,0,1,0
4,stack-pilot-t04-b002,14,124264,2171,2171,22.58352599160523,636.4786871717469,0.12514027008481218,18.884857438804886,3.0989774063806124,0.4745508763349637,3,591.5203719593381,1,1,0
4,stack-pilot-t04-b002,15,5234,93,93,2.663197996898703,273.1665250084423,0.004486328303940994,2.623724374046901,0.0,0.03498729454786204,0,0.0,1,1,0
4,stack-pilot-t04-b002,16,32788,698,698,4.6595849132531235,536.8980738552814,0.0,4.309051231064852,0.0,0.3505336821882705,2,925.9534900357809,0,1,0
4,stack-pilot-t04-b002,17,10296,190,190,2.346301825083236,607.0243071811691,0.6260994574620908,0.9939412405558414,0.405459547301378,0.3208015797639248,0,0.0,1,1,0
4,stack-pilot-t04-b002,18,62888,1173,1173,6.514182660305932,942.2182324912401,3.3807514931075464,3.1229078999228923,0.0,0.01052326727549365,6,822.4388214217805,0,1,0
4,stack-pilot-t04-b002,19,37600,652,652,3.932493781111651,742.8336556602966,0.543558758087998,3.3824043191919193,0.0,0.006530703831735598,2,615.0323792357258,0,1,0
4,stack-pilot-t04-b002,20,0,0,0,0.0,1.5865858496769936,0.0,0.0,0.0,0.0,0,0.0,2,1,0
4,stack-pilot-t04-b002,21,36417,655,655,9.14303106409918,286.1548888043649,2.4583111719974116,1.247842758941775,5.4304823312723585,0.006394801887653364,0,0.0,2,0,0
4,stack-pilot-t04-b002,22,300,4,4,0.28600691958764224,278.9060785810893,0.0,0.0,0.28594803048329454,5.8889104347652736e-05,0,0.0,0,1,0
4,stack-pilot-t04-b002,23,43276,796,796,5.195873792875194,571.1357911099783,0.11535854881310148,4.537851800056028,0.4137784144113539,0.1288850295947066,2,324.5853115577645,0,1,0
4,stack-pilot-t04-b002,24,32505,612,612,3.402673410570452,619.2986335673077,1.2973264167041705,0.08872410080903137,1.9066242151370085,0.10999867792024069,3,929.7430396202446,2,1,0
4,stack-pilot-t04-b002,25,162687,3104,3104,19.889003754138685,730.3335101160123,0.3593903043498672,17.83017348807238,1.5974437281875953,0.10199623352877188,4,414.110703199256,0,1,0
4,stack-pilot-t04-b002,26,22744,464,464,4.646370793855865,741.6510161132578,0.08644870343878668,3.844645030862372,0.5916917342365196,0.12358532531818672,1,550.7561649979486,1,1,0
4,stack-pilot-t04-b002,27,74714,1410,1410,7.997444835293166,729.3906875966544,0.30779916410956115,7.667313164033127,0.0,0.022332507150484474,5,1574.623846099922,4,1,0
4,stack-pilot-t04-b002,28,15229,260,260,2.2989566931867613,639.5902087363896,1.2886244890272764,0.6135266558236481,0.1670804362202034,0.2297251121156349,1,1.6545858569362841,2,1,0
4,stack-pilot-t04-b002,29,47480,877,877,7.068088408386415,675.6954121614364,0.7980170915080979,5.798250393205931,0.3983999161118845,0.07342100756050778,2,487.36004499600915,1,1,0
4,stack-pilot-t04-b002,30,31911,575,575,4.687501957230735,695.501008553743,0.2939552487477862,3.8945124214266134,0.3773058299175318,0.12172845713881694,1,229.71551936721713,0,1,0
4,stack-pilot-t04-b002,31,0,0,0,0.0,0.15035041783266934,0.0,0.0,0.0,0.0,0,0.0,2,0,0
4,stack-pilot-t04-b002,32,6671,137,137,1.7245120637104256,432.75817571452666,0.5111619926826925,0.5245860434201859,0.568389176878805,0.12037485072874178,0,0.0,0,1,0
4,stack-pilot-t04-b002,33,348,5,5,0.04058286467229511,19.662773245417643,0.04052826809095439,0.0,0.0,5.459658134072057e-05,0,0.0,1,1,0
4,stack-pilot-t04-b002,34,336,12,12,0.0355164170747949,274.3180425053607,0.0,0.0,0.0,0.0355164170747949,0,0.0,0,1,0
4,stack-pilot-t04-b002,35,63576,1166,1166,6.9324289789466205,831.4747381720463,0.9803252057077263,5.854030856436494,0.0,0.09807291680241213,3,551.2280366480117,0,1,0
4,stack-pilot-t04-b002,36,178,5,5,0.020523430741012424,379.68054528837445,0.0,0.0,0.0,0.020523430741012424,0,0.0,1,1,0
4,stack-pilot-t04-b002,37,0,0,0,0.0,10.720961148797477,0.0,0.0,0.0,0.0,0,0.0,0,1,0
4,stack-pilot-t04-b002,38,76684,1584,1584,9.30034980008027,460.60620805114434,0.42937307867265256,8.650545400282395,0.0,0.22043132112524783,3,251.16102350036286,2,1,0
4,stack-pilot-t04-b002,39,67762,1321,1321,7.76879293669679,528.0999387267532,2.3647657102889075,5.267040166133572,0.0,0.13698706027431456,3,89.54585860459395,0,1,0
4,stack-pilot-t04-b002,40,70305,1269,1269,7.88524262004891,666.8810935408688,1.012131736006277,6.801189684357732,0.0,0.07192119968491159,2,289.5371000217412,0,1,0
4,stack-pilot-t04-b002,41,47048,867,867,4.97979455785289,779.1333700617687,0.0,3.1460905978422655,1.821194331860562,0.01250962815005136,3,1099.2512680762766,0,1,0
4,stack-pilot-t04-b002,42,100371,1920,1920,11.654786644067652,564.6044338448813,0.07460115911094706,11.453103659814344,0.0,0.12708182514235142,4,1913.7340454714645,0,1,0
4,stack-pilot-t04-b002,43,71696,1404,1404,8.631837066343714,727.9674281182308,1.612581933730694,4.899050125062919,1.935227161996374,0.18497784555373842,3,323.5316589776739,1,1,0
4,stack-pilot-t04-b002,44,0,0,0,0.0,0.0,0.0,0.0,0.0,0.0,0,0.0,0,0,0
4,stack-pilot-t04-b002,45,18514,354,354,2.0059281170921186,667.8190007700306,0.0,0.0,1.9132347272897308,0.09269338980238843,2,530.5415322948627,1,1,0
4,stack-pilot-t04-b002,46,10989,204,204,1.4365041679356476,806.6984676347965,0.871194399639276,0.0,0.29409188335094427,0.27121788494542776,1,11.28865050089861,0,1,0
4,stack-pilot-t04-b002,47,3645,65,65,1.5325340673596404,517.8681021379028,0.0,0.4550496572716156,0.793818783486131,0.2836656266018942,0,0.0,0,1,0
4,stack-pilot-t04-b002,48,0,0,0,0.0,242.096832274575,0.0,0.0,0.0,0.0,0,0.0,0,1,0
4,stack-pilot-t04-b002,49,136235,2703,2703,19.845445504952426,791.1196579682604,1.7050451652294083,14.398155025732002,3.5006909231025665,0.24155439088844122,4,1111.1607191761982,1,0,0
4,stack-pilot-t04-b002,50,3270,60,60,1.6355958257106173,392.4613398794678,0.0,1.3131904526284188,0.20283150099749037,0.11957387208470929,0,0.0,0,1,0
4,stack-pilot-t04-b002,51,0,0,0,0.0,0.0041707050986588,0.0,0.0,0.0,0.0,0,0.0,1,0,0
4,stack-pilot-t04-b002,52,120269,2305,2305,17.690271704491114,546.0112631007122,1.032031741349889,15.769126333281337,0.6972515479719732,0.1918620818878917,3,368.39890334403134,0,1,0
4,stack-pilot-t04-b002,53,62854,1164,1164,7.273371998994712,534.2942983002453,6.331197980197565,0.931217843899617,0.0,0.010956174897519565,6,193.87492207542752,0,1,0
4,stack-pilot-t04-b002,54,56475,1040,1040,6.103019394008903,102.34387877775812,0.0,5.194395877480625,0.898839800281882,0.0097837162464003,2,483.29629850897106,3,1,0
4,stack-pilot-t04-b002,55,0,0,0,0.0,0.1291107116776402,0.0,0.0,0.0,0.0,0,0.0,1,0,0
4,stack-pilot-t04-b002,56,28871,555,555,3.696296715566705,681.3562901233755,0.0,3.686522418272599,0.0,0.00977429729410904,1,112.79653207073885,0,1,0
4,stack-pilot-t04-b002,57,41151,804,804,4.427433046053079,666.8942181358227,1.177186025495731,3.230936788028345,0.0,0.019310232529002467,2,108.78149501161357,0,1,0
4,stack-pilot-t04-b002,58,6327,131,131,2.6424998593158775,350.5243784052521,0.031235487901379838,2.028542094012596,0.3298539779170824,0.25286829948481904,1,770.1944689318925,0,1,0
4,stack-pilot-t04-b002,59,136941,2563,2563,15.886566815688482,746.950204936907,1.1586504169758325,11.46078354567577,3.1002577373205185,0.1668751157163303,4,474.319493176626,1,1,0
4,stack-pilot-t04-b002,60,60540,1350,1350,32.21458376381558,333.7200070334802,0.016364080631956553,11.534724020022395,20.03278698407378,0.6307086790874662,0,0.0,1,1,0
4,stack-pilot-t04-b002,61,220658,3146,3146,33.37027480498724,573.2246614016536,0.0,33.04297730541514,0.0,0.3272974995720675,1,33.04297730541514,0,1,0
4,stack-pilot-t04-b002,62,58333,1070,1070,7.5287805554986145,694.7584346677919,0.435863511584162,6.142744150140465,0.7399035739053943,0.21026931986858446,3,1218.8364872612406,0,1,0
4,stack-pilot-t04-b002,63,12591,262,262,4.395841551831485,652.1208440410271,0.02167959504100256,4.2553678285054275,0.0,0.11879412828505663,0,0.0,0,1,0
4,stack-pilot-t04-b002,64,37864,724,724,6.606729756661704,775.0580766848312,0.2263513218357947,3.1183163362327377,3.082200189871708,0.17986190872146346,4,1471.5866965450432,0,1,0
4,stack-pilot-t04-b002,65,73696,1272,1272,8.343315670493393,360.702332900038,7.502779554207424,0.20414562958035276,0.530762610984622,0.10562787572099622,6,137.76366576305517,1,1,0
4,stack-pilot-t04-b002,66,29135,539,539,3.7480830038249966,657.4848478126561,0.21758378227684594,3.279890311453593,0.07669419880949135,0.17391471128506578,1,145.48638813471712,1,1,0
4,stack-pilot-t04-b002,67,49503,871,871,6.20891065789132,871.3332806536116,1.4327806728847865,4.363595262599661,0.19537388342905615,0.21716083897780425,3,645.1536811696407,0,1,0
4,stack-pilot-t04-b002,68,94005,1764,1764,13.859713510723134,607.5751827261324,0.0,12.024095508392257,1.811318537934298,0.024299464396543874,3,597.5743801822614,0,1,0
4,stack-pilot-t04-b002,69,71440,1288,1288,7.849804985160308,595.2099351891927,0.3402786417911833,7.136781678427015,0.3601659090161313,0.012578755925975182,2,730.4044725881461,1,1,0
4,stack-pilot-t04-b002,70,32706,607,607,4.449863550503438,667.074014109765,0.08148111349111263,3.5155123248729847,0.8472676811215933,0.005602431017739766,1,258.85787158514523,1,1,0
4,stack-pilot-t04-b002,71,61523,1151,1151,9.85828658391791,753.5463185618664,0.28524129349205607,9.562578932572315,0.0,0.010466357853552185,0,0.0,0,1,0
4,stack-pilot-t04-b002,72,3575,79,79,0.9171628180011281,295.73015818406617,0.17734022345622263,0.5291062116424428,0.07974238049246196,0.13097400241000073,0,0.0,0,1,0
4,stack-pilot-t04-b002,73,14636,293,293,2.5296150700585356,664.0732530864824,0.3691539249772113,1.133876810234483,0.8803357613525589,0.14624857349428522,1,417.5936312716737,2,1,0
4,stack-pilot-t04-b002,74,87289,1776,1776,9.925278053671542,701.1016058708323,0.9278894203429158,8.926256565793398,0.0,0.07113206753523615,6,2436.6185064331144,0,1,0
4,stack-pilot-t04-b002,75,45716,815,815,5.306432368262201,515.5473902134171,2.4567199733999674,2.6881033299270376,0.0,0.16160906493521765,3,308.96920456323767,0,1,0
4,stack-pilot-t04-b002,76,143383,2682,2682,18.888816922417686,584.3979210024429,0.06399630095677054,16.988713261845238,1.6726792506610129,0.16342810895476148,5,1038.4144661202076,0,1,0
4,stack-pilot-t04-b002,77,10792,210,210,5.395232679946981,579.1886838180488,0.09504061102639197,4.855259067364655,0.3341822339359179,0.11075076762001607,1,2.285971063597727,1,1,0
4,stack-pilot-t04-b002,78,21501,400,400,10.402811220158512,516.3377427224303,0.0,2.3836215100912166,7.9906293413206715,0.02856036874662464,0,0.0,0,1,0
4,stack-pilot-t04-b002,79,90119,1772,1772,10.820472182335775,728.0445822203498,0.0,10.658991618670838,0.0,0.16148056366489968,4,864.8889112224349,0,1,0
4,stack-pilot-t04-b002,80,21882,500,500,2.359970004731133,775.7397023456735,0.4465998494479423,0.0,1.7093828032925464,0.20398735199064683,2,836.3714226371812,2,1,0
4,stack-pilot-t04-b002,81,24957,504,504,3.2201449571612395,537.3291032982439,2.341006019859863,0.5555012462281184,0.08850119332237227,0.23513649775088966,2,60.0563301557072,0,1,0
4,stack-pilot-t04-b002,82,56373,1039,1039,12.828325541685526,443.7261743969578,1.423040385812868,10.184628794123151,1.0946792343935492,0.1259771273559605,1,8.257897942105426,0,0,0
4,stack-pilot-t04-b002,83,131894,2605,2605,16.442652720418774,707.3072811134228,0.8279475415164039,15.501471926275771,0.0,0.11323325262659155,3,201.3581953325386,0,1,0
4,stack-pilot-t04-b002,84,91846,1826,1826,11.624282670737157,667.2777020557814,0.0,10.603754774454732,0.874300444931925,0.14622745135050902,3,474.9518249961229,1,1,0
4,stack-pilot-t04-b002,85,323601,5706,5706,76.03374525198888,629.4858035991315,0.8689574193782943,28.581381850089148,46.28840635009801,0.294999632422713,1,331.3300019716135,1,1,0
4,stack-pilot-t04-b002,86,55120,1079,1079,6.492368485528594,741.7352314366889,5.664757584899901,0.8180046491761459,0.0,0.009606251452529722,8,139.75168264123576,0,1,0
4,stack-pilot-t04-b002,87,212369,4276,4276,30.26607649682337,530.837207423871,0.4721831065688409,4.210593931479876,25.31845697771432,0.2648424810602831,2,350.38000911139153,1,1,0
4,stack-pilot-t04-b002,88,0,0,0,0.0,0.09349630793440156,0.0,0.0,0.0,0.0,0,0.0,1,0,0
4,stack-pilot-t04-b002,89,5731,99,99,2.1012831606960973,349.6436871800931,0.14340101346811276,1.5941580910118773,0.08199118520133197,0.28173287101477534,0,0.0,0,1,0
4,stack-pilot-t04-b002,90,69783,1309,1309,9.611183387931517,836.0416413159472,2.3891711201382617,6.951775266978689,0.0,0.27023700081456836,4,738.813657660824,0,1,0
4,stack-pilot-t04-b002,91,36574,684,684,4.295499466604664,651.2078809745557,0.8913440338288618,3.088488941728838,0.10562092523105093,0.21004556581590733,3,734.6677769197508,0,1,0
4,stack-pilot-t04-b002,92,43423,878,878,5.022090392204208,691.1042670735193,0.170775794711702,4.716898645765045,0.07443966867867857,0.05997628304878116,3,506.19177235969465,0,1,0
4,stack-pilot-t04-b002,93,2558,43,43,1.2946639973954743,484.4421668330184,0.027971064219827837,1.195467310308004,0.0,0.0712256228676421,0,0.0,0,1,0
4,stack-pilot-t04-b002,94,63454,1201,1201,6.5737127806224365,577.9778734896297,2.2415400772291516,4.244445880579551,0.0,0.08772682281371377,7,3567.385093592702,0,1,0
4,stack-pilot-t04-b002,95,59557,1171,1171,6.435496702132166,567.6702452381377,6.099227162131013,0.20931022417494205,0.10426059957717371,0.022698716249033947,5,58.29059545226731,0,1,0
4,stack-pilot-t04-b002,96,42057,816,816,7.1075839093408195,547.051212640162,0.08601735762088891,6.824867235590522,0.0,0.1966993161294019,1,120.72562303346199,0,1,0
4,stack-pilot-t04-b002,97,10985,211,211,15.61130612809497,461.6920832658324,0.0,0.0,15.605751547124987,0.0055545809699850575,0,0.0,0,0,0
4,stack-pilot-t04-b002,98,21910,428,428,2.252858795014128,493.3486259316866,0.0,0.0,2.249126032256821,0.003732762757304739,3,939.9811406702861,0,1,0
4,stack-pilot-t04-b002,99,0,0,0,0.0,0.14424232746387133,0.0,0.0,0.0,0.0,0,0.0,2,0,0
4,stack-pilot-t04-b003,0,86478,1663,1663,12.014092698048387,683.7486310884896,2.4683986931725,9.530859291320006,0.0,0.014834713555852409,5,315.4462280686839,0,1,0
4,stack-pilot-t04-b003,1,106420,1955,1955,11.303165210192853,891.2779375090223,5.869554495763108,5.33590226875331,0.0,0.09770844567643261,6,674.5934818182335,1,1,0
4,stack-pilot-t04-b003,2,25107,452,452,3.4421428544607995,665.2065993397993,0.0,3.4138734068062524,0.0,0.028269447654546413,2,1120.4850897317622,0,1,0
4,stack-pilot-t04-b003,3,99270,1799,1799,11.09317202820933,554.3420030837012,6.680014373189987,3.717359411093018,0.5953544701969804,0.10044377372932858,8,525.7874031924998,1,1,0
4,stack-pilot-t04-b003,4,13446,212,212,3.780405343639737,478.5454251359732,0.7525738006811001,2.762378593036715,0.0,0.26545294992192187,0,0.0,0,1,0
4,stack-pilot-t04-b003,5,94921,1904,1904,23.528561633513455,419.9307858856325,2.3078615528347686,10.00741949485348,11.002009800764334,0.21127078506093425,1,18.28088569887453,0,1,0
4,stack-pilot-t04-b003,6,42321,801,801,10.754401950505038,466.48277787541997,0.31827702196200297,8.73922483703414,1.4847039622877716,0.21219612922113312,2,46.51252812907685,2,1,0
4,stack-pilot-t04-b003,7,10472,231,231,2.4121897270458437,444.754263023228,0.8680544896901066,0.7597107045154416,0.7016091028606439,0.08281542997965094,1,3.30342689702631,1,1,0
4,stack-pilot-t04-b003,8,31373,625,625,10.06242367919302,714.6313650788276,0.0,9.651356942625284,0.08819007457714179,0.32287666199057824,0,0.0,0,1,0
4,stack-pilot-t04-b003,9,90103,1905,1905,10.284157938410123,873.2541142697618,0.0,10.237503199785056,0.0,0.04665473862510304,5,1476.9090553442772,0,1,0
4,stack-pilot-t04-b003,10,61004,1107,1107,6.897287700520739,755.3038840251565,0.0,6.824802876398754,0.0,0.07248482412200184,5,2280.2092257836534,1,1,0
4,stack-pilot-t04-b003,11,42104,850,850,8.612614318807337,478.38432208574534,0.0,8.55031694782232,0.0,0.06229737098500662,1,345.31841829344415,0,1,0
4,stack-pilot-t04-b003,12,12862,228,228,4.995366208135948,489.04494318979994,0.08890722851523197,4.27009266178834,0.0,0.6363663178323735,0,0.0,1,1,0
4,stack-pilot-t04-b003,13,17956,337,337,3.1706611077578035,519.381279242908,0.11234990962491948,2.696984683580295,0.0,0.36132651455258863,1,358.47075843490035,0,1,0
4,stack-pilot-t04-b003,14,44263,891,891,5.656871862071422,609.1945883276537,2.194061296449968,3.021665958917969,0.34097401756298495,0.10017058914049665,3,232.9173051156289,0,1,0
4,stack-pilot-t04-b003,15,120356,2364,2364,39.32988224147841,355.84166374882017,0.4994680814554475,21.360297680579688,17.379348355049004,0.09076812439414247,0,0.0,0,1,0
4,stack-pilot-t04-b003,16,526,9,9,0.0638996987166046,799.5698741683233,0.06378045263678059,0.0,0.0,0.0001192460798240188,0,0.0,0,1,0
4,stack-pilot-t04-b003,17,8381,146,146,0.8516202376953943,1.5488925921800591,0.8500322101952487,0.0,0.0,0.001588027500145812,0,0.0,0,1,0
4,stack-pilot-t04-b003,18,4723,93,93,2.0524132390716807,637.8880565784408,0.03347256310646776,1.7815859570393968,0.0,0.2373547189258165,0,0.0,1,1,0
4,stack-pilot-t04-b003,19,5684,107,107,3.1130736021517924,332.55520539239586,0.5022333613556363,0.0,2.6098480260952783,0.0009922147008736189,1,0.4272868637224273,0,0,0
4,stack-pilot-t04-b003,20,72689,1319,1319,24.434814507715753,641.0084235815791,0.0020145339831825495,3.914524157903127,20.196622760838284,0.32165305499111885,2,219.2261176323655,1,1,0
4,stack-pilot-t04-b003,21,48284,890,890,5.862377613153013,761.6936197844595,0.0,5.15035254446628,0.5903557865894982,0.1216692820972263,4,2410.664793236562,0,1,0
4,stack-pilot-t04-b003,22,74069,1413,1413,13.04209470854254,605.4884851907094,4.092857322887498,8.481994109833028,0.19774068295191682,0.26950259287012845,3,313.2067640833382,0,1,0
4,stack-pilot-t04-b003,23,2200,36,36,0.6608849142027007,352.0173058340792,0.0,0.4893803440602369,0.0,0.1715045701424639,0,0.0,0,1,0
4,stack-pilot-t04-b003,24,29930,543,543,4.389741333327486,774.2789981511235,0.0,4.243160544720463,0.0,0.14658078860702026,3,2437.691553623613,0,1,0
4,stack-pilot-t04-b003,25,1322,34,34,0.839727512226778,528.6759737466135,0.05783329970541895,0.7809588909231024,0.0,0.0009353215982566797,0,0.0,0,1,0
4,stack-pilot-t04-b003,26,32339,647,647,3.4395717387417375,411.113014056371,0.12410756761815976,3.3094810821534906,0.0,0.005983088970089729,1,223.04422668764275,4,1,0
4,stack-pilot-t04-b003,27,39648,742,742,6.152088654274886,618.9978712546875,0.8393668595044312,5.116418440102612,0.0,0.19630335466785626,2,149.8871396696979,1,1,0
4,stack-pilot-t04-b003,28,0,0,0,0.0,0.0,0.0,0.0,0.0,0.0,0,0.0,0,0,0
4,stack-pilot-t04-b003,29,234907,4421,4421,51.05921906022624,528.4215802503312,1.7208437124053988,20.21566686378444,29.04373836030086,0.07897012373570761,3,45.24560873099025,0,0,0
4,stack-pilot-t04-b003,30,32299,625,625,4.1157016688593195,510.83326747129547,0.3594794873170977,3.7081720751934633,0.0,0.04805010634875555,1,140.12669965333274,0,1,0
4,stack-pilot-t04-b003,31,103515,1924,1924,11.313583866699528,849.8299455895115,8.377232068364226,2.398972181648196,0.5019765895576711,0.03540302712943632,11,675.4611930638648,2,1,0
4,stack-pilot-t04-b003,32,0,0,0,0.0,0.0011847637870232575,0.0,0.0,0.0,0.0,0,0.0,1,0,0
4,stack-pilot-t04-b003,33,39570,765,765,7.06107274859074,719.5073980292827,0.11692481340545247,5.44672388186123,1.0534949841424757,0.44392906918156777,3,1384.6065001454665,0,1,0
4,stack-pilot-t04-b003,34,73911,1521,1521,8.221222992211175,641.6784860121264,0.015780845349736228,7.837549302869132,0.08233697769537685,0.285555866296931,4,1034.3506961026376,0,1,0
4,stack-pilot-t04-b003,35,82252,1560,1560,10.359222474026032,654.4487186700973,0.0,10.095472354379373,0.1575601628901495,0.10618995675652736,3,490.02950044467656,0,1,0
4,stack-pilot-t04-b003,36,32283,655,655,3.3668739743116625,649.0072230121167,0.32596493431646417,3.0352458994606133,0.0,0.005663140534590551,3,1715.7053925862706,0,1,0
4,stack-pilot-t04-b003,37,64705,1149,1149,7.436026926620509,704.0351126127443,0.5232160469503294,3.449004433977306,3.303668322957506,0.16013812273534614,3,586.3500717214245,1,1,0
4,stack-pilot-t04-b003,38,78401,1398,1398,9.425617012503922,664.5537624358035,7.774365026355618,1.5753656904365698,0.0,0.07588629571172108,5,132.76031672661605,0,1,0
4,stack-pilot-t04-b003,39,39359,798,798,4.625148654375795,495.781961383039,0.17418304462413198,4.050778273925765,0.2579296508047264,0.14225768502115785,1,160.40415262739634,1,1,0
4,stack-pilot-t04-b003,40,35218,709,709,6.0653708733925065,582.4498153026611,0.14003838506268795,5.128464277036832,0.5947172650157881,0.20215094627720404,1,102.04098246128774,0,1,0
4,stack-pilot-t04-b003,41,45012,862,862,5.061146441244989,674.0212477075501,0.5543606339954438,4.488198766131307,0.0,0.018587041118234022,1,68.24236763496194,0,1,0
4,stack-pilot-t04-b003,42,8114,148,148,2.9101550558543545,586.0535638746614,0.0,2.8230686460848347,0.0,0.08708640976952066,0,0.0,0,1,0
4,stack-pilot-t04-b003,43,94522,1777,1777,11.572909840672768,883.0792177341932,0.0,11.367865948924145,0.0,0.20504389174860443,2,714.170358646023,0,1,0
4,stack-pilot-t04-b003,44,138282,2808,2808,19.682215775610118,717.0754034122175,2.9032858739414324,15.726296723613219,0.9101936297202341,0.14243954833527436,6,1633.0070626794973,0,1,0
4,stack-pilot-t04-b003,45,48808,922,922,5.680712206088444,756.4128912371943,0.04232438671662757,5.610066474212259,0.0,0.028321345159562614,3,803.0492193673033,0,1,0
4,stack-pilot-t04-b003,46,45235,882,882,12.289567289624902,659.4140274719763,0.9098743494042432,4.102863790712252,7.24496121096359,0.03186793854481466,2,296.83621515705966,1,1,0
4,stack-pilot-t04-b003,47,20177,421,421,4.5429440925834434,618.9522135295533,0.0,4.416743948451577,0.0,0.12620014413186514,0,0.0,0,1,0
4,stack-pilot-t04-b003,48,251819,4614,4614,35.95994893270518,759.4754187726327,8.853492299835713,26.946924685030872,0.0,0.1595319478388563,8,293.5976869387979,1,1,0
4,stack-pilot-t04-b003,49,93706,1733,1733,11.043133492263971,645.3941212992389,1.635219727865377,8.417567114220454,0.7411806015589459,0.24916604861924335,4,465.80426723058287,1,1,0
4,stack-pilot-t04-b003,50,1486,22,22,0.3537893650033154,640.7372315495342,0.0,0.0,0.24581585176821497,0.10797351323510042,0,0.0,0,1,0
4,stack-pilot-t04-b003,51,78993,1547,1547,9.430687697112232,566.4173573128033,8.181966656733234,0.3976802382145479,0.6606271237196779,0.19041367844473298,5,135.49883392950332,1,1,0
4,stack-pilot-t04-b003,52,197997,3621,3621,30.2152435449743,541.3962758807126,1.5888468849701989,2.943111930331156,25.314015104594233,0.36926962507872535,1,44.36131495229933,0,1,0
4,stack-pilot-t04-b003,53,11716,422,422,4.3071580943270025,259.2840566748151,0.5009533436253794,3.7117417608059213,0.07272193217431777,0.021741057721381737,0,0.0,0,1,0
4,stack-pilot-t04-b003,54,5777,106,106,0.6701878975339961,358.3981554377112,0.526375515662281,0.0,0.08248186280980008,0.06133051906191531,0,0.0,1,1,0
4,stack-pilot-t04-b003,55,27526,485,485,3.9147417324004965,755.4968975668625,0.0,2.956297522919881,0.78242333640992,0.17602087307068998,2,950.114784804294,0,1,0
4,stack-pilot-t04-b003,56,9583,188,188,1.0338839305286651,473.8626750098335,1.0307122307815764,0.0,0.0,0.0031716997470890504,1,21.41828881961174,0,1,0
4,stack-pilot-t04-b003,57,4147,85,85,0.5746494112797915,511.4520088154316,0.37369376448036923,0.1401225982338019,0.0,0.06083304856562044,0,0.0,0,1,0
4,stack-pilot-t04-b003,58,129162,2483,2483,13.423115021307295,665.295188133966,8.137729423094532,5.263078066124984,0.0,0.022307532087794745,7,1509.9161489621786,0,1,0
4,stack-pilot-t04-b003,59,29045,558,558,3.0171490207909097,792.5778547309918,0.0,2.9812436859719638,0.0,0.03590533481894605,3,2103.296558487324,0,1,0
4,stack-pilot-t04-b003,60,31055,641,641,5.2893306882757125,653.6132108391504,0.36626347578372453,4.668585430216557,0.24742911445646498,0.007052667818957804,1,275.65536356938975,0,1,0
4,stack-pilot-t04-b003,61,0,0,0,0.0,0.0,0.0,0.0,0.0,0.0,0,0.0,0,0,0
4,stack-pilot-t04-b003,62,3882,74,74,1.5962446673606194,485.23512026214166,0.10821593715138056,1.3478259351029465,0.0,0.14020279510629188,0,0.0,1,1,0
4,stack-pilot-t04-b003,63,55373,1057,1057,10.036613525109054,712.8683492086327,0.0,7.79770131288444,2.1553187793753006,0.08359343284934719,3,595.7619290788232,0,1,0
4,stack-pilot-t04-b003,64,12813,229,229,1.3411777751243168,734.5479168327281,0.03977719389805397,0.0,1.2992036599994186,0.0021969212268456296,1,47.568468065841465,0,1,0
4,stack-pilot-t04-b003,65,50765,927,927,6.159127005991619,822.7163385196922,0.9713882942859725,5.040270007076055,0.0,0.14746870462960276,3,937.8354808111025,0,1,0
4,stack-pilot-t04-b003,66,72450,1393,1393,9.432358727768511,688.4574134497601,0.44627275190880605,6.503868205289445,2.037102275277345,0.4451154952929126,4,920.836234996927,0,1,0
4,stack-pilot-t04-b003,67,9296,181,181,2.1899889069192153,420.59259542123704,0.7059916603648612,1.4109142623387925,0.0,0.07308298421556075,1,4.177145067614445,0,1,0
4,stack-pilot-t04-b003,68,64440,1298,1298,9.916339050190487,644.8771401523198,0.01778840066443946,8.570267291153812,1.1225795953087072,0.2057037630635559,2,270.76715409030066,0,1,0
4,stack-pilot-t04-b003,69,130,3,3,0.012335870494649823,8.769207951588166,0.0,0.0,0.0,0.012335870494649823,0,0.0,1,1,0
4,stack-pilot-t04-b003,70,24004,436,436,4.183326292995236,714.0825684104148,0.0,3.856555312659445,0.0,0.3267709803357898,2,1108.796019385787,0,1,0
4,stack-pilot-t04-b003,71,70229,1317,1317,9.322585095345302,643.4644919782077,0.12853841625487356,4.556808239561215,4.578287491991073,0.05895094753813824,4,1887.6531994405755,0,1,0
4,stack-pilot-t04-b003,72,9026,195,195,2.1484921128446657,761.467696505908,0.6862222765774197,1.2717879193997987,0.10608838537154952,0.0843935314958981,0,0.0,0,1,0
4,stack-pilot-t04-b003,73,26021,540,540,3.1354318617048706,770.5984812509691,0.0,2.964953136179696,0.08209425757740973,0.0883844679477599,2,906.7845356330014,0,1,0
4,stack-pilot-t04-b003,74,61145,1152,1152,7.854739733640428,756.4820245618964,3.7501936796568156,4.093968425560021,0.0,0.010577628423602924,3,216.71171277139112,0,1,0
4,stack-pilot-t04-b003,75,3118,56,56,0.679668811076922,306.27088117380697,0.0,0.19585768590741282,0.221711925131581,0.2620992000379281,0,0.0,0,1,0
4,stack-pilot-t04-b003,76,46895,1905,1905,6.659283745829382,639.0861989456887,0.8274684700731458,5.584804963496401,0.0,0.24701031225983375,2,498.75971563143594,0,1,0
4,stack-pilot-t04-b003,77,30816,625,625,3.301095992280956,220.58230216361196,1.0296402625664898,2.230508179785478,0.0,0.04094754992898827,3,1248.3266866291924,0,1,0
4,stack-pilot-t04-b003,78,10948,153,153,2.6344150579525003,374.36409318561454,0.5946227754294476,1.8310500337422582,0.0,0.20874224878079506,1,0.236737696189127,0,1,0
4,stack-pilot-t04-b003,79,25128,447,447,4.235492484482946,635.1047956304345,0.07910701246264708,3.7803521519856225,0.20165327968425117,0.17438004035042304,1,318.6836164263229,0,1,0
4,stack-pilot-t04-b003,80,31646,820,820,5.114969740518104,555.3810767373316,0.0,4.206662909257972,0.8090161830259603,0.09929064823417683,2,632.9730330596079,0,1,0
4,stack-pilot-t04-b003,81,150626,3181,3181,24.52135078495104,759.4021206407494,1.0521339086427521,23.438881091251456,0.0,0.030335785056848134,4,504.2315743333565,0,1,0
4,stack-pilot-t04-b003,82,321,3,3,0.20371072693982356,384.4639574549886,0.0,0.19305100992164625,0.0,0.010659717018177322,0,0.0,0,1,0
4,stack-pilot-t04-b003,83,42909,853,853,4.450224225294749,408.89472388262817,0.6248950744118051,3.817850340928271,0.0,0.007478809954671103,5,3189.9299504931537,0,1,0
4,stack-pilot-t04-b003,84,22411,414,414,3.068726936692179,385.2563851887964,0.7022054109825167,0.677175206920765,1.6540390799834583,0.03530723880543505,2,130.29410317342078,1,1,0
4,stack-pilot-t04-b003,85,61482,1150,1150,7.0822128699269715,553.6844394173457,0.6962663970798383,4.192014561153188,2.073189616117088,0.12074229557685041,5,1147.8358327234182,0,1,0
4,stack-pilot-t04-b003,86,0,0,0,0.0,31.868917592623887,0.0,0.0,0.0,0.0,0,0.0,0,1,0
4,stack-pilot-t04-b003,87,45790,863,863,4.768686349607403,677.9016831437414,2.786134112365748,1.9746412419097727,0.0,0.00791099533187941,5,744.0981288236081,1,1,0
4,stack-pilot-t04-b003,88,32064,666,666,17.002580302490376,848.5901737672641,0.04379336738998237,2.38411545256814,14.370439083818486,0.204232398713724,1,0.043793367389982386,1,1,0
4,stack-pilot-t04-b003,89,29618,573,573,4.3824574834898185,138.70860387571034,0.0,4.336487183111349,0.0,0.0459703003784586,3,2622.212305163783,0,1,0
4,stack-pilot-t04-b003,90,43693,897,897,4.493024128473624,438.2300359188301,0.28511557481403,0.0,4.200238975006209,0.007669578653399134,5,966.6573481009269,2,1,0
4,stack-pilot-t04-b003,91,75559,1442,1442,9.236082063361089,634.7143872063876,0.0,9.019812363925274,0.18917650486400817,0.02709319457180926,1,53.113211056143356,1,1,0
4,stack-pilot-t04-b003,92,68156,1305,1305,9.79121507641353,665.2205313419713,0.3324793676750788,9.371890761674752,0.0,0.08684494706373348,3,966.5587188848315,0,1,0
4,stack-pilot-t04-b003,93,64694,1165,1165,9.783112023771956,655.9402382117908,1.3561623816330617,4.801459977015716,3.3485571170497574,0.27693254807343065,4,693.5488418719292,0,1,0
4,stack-pilot-t04-b003,94,2106,38,38,0.49434906458958683,434.2435545800718,0.0,0.30991499527385713,0.0,0.18443406931573003,0,0.0,0,1,0
4,stack-pilot-t04-b003,95,35211,687,687,3.9292303148889403,460.7077443152949,3.4906409061448236,0.3268909377459295,0.0,0.11169847099819435,3,40.80816297280069,0,1,0
4,stack-pilot-t04-b003,96,45367,794,794,8.539805384593299,529.0309967287693,0.2510368285855358,7.421931332604313,0.6942295537264727,0.17260766967695715,1,107.4440902361143,1,1,0
4,stack-pilot-t04-b003,97,4815,86,86,1.911834967627863,568.4306214087457,0.0,1.5866778421176377,0.0,0.3251571255102246,0,0.0,1,1,0
4,stack-pilot-t04-b003,98,9189,162,162,3.8426791159677007,401.7913601311346,0.0,3.4971103160377197,0.13307901789448806,0.2124897820354916,0,0.0,1,1,0
4,stack-pilot-t04-b003,99,6909,107,107,3.172059123894047,536.8388240973267,0.0,2.8327315740648373,0.0,0.3393275498292104,0,0.0,0,1,0
4,stack-production-t04-b004,0,5336,123,123,3.092762906085037,171.22855666583973,0.0,2.792554070246183,0.07124680448214349,0.22896203135670792,0,0.0,0,1,0
4,stack-production-t04-b004,1,11293,203,203,5.817790612363879,400.8639979505708,0.026684713524612005,4.555717529763683,0.9526376812682429,0.28275068780734525,0,0.0,0,1,0
4,stack-production-t04-b004,2,55226,992,992,8.035099367905165,756.8753094768653,3.9718724229286413,3.706652343996991,0.0,0.3565746009795067,4,857.7852055577582,0,1,0
4,stack-production-t04-b004,3,3515,64,64,1.355975813328295,695.8177195301129,0.0,0.07818353702384684,0.9824880381103528,0.29530423819409574,0,0.0,0,1,0
4,stack-production-t04-b004,4,51822,987,987,7.100449342962079,815.6002476146209,0.8857206514090799,5.979574167163154,0.0,0.23515452438983522,1,83.47005214479245,0,1,0
4,stack-production-t04-b004,5,504712,9587,9587,83.68820013652956,812.0053445873627,1.6104551314408992,30.67733160822698,51.24710857452383,0.15330482233775536,3,286.32470061234966,0,1,0
4,stack-production-t04-b004,6,153,2,2,0.16781710141849138,70.84432793237666,0.0,0.16777671118927628,0.0,4.039022921510294e-05,0,0.0,0,1,0
4,stack-production-t04-b004,7,41995,877,877,5.484679278901674,532.7070562292291,0.0,0.9761508976222331,4.4616151614757245,0.04691321980370404,1,142.51500639271595,0,1,0
4,stack-production-t04-b004,8,10966,206,206,2.6754708764508055,354.2389951931023,0.7586451118801314,1.7226854224825277,0.0,0.19414034208814104,0,0.0,0,1,0
4,stack-production-t04-b004,9,52681,1258,1258,7.199932641512699,409.88934264497414,1.6708354296884962,1.9534744357979263,3.47835540797899,0.09726736804730081,4,929.9524317061416,2,1,0
4,stack-production-t04-b004,10,322,8,8,0.29352468429163897,11.048552165750465,0.0,0.2873351809809037,0.0,0.006189503310735219,0,0.0,0,1,0
4,stack-production-t04-b004,11,56671,1053,1053,9.309622522824919,788.0352867522932,1.8793215973732347,2.4464965286947518,4.710250053432511,0.27355434332442713,5,752.1473910534269,1,1,0
4,stack-production-t04-b004,12,1093,24,24,0.10653393923585089,10.873483647584711,0.0,0.0,0.0,0.10653393923585089,0,0.0,2,1,0
4,stack-production-t04-b004,13,6259,153,153,2.5264958403726547,189.41879190337133,0.27853235082225325,2.1354557566710355,0.0,0.11250773287936428,0,0.0,1,1,0
4,stack-production-t04-b004,14,5836,89,89,0.620724688601927,281.4049884593105,0.5431291886393981,0.0,0.0,0.07759549996252904,0,0.0,0,1,0
4,stack-production-t04-b004,15,1382,29,29,0.3421162129895133,335.1628738024989,0.08869839212130716,0.2061336398722915,0.0,0.04728418099591474,0,0.0,0,1,0
4,stack-production-t04-b004,16,64973,1391,1391,7.3300047529516785,404.7569086822322,0.0,4.211932132890709,3.0261805682166454,0.09189205184434493,5,1902.0548426476848,0,1,0
4,stack-production-t04-b004,17,50946,1088,1088,5.339248515553004,274.88496546034713,0.7099416872901814,4.6206093046556695,0.0,0.008697523607156265,5,4018.9868684717076,0,1,0
4,stack-production-t04-b004,18,94807,1778,1778,15.287676534357077,596.2803785591288,0.5430420980074782,14.647787208073328,0.0,0.09684722827628905,4,993.9930774729725,0,1,0
4,stack-production-t04-b004,19,133480,2476,2476,20.816717150592996,665.931924633697,4.380748473522142,10.300741614771406,5.85236478736669,0.2828622749327223,5,201.91196256394534,0,1,0
4,stack-production-t04-b004,20,28901,523,523,2.975733241760104,656.2547347847548,0.0,1.7081776474151307,1.2031603539064915,0.06439524043848581,2,382.12389096615095,0,1,0
4,stack-production-t04-b004,21,0,0,0,0.0,0.09540126068895916,0.0,0.0,0.0,0.0,0,0.0,3,0,0
4,stack-production-t04-b004,22,121113,2339,2339,12.651999969282564,827.3258639106095,12.550013134643445,0.08038232137755585,0.0,0.021604513261588246,12,224.79765467028042,0,1,0
4,stack-production-t04-b004,23,29960,559,559,3.5982475097829836,823.8709067458498,0.0,3.4385280866434402,0.0,0.15971942313954393,1,124.07026900785846,1,1,0
4,stack-production-t04-b004,24,0,0,0,0.0,0.0549211356046726,0.0,0.0,0.0,0.0,0,0.0,2,0,0
4,stack-production-t04-b004,25,46972,849,849,7.146522773607637,412.41866471090185,4.438104523410234,1.1215994376705112,1.393513544498299,0.19330526802857362,1,10.255512774255088,0,1,0
4,stack-production-t04-b004,26,5389,119,119,1.7260493560009817,487.6578658156531,0.23704725443914726,1.287483992075636,0.0,0.2015181094861973,0,0.0,1,1,0
4,stack-production-t04-b004,27,10692,205,205,1.9757117600277976,265.5726485826771,0.6887284064072468,0.9341861564872715,0.0,0.3527971971332786,0,0.0,1,1,0
4,stack-production-t04-b004,28,76034,1414,1414,8.35289201432457,594.0116152485026,0.0,6.335169317159596,1.8373557145198158,0.18036698264516365,4,900.7760212446165,0,1,0
4,stack-production-t04-b004,29,136560,2718,2718,14.13920449890535,788.5475692344148,14.115115525221052,0.0,0.0,0.024088973684311846,12,337.0138689777718,1,1,0
4,stack-production-t04-b004,30,25841,446,446,2.9583874026896564,329.49158766596224,0.0,2.5939507033822564,0.08050956111583218,0.2839271381915664,1,129.3104970749834,0,1,0
4,stack-production-t04-b004,31,5070,96,96,0.7365321628662275,674.6969642260382,0.5069700859530205,0.0,0.22863671095547033,0.0009253659577365383,0,0.0,0,1,0
4,stack-production-t04-b004,32,19905,352,352,2.398484150219026,390.90754034397753,0.0948622042495203,0.3579716990673205,1.9421566156323649,0.0034936312698213255,1,129.51598527743877,0,1,0
4,stack-production-t04-b004,33,89155,1696,1696,9.420864517914886,882.2453367095794,4.915887053365304,4.179336537632519,0.0,0.3256409269170361,7,621.4570488052007,2,1,0
4,stack-production-t04-b004,34,2647,54,54,1.338509739958798,302.0061907825162,0.0,1.1234982838851693,0.14141967157411273,0.0735917844995164,0,0.0,3,1,0
4,stack-production-t04-b004,35,143689,2708,2708,16.459098748885992,648.5620368986857,1.0377714687879596,15.145979457084016,0.0,0.2753478230140118,5,522.0798409347973,1,1,0
4,stack-production-t04-b004,36,4362,79,79,1.5274782052328353,148.74277115581714,0.0,1.2766108055732275,0.0,0.25086739965960886,0,0.0,0,1,0
4,stack-production-t04-b004,37,111,1,1,0.22344925130307902,183.33490281674696,0.0,0.0,0.22342705999108148,2.2191311997556664e-05,0,0.0,1,1,0
4,stack-production-t04-b004,38,7473,136,136,0.7721178055638959,333.99068857184784,0.0,0.7708456944850786,0.0,0.00127211107881723,1,764.038044855328,0,1,0
4,stack-production-t04-b004,39,92527,1623,1623,10.589937134645684,776.4676052917969,1.3554077865648355,7.029177424401348,1.955661541950221,0.24969038172925742,4,697.0533420943283,0,1,0
4,stack-production-t04-b004,40,1432,32,32,0.4844933151183576,398.03069487748917,0.04197729942444779,0.36571951186761,0.0,0.07679650382629975,0,0.0,0,1,0
4,stack-production-t04-b004,41,9721,190,190,2.3383687111042706,519.112583475151,0.7606845989054734,1.5666986221474417,0.0,0.010985490051355249,0,0.0,0,1,0
4,stack-production-t04-b004,42,89638,1655,1655,9.952937206975813,656.3097537986263,5.221003473719045,4.506978629647612,0.0,0.2249551036091795,2,132.23583499883645,1,1,0
4,stack-production-t04-b004,43,119167,2172,2172,14.90358092462001,812.6242334710813,5.422123365199922,5.4066592930279125,3.8723400942480586,0.20245817214413075,10,2613.536278415028,0,1,0
4,stack-production-t04-b004,44,86308,1682,1682,9.934204351662464,468.79619931031675,0.21523466624726303,7.366925827336414,2.2334279305782774,0.11861592750049327,4,732.1203598364217,0,1,0
4,stack-production-t04-b004,45,31575,600,600,5.490654035202394,576.6827727776628,0.0,3.245716747353762,1.9252867846254529,0.31965050322317423,2,641.0731880690689,0,1,0
4,stack-production-t04-b004,46,26971,528,528,3.4766947582321373,314.34834139229537,2.6353825949639282,0.7018676210976764,0.0895180019288091,0.04992654024172808,1,2.8315339031404996,1,1,0
4,stack-production-t04-b004,47,102186,1907,1907,13.510961891620303,583.2649114224306,0.34382513632159983,11.610014492663312,1.5303730340052364,0.026749228630133307,3,512.0748308080172,0,1,0
4,stack-production-t04-b004,48,11612,207,207,1.8673350136739149,187.98814864020963,0.0,1.588720549112832,0.2123904745985783,0.06622398996250477,1,643.9375592151326,2,1,0
4,stack-production-t04-b004,49,60706,1270,1270,8.503117281871242,289.7575537950114,0.0,8.492710434515299,0.0,0.010406847355950802,6,4939.845592817618,1,1,0
4,stack-production-t04-b004,50,39215,787,787,4.274152702618654,551.7751499939076,1.927345702629931,2.278040682676758,0.0,0.06876631731195383,2,221.65612383264374,2,1,0
4,stack-production-t04-b004,51,0,0,0,0.0,0.011580759157368448,0.0,0.0,0.0,0.0,0,0.0,1,0,0
4,stack-production-t04-b004,52,173999,3237,3237,27.332502583391992,421.38094640581755,0.0,26.843051302914272,0.2606794431558228,0.22877183732183254,3,733.163787537787,0,1,0
4,stack-production-t04-b004,53,28964,532,532,6.462375638487299,621.4257690591149,0.0,5.490895948436874,0.700345382738809,0.2711343073116197,1,171.11403977981206,0,1,0
4,stack-production-t04-b004,54,0,0,0,0.0,0.0050156847210018896,0.0,0.0,0.0,0.0,0,0.0,1,0,0
4,stack-production-t04-b004,55,28592,523,523,4.539666414779134,579.4166835608502,2.5178243009003376,1.7897012181630316,0.0,0.23214089571575897,2,10.127225365954288,1,1,0
4,stack-production-t04-b004,56,0,0,0,0.0,0.0,0.0,0.0,0.0,0.0,0,0.0,0,0,0
4,stack-production-t04-b004,57,39918,831,831,6.825837092765739,671.5544976961157,0.4347972929879533,5.721065969415592,0.4509675392691861,0.21900629109299785,2,657.2136519421496,0,1,0
4,stack-production-t04-b004,58,288736,5375,5375,34.69016052454868,772.4647088871084,2.3278423578161886,31.97822874820718,0.09622318830042786,0.287866230224757,5,242.90251792413756,1,1,0
4,stack-production-t04-b004,59,26034,541,541,2.7000419136554292,121.63785098507844,2.683592157311055,0.0,0.0,0.01644975634437397,1,0.8559942983468363,0,1,0
4,stack-production-t04-b004,60,24808,536,536,3.8200560521870175,607.5174457885782,0.0,3.6110704468537156,0.0,0.2089856053333092,1,182.29010293221162,0,1,0
4,stack-production-t04-b004,61,71104,1428,1428,7.471424137565365,888.2711528838382,3.7884091323311004,3.654120311231518,0.0,0.028894694002731564,5,1755.1900631331205,0,1,0
4,stack-production-t04-b004,62,24039,470,470,2.6806174147207376,593.0390960358204,2.3462612156739224,0.10668616833379474,0.11170143764684326,0.11596859306617324,1,1.5704401825352168,0,1,0
4,stack-production-t04-b004,63,48814,951,951,6.061423903432394,425.49704620915367,1.752350464912332,4.169551432648801,0.10814108785962162,0.031380918011623876,2,135.63095094653792,0,1,0
4,stack-production-t04-b004,64,154230,2989,2989,57.11311366308652,751.8039347054354,0.023883554236639598,11.814664735881339,45.0583985017412,0.21616687122739178,3,855.5868015607382,0,1,0
4,stack-production-t04-b004,65,92706,1764,1764,11.758301900036436,719.358933651231,0.09745752363623306,3.6559995000570518,7.924386681623264,0.0804581947199218,2,197.52300937531905,0,1,0
4,stack-production-t04-b004,66,54280,1068,1068,5.999078546265743,650.3457001936318,0.006395565553471774,5.305392086194988,0.38493916917650495,0.3023517253407839,6,4601.103821500745,0,1,0
4,stack-production-t04-b004,67,5518,93,93,2.503313589123901,660.826977098599,0.11665199295645261,2.249360617572052,0.0,0.13730097859539753,0,0.0,0,1,0
4,stack-production-t04-b004,68,59760,1118,1118,7.363047629799818,668.9168008770974,3.6906087133349166,2.871627681008716,0.7343593008536118,0.0664519346025763,4,827.2650879455326,0,1,0
4,stack-production-t04-b004,69,107546,2001,2001,11.99086925123204,202.01538938494414,0.03593144456569372,0.0,11.907659086637441,0.04727872002889244,1,22.132890168790436,0,1,0
4,stack-production-t04-b004,70,70659,1211,1211,7.9493535415890735,704.126573462992,1.6295760654062186,6.149653054234733,0.09065836157424201,0.07946606037389084,2,431.1299485590562,0,1,0
4,stack-production-t04-b004,71,104141,2025,2025,11.903265670046258,830.5292079963816,10.483721538433247,0.2226513942409838,0.9233499784622836,0.27354275890975704,7,192.96655975379815,0,1,0
4,stack-production-t04-b004,72,1402,38,38,0.26121950666332744,656.7983736784773,0.0,0.1259252013924197,0.0,0.135294305270908,0,0.0,1,1,0
4,stack-production-t04-b004,73,41997,711,711,4.893863800817669,590.8073071655822,0.0,4.886522810621172,0.0,0.007340990196501733,2,343.15984493554083,0,1,0
4,stack-production-t04-b004,74,0,0,0,0.0,0.0,0.0,0.0,0.0,0.0,0,0.0,0,0,0
4,stack-production-t04-b004,75,17048,316,316,2.763588520750088,489.14640637989567,0.0,1.1012583758468963,1.588439817590781,0.0738903273124113,1,110.4648545697082,2,1,0
4,stack-production-t04-b004,76,63156,1117,1117,6.557553125195345,439.47808686487866,0.3694107181653079,6.010387678304141,0.0,0.17775472872589995,6,4220.211495130988,0,1,0
4,stack-production-t04-b004,77,4110,73,73,1.6074428466953345,318.46404205823546,0.0,1.3393505290305256,0.0,0.2680923176648091,0,0.0,1,1,0
4,stack-production-t04-b004,78,91479,1655,1655,11.91610211728246,534.9878374635404,2.1042099557616876,9.441211969757639,0.17110483359101636,0.19957535817211813,6,1492.7889633819814,0,1,0
4,stack-production-t04-b004,79,67827,1420,1420,8.38711421443655,771.7650867226844,1.350501772695699,6.742786583194778,0.0,0.29382585854609466,3,864.0413573014905,0,1,0
4,stack-production-t04-b004,80,147665,2659,2659,23.40597160435621,698.953731988353,0.8618693582874892,20.671763800402733,1.6451412110498465,0.2271972346161748,5,1059.0786702729924,0,1,0
4,stack-production-t04-b004,81,693,12,12,0.33371997840237777,245.77033943947302,0.0,0.17608399135428954,0.10774794887402095,0.04988803817406724,0,0.0,3,1,0
4,stack-production-t04-b004,82,126150,2510,2510,16.22991048209055,688.5579914482018,0.0,15.749238116894515,0.39218741058903106,0.08848495460703615,2,594.0871709513342,0,1,0
4,stack-production-t04-b004,83,23638,463,463,4.622337842182847,554.4530770405935,0.24944944548498882,4.012578170006055,0.0,0.36031022669179785,1,323.4654303296628,0,1,0
4,stack-production-t04-b004,84,62580,1225,1225,6.597095549124686,606.0069682402908,3.788247091272318,2.740475775445683,0.0,0.068372682406701,4,184.1499264785059,2,1,0
4,stack-production-t04-b004,85,42888,824,824,4.609738176096964,774.2634322141553,0.3950336084887281,4.1819503978204295,0.0,0.032754169787809796,3,1196.843919552329,0,1,0
4,stack-production-t04-b004,86,71151,1434,1434,7.725107026180454,663.4522912837994,0.06545410301265929,7.447353093481425,0.0,0.21229982968638023,4,974.4036328147921,1,1,0
4,stack-production-t04-b004,87,3983,75,75,1.1731055054172588,433.7609628215995,0.16488863503154277,0.7392408570774478,0.10480134747376724,0.16417466583450202,0,0.0,0,1,0
4,stack-production-t04-b004,88,59361,1428,1428,9.063003483918864,665.5424945764651,0.8007771787912233,6.957043237767271,0.8278617956657399,0.47732127169464045,2,405.86089477514366,1,1,0
4,stack-production-t04-b004,89,32258,635,635,3.6001404773084107,626.785258481767,0.14422671929220998,3.3388192245263246,0.0,0.11709453348987815,2,479.27659373496704,0,1,0
4,stack-production-t04-b004,90,42437,758,758,5.238167509446317,553.7399205719488,0.3111580266142686,4.905686904283348,0.0,0.02132257854867947,1,138.6927749166355,0,1,0
4,stack-production-t04-b004,91,713,14,14,0.6081588725702948,142.65605950782972,0.0,0.6074223371790595,0.0,0.0007365353912349542,0,0.0,0,1,0
4,stack-production-t04-b004,92,0,0,0,0.0,0.08897900772717549,0.0,0.0,0.0,0.0,0,0.0,2,0,0
4,stack-production-t04-b004,93,3149,79,79,2.1332225636083373,486.45872334482,0.131238190051584,0.5474776255194911,1.3710732352748476,0.08343351276241541,0,0.0,0,1,0
4,stack-production-t04-b004,94,589,22,22,0.3588642404162983,319.85545505362177,0.0,0.21136522805738878,0.11346891427092487,0.03403009808798458,0,0.0,0,1,0
4,stack-production-t04-b004,95,7460,144,144,0.7711085085542684,769.8567871833259,0.6975740653231517,0.0,0.0,0.07353444323111669,1,2.0280791251273125,0,1,0
4,stack-production-t04-b004,96,5213,120,120,1.6470817668063933,579.8936240906833,0.29744781412592836,1.2709944624201626,0.0,0.07863949026030206,0,0.0,0,1,0
4,stack-production-t04-b004,97,421249,7899,7899,84.44125951210451,474.3355465779798,0.4221988993831868,20.511744322541908,63.38499784377953,0.12231844639976015,6,217.3686109566794,0,1,0
4,stack-production-t04-b004,98,103029,1967,1967,10.75540409641154,816.3131710833895,10.713342764642062,0.0,0.0,0.042061331769525166,11,371.12005337110713,1,1,0
4,stack-production-t04-b004,99,47171,866,866,6.446433400501487,511.04372455051185,1.3757626692002634,0.987440411909347,3.7537557937437644,0.3294745256481114,3,179.3819326645825,1,1,0
4,stack-production-t04-b005,0,0,0,0,0.0,258.8011897001589,0.0,0.0,0.0,0.0,0,0.0,0,1,0
4,stack-production-t04-b005,1,53626,1080,1080,8.06692747853263,720.8925370727509,0.39494527952838604,7.364115975424483,0.0,0.3078662235797368,3,985.4923287229892,0,1,0
4,stack-production-t04-b005,2,283,8,8,0.028041339579106685,20.71743077140652,0.0,0.0,0.0,0.028041339579106685,0,0.0,1,1,0
4,stack-production-t04-b005,3,1449,34,34,0.34768628881797675,661.4672859455729,0.09709832032219098,0.2120781603158548,0.0,0.03850980817993094,0,0.0,0,1,0
4,stack-production-t04-b005,4,168321,3236,3236,24.839997164842256,564.9505459685399,0.061878465453881704,23.57254726144034,0.9474376320018147,0.25813380594615176,6,1861.8103366497564,1,1,0
4,stack-production-t04-b005,5,24801,471,471,3.7072242857496454,311.31275701461544,0.30985683966860406,3.1581099659442473,0.14963584025281307,0.08962163988398028,1,271.43079504013116,2,1,0
4,stack-production-t04-b005,6,57300,1099,1099,6.634330245502201,834.6091683897165,1.1441391723618455,5.357051375587746,0.0,0.13313969755262126,3,350.90271420928786,0,1,0
4,stack-production-t04-b005,7,47863,960,960,5.725514785711708,655.0045633638257,0.028868085354393672,4.076731406349243,1.5404823334675264,0.07943296054053758,2,260.50363009685856,2,1,0
4,stack-production-t04-b005,8,6172,117,117,2.611270061960501,625.3244004162381,0.015929019476093376,2.2462433291209436,0.09225329603395949,0.25684441732950586,0,0.0,0,1,0
4,stack-production-t04-b005,9,21414,434,434,2.227831864820706,482.93585165221975,0.46144440567602624,1.6827427087184526,0.0,0.08364475042623366,1,333.80856362669726,0,1,0
4,stack-production-t04-b005,10,73520,1302,1302,8.560773010692385,624.4256937637505,0.015724518870946863,8.481931485135947,0.0,0.06311700668546465,3,558.2323915093366,0,1,0
4,stack-production-t04-b005,11,113981,2208,2208,14.001523921395101,797.5419840459995,7.491740208100204,5.154938163510612,1.2339947486419756,0.12085080114229914,5,713.0817062952531,1,1,0
4,stack-production-t04-b005,12,62896,1209,1209,6.857315083504041,948.3109163461911,3.0555709315320754,3.787228107779349,0.0,0.014516044192632433,3,160.86057284822257,0,1,0
4,stack-production-t04-b005,13,71768,1328,1328,7.9872548623380055,658.3674951223745,0.42331369302682054,7.379802142130049,0.11270587170838553,0.0714331554727571,3,726.7529349563326,0,1,0
4,stack-production-t04-b005,14,0,0,0,0.0,0.13458682101918384,0.0,0.0,0.0,0.0,0,0.0,2,0,0
4,stack-production-t04-b005,15,0,0,0,0.0,0.0,0.0,0.0,0.0,0.0,0,0.0,0,0,0
4,stack-production-t04-b005,16,110897,2101,2101,11.880437016614993,900.2344871808925,7.336065575811355,4.3361027250684945,0.12961481295678823,0.07865390277834772,5,687.577933662141,0,1,0
4,stack-production-t04-b005,17,1067,23,23,0.4671525697000979,448.3783597084119,0.0,0.39249586712981,0.0,0.07465670257028793,0,0.0,1,1,0
4,stack-production-t04-b005,18,1030,15,15,0.11368512992186357,529.8294183314486,0.05978767073056916,0.0,0.0,0.053897459191294406,0,0.0,2,1,0
4,stack-production-t04-b005,19,62184,1094,1094,7.1293479332313,895.2989530989825,0.4715795219665326,4.671251346233987,1.9085983469031131,0.07791871812767738,3,442.27100762577436,0,1,0
4,stack-production-t04-b005,20,106465,2230,2230,13.762952963724437,644.2151021894333,0.0,13.642514108694472,0.0,0.12043885502996035,1,33.51195957076212,2,1,0
4,stack-production-t04-b005,21,22531,420,420,3.188045719554967,560.3451163490464,0.0,3.1842665983936316,0.0,0.0037791211613307637,1,178.36314453812417,0,1,0
4,stack-production-t04-b005,22,32885,603,603,4.502670384351503,813.2892113270539,2.95679360118994,0.8842128026576574,0.2937940768588305,0.3678699036450689,2,10.5945539353726,0,1,0
4,stack-production-t04-b005,23,89048,1761,1761,11.931819341370488,618.3054476452818,2.9457391737747245,8.539578975203872,0.2572028861650324,0.18929830622686974,2,44.77628047078985,0,1,0
4,stack-production-t04-b005,24,21232,389,389,2.5336756382130328,731.7944541440312,0.3119207932597486,2.182905065173061,0.0,0.038849779780221284,2,1585.5500344402158,1,1,0
4,stack-production-t04-b005,25,76857,1534,1534,8.510639929574957,685.4503878265597,2.1869066631593013,6.038810011692909,0.18169986754764977,0.10322338717517049,5,383.4555804217132,0,1,0
4,stack-production-t04-b005,26,4806,94,94,4.468388324957397,654.7621193143304,0.16877196493725205,1.4114876790447397,2.8034762492206937,0.08465243175471011,0,0.0,0,1,0
4,stack-production-t04-b005,27,44068,839,839,4.592364516231062,888.8785171796416,2.6337541367518007,1.9510683538128781,0.0,0.007542025666385424,4,491.11371160922334,0,1,0
4,stack-production-t04-b005,28,31361,547,547,4.530658884705284,630.0474174640165,0.02505670823631836,4.1409766101537535,0.09521581512490229,0.26940975119031657,2,862.7288240367287,0,1,0
4,stack-production-t04-b005,29,46852,840,840,9.642820555227727,577.7013010422805,0.44438083714373716,4.38922986603518,4.548221113970888,0.2609887380779251,1,185.46912616791622,1,1,0
4,stack-production-t04-b005,30,0,0,0,0.0,0.02180544945440488,0.0,0.0,0.0,0.0,0,0.0,1,0,0
4,stack-production-t04-b005,31,5377,110,110,0.56555798727833,487.57916878012236,0.40091811587906356,0.0,0.0,0.16463987139926664,0,0.0,0,1,0
4,stack-production-t04-b005,32,6818,128,128,1.3881492105899174,642.620166457532,0.4385526071407025,0.7595292607072679,0.0,0.19006734274194687,0,0.0,1,1,0
4,stack-production-t04-b005,33,39893,708,708,5.686503662601937,682.6696961283958,3.84658359296947,1.755422289219382,0.0,0.08449778041307962,2,20.782686159414382,1,1,0
4,stack-production-t04-b005,34,57354,986,986,7.571425186542783,760.1699207164971,0.9412178368536905,5.554188461952503,0.9903497374234576,0.08566915031312229,2,117.57806604762223,0,1,0
4,stack-production-t04-b005,35,50287,1342,1342,5.949880601307544,881.4514809369127,0.0,5.592085048896923,0.2200372532424808,0.1377582991681466,2,336.34468704171854,0,1,0
4,stack-production-t04-b005,36,12411,218,218,14.407900649586336,452.529649792008,0.4182889895745356,0.0,13.987384982840414,0.002226677171376512,0,0.0,0,1,0
4,stack-production-t04-b005,37,9218,193,193,1.1715786447306373,539.1843439944313,0.0,0.2610451489302932,0.8926976164747926,0.017835879325549784,1,416.5653701068673,1,1,0
4,stack-production-t04-b005,38,110951,2043,2043,11.73146955680232,806.749040836162,8.089881627375425,3.559277368799681,0.0,0.08231056062724403,6,279.83267293414946,0,1,0
4,stack-production-t04-b005,39,31639,543,543,3.5311409780179686,329.6154237736017,0.0,3.4197681284415005,0.10565988222151645,0.005712967354957656,1,128.70543614730877,0,1,0
4,stack-production-t04-b005,40,6498,123,123,2.333495145950195,493.9814040308431,0.1522324495647964,1.7724829612386657,0.09395984430193494,0.3148198908447984,1,0.1522324495647964,0,1,0
4,stack-production-t04-b005,41,97603,1718,1718,24.705167436188056,15.591459250025016,0.2642744327754881,14.645045631689516,9.77872768109107,0.0171196906320379,0,0.0,0,1,0
4,stack-production-t04-b005,42,34867,686,686,5.058042835124476,573.6600296381328,0.40053015395140723,4.233179820932653,0.13423986734960636,0.29009299289081036,3,555.5673311243374,0,1,0
4,stack-production-t04-b005,43,25316,460,460,6.036625549899629,500.57848289607676,1.0790484576356514,4.559995296360171,0.0,0.3975817959038048,0,0.0,0,1,0
4,stack-production-t04-b005,44,41033,819,819,4.2522517591522115,672.8758445783733,1.5695733391165079,2.6754847635492753,0.0,0.007193656486412661,4,2311.2667475509547,0,1,0
4,stack-production-t04-b005,45,76929,1406,1406,11.49512727976242,622.4971690568746,0.0,8.005420106213007,3.3786657958361728,0.11104137771323497,2,163.08533367260495,2,1,0
4,stack-production-t04-b005,46,32819,614,614,3.966404467990222,546.5951806883411,0.0,3.729390834629597,0.0,0.2370136333606328,1,111.54055277213445,0,1,0
4,stack-production-t04-b005,47,19094,395,395,3.067991040392012,674.3445263567883,1.8017961902879487,1.147794267945983,0.08174444675933046,0.036656135398752177,2,392.0411499688621,0,1,0
4,stack-production-t04-b005,48,43114,875,875,4.634214268030965,719.5440214029344,0.0,4.618362019246254,0.0,0.01585224878471461,2,386.97291346628856,0,1,0
4,stack-production-t04-b005,49,32497,668,668,5.946132072329632,606.532981903115,0.2504414618746837,4.4708154164435445,1.1236048650764765,0.10127032893495558,1,118.80286055078969,0,1,0
4,stack-production-t04-b005,50,1856,34,34,1.2404133575494247,400.1248650908044,0.0,0.1405750921987874,0.9633109997321299,0.13652726561850753,0,0.0,0,1,0
4,stack-production-t04-b005,51,771,12,12,0.0876888615178861,87.06788054106408,0.08754133666158206,0.0,0.0,0.00014752485630401704,0,0.0,1,1,0
4,stack-production-t04-b005,52,60911,1198,1198,10.362556761982944,370.7798457993199,0.0,10.162013370340008,0.088465544182327,0.11207784746060635,1,67.89718359467437,0,1,0
4,stack-production-t04-b005,53,3192,66,66,1.3916647037629655,599.3849388694186,0.18468773140982084,0.0,1.0899670667113242,0.11700990564182041,0,0.0,1,1,0
4,stack-production-t04-b005,54,3416,65,65,1.8691601549392687,354.2154174038414,0.0,1.76526150317477,0.0,0.10389865176449921,0,0.0,2,1,0
4,stack-production-t04-b005,55,260,5,5,0.6173304484349723,0.08023246128141182,0.0,0.0,0.6172961776937882,3.4270741184532554e-05,0,0.0,2,0,0
4,stack-production-t04-b005,56,42569,807,807,5.052109273267256,647.3185377826051,0.11428432187601227,4.64822521923038,0.26485217505432956,0.02474755710654657,2,447.1173046322451,4,1,0
4,stack-production-t04-b005,57,60380,1174,1174,7.062144139042597,525.9439181617618,0.8580359030910683,6.0298841766422235,0.0,0.17422405930928297,3,446.8374007571581,0,1,0
4,stack-production-t04-b005,58,22109,466,466,2.4237020751783063,496.5548846499548,2.2023088495831975,0.14198977893977371,0.0,0.07940344665533787,2,4.691811118937423,0,1,0
4,stack-production-t04-b005,59,64593,1175,1175,10.451006553355068,811.2443220231961,0.3720610681091757,9.285239036802793,0.6215315800782264,0.17217486836487525,2,1000.6364235601185,1,1,0
4,stack-production-t04-b005,60,0,0,0,0.0,0.13239992588205496,0.0,0.0,0.0,0.0,0,0.0,1,0,0
4,stack-production-t04-b005,61,175570,3326,3326,21.21187837328387,661.2951242143771,0.7050499282201436,20.37081359152806,0.0,0.1360148535358032,6,3343.571085859763,2,1,0
4,stack-production-t04-b005,62,2214,40,40,0.9823657695345308,606.8834697654288,0.06903917880064371,0.845734288011613,0.0,0.0675923027222734,0,0.0,0,1,0
4,stack-production-t04-b005,63,6142,116,116,2.0782874062114827,430.64736093481645,0.07366763296570673,1.4536507357670416,0.15479504029826785,0.3961739971804652,0,0.0,0,1,0
4,stack-production-t04-b005,64,4318,78,78,1.9727233360019067,660.0313003641562,0.24983205132949954,1.4067631056869914,0.27249728155766206,0.043630897427754084,0,0.0,0,1,0
4,stack-production-t04-b005,65,16405,288,288,2.129430500296674,630.881454500562,1.6276539680266873,0.36602548203586593,0.0798435437027365,0.05590750653138449,1,2.8427675879198713,0,1,0
4,stack-production-t04-b005,66,4377,72,72,2.1374137958145654,335.8198987553991,0.0010008571464513037,1.9446974343682086,0.0,0.19171550429990594,0,0.0,0,1,0
4,stack-production-t04-b005,67,1150,28,28,1.0849536600324923,694.3951157237215,0.0,1.0841688952248205,0.0,0.0007847648076717046,0,0.0,0,1,0
4,stack-production-t04-b005,68,631,20,20,0.06656580295524905,23.729607684178013,0.0,0.0,0.0,0.06656580295524905,0,0.0,2,1,0
4,stack-production-t04-b005,69,46542,867,867,9.392444949596225,524.2084111254447,0.0,8.163274091520032,1.142615382816075,0.08655547526011294,2,854.8362261591274,1,1,0
4,stack-production-t04-b005,70,104196,2095,2095,11.877503259324616,751.6349043539803,0.0049633885315866905,11.339088559475554,0.5066782745525416,0.02677303676491462,5,1143.0475396140955,0,1,0
4,stack-production-t04-b005,71,80878,1539,1539,8.31500883556553,484.99668349688625,0.0,8.30126837424319,0.0,0.013740461322322877,9,6559.322111195717,0,1,0
4,stack-production-t04-b005,72,2248,36,36,0.4772828057693127,215.6135752242191,0.05790427482302081,0.26538237424244926,0.0013687329817457794,0.1526274237220969,0,0.0,1,1,0
4,stack-production-t04-b005,73,106151,1892,1892,12.633552889023862,870.1448765154446,5.764945611613364,6.635543130232049,0.14557621656058473,0.08748793061787298,8,307.02395383846005,2,1,0
4,stack-production-t04-b005,74,64851,1184,1184,7.572283965384524,638.3558707934912,0.5784523440840531,6.878936557208852,0.0,0.11489506409162308,4,575.8000503292517,0,1,0
4,stack-production-t04-b005,75,7387,130,130,1.2866473929874276,478.8665500483653,0.6412505463713867,0.5511983276497858,0.0,0.09419851896625546,1,0.5734101366964288,0,1,0
4,stack-production-t04-b005,76,0,0,0,0.0,0.042734317656140774,0.0,0.0,0.0,0.0,0,0.0,1,0,0
4,stack-production-t04-b005,77,38426,740,740,4.504047531055853,733.7217701423178,0.3735914532048422,3.9357855193291114,0.11817449645604938,0.07649606206584025,3,1204.7655625488617,0,1,0
4,stack-production-t04-b005,78,53987,986,986,7.515959377318302,740.678982031769,0.18032592001481504,5.4064667540048985,1.6855239932700323,0.2436427100285455,3,818.5216690388997,0,1,0
4,stack-production-t04-b005,79,21836,396,396,6.768356420347775,432.59227273501705,0.23200813141572602,5.606778362537852,0.8377872278088034,0.09178269858538748,0,0.0,0,1,0
4,stack-production-t04-b005,80,9982,186,186,4.787413904862794,315.93514273767744,0.011619923555507455,4.089492378591331,0.37469912955384643,0.3116024731621093,0,0.0,0,1,0
4,stack-production-t04-b005,81,19787,371,371,3.1431691900270664,487.41512161933196,1.8954163605025722,0.9687838624970482,0.227477276330319,0.05149169069712571,1,1.8176577064982098,0,1,0
4,stack-production-t04-b005,82,65156,1162,1162,7.02046647192677,663.8670406742357,5.315501931189309,1.585360974077804,0.0,0.11960356665964325,6,507.9857940723655,0,1,0
4,stack-production-t04-b005,83,131493,2444,2444,18.408814567199684,560.4536432708641,0.7832810119321088,1.3247110675383738,16.170424124686157,0.13039836304297822,2,80.75493273439909,1,1,0
4,stack-production-t04-b005,84,8379,191,191,2.712745341008975,248.81958346519977,0.0,2.3082957925973915,0.0,0.4044495484115836,0,0.0,0,1,0
4,stack-production-t04-b005,85,31592,623,623,3.7168454070137336,711.4180301372909,0.0,3.52106433806268,0.0,0.19578106895105252,2,548.3045759822487,0,1,0
4,stack-production-t04-b005,86,38847,653,653,4.386518065811377,819.5901467281014,0.11249449030340378,4.209905705369042,0.0,0.06411787013893726,3,437.79634986068396,0,1,0
4,stack-production-t04-b005,87,66396,1261,1261,6.888646845732611,315.9204970716419,1.0294317516971732,5.093270923005219,0.6110137449067297,0.15493042612349356,5,3663.758536769867,0,1,0
4,stack-production-t04-b005,88,46061,924,924,6.862591331795655,682.2914429520827,0.3422845779488743,5.646223390198424,0.5708647572791961,0.3032186063691527,2,401.8850595722939,0,1,0
4,stack-production-t04-b005,89,84215,1505,1505,11.864888851550873,906.1490043207425,2.7193778529068533,9.033390295458052,0.0,0.11212070318593405,4,1150.2783233089388,0,1,0
4,stack-production-t04-b005,90,16358,418,418,2.794508886089235,733.4453357715781,1.2254648634728447,1.1771379183840054,0.0,0.3919061042323863,2,5.324671852577941,0,1,0
4,stack-production-t04-b005,91,15085,275,275,2.657922091858253,764.2050973810095,1.3445326229844303,0.45171130865003306,0.7050659138058109,0.15661224641797808,1,71.80352757597305,0,1,0
4,stack-production-t04-b005,92,14806,281,281,3.472685624480065,590.0737658452998,0.885596430831407,2.083328538234582,0.12732421538930794,0.3764364400247669,0,0.0,0,1,0
4,stack-production-t04-b005,93,71035,1302,1302,7.83539468671089,886.7654083653558,0.29705908971977857,7.270684768691812,0.12099916035185743,0.1466516679474476,4,1156.3492876884811,0,1,0
4,stack-production-t04-b005,94,33575,597,597,3.525009019717761,780.4048000904821,0.0,3.5190430264857566,0.0,0.005965993232004955,3,1715.3184889087638,0,1,0
4,stack-production-t04-b005,95,16858,266,266,15.26804167910144,579.9515778454117,0.7651347762982498,0.0,14.499852727598757,0.0030541752044191393,1,0.7651347762982499,0,1,0
4,stack-production-t04-b005,96,53898,999,999,7.724621274301547,657.5029382539119,0.03023768976029579,7.249020871733817,0.0,0.4453627128074319,2,593.6308621231674,2,1,0
4,stack-production-t04-b005,97,3782,72,72,2.05004613644685,368.716902398204,0.0,1.9682014319583914,0.0,0.08184470448845796,0,0.0,1,1,0
4,stack-production-t04-b005,98,2640,38,38,0.2726118131212138,729.8444404449036,0.26369372655643225,0.0,0.0,0.008918086564781599,1,1.5352624205085565,0,1,0
4,stack-production-t04-b005,99,1869,39,39,0.7460046800678624,683.7425257534028,0.0,0.40654225825721824,0.19166635465990112,0.147796067150743,0,0.0,1,1,0
8,stack-pilot-t08-b000,0,53589,761,761,19.58351086066114,559.5462538959807,0.034913948060805805,7.633701278891867,11.594161087376,0.3207345463325133,1,316.7466707628697,0,1,0
8,stack-pilot-t08-b000,1,0,0,0,0.0,0.08424850742449053,0.0,0.0,0.0,0.0,0,0.0,1,0,0
8,stack-pilot-t08-b000,2,53419,791,791,7.155504366355104,587.2323874049296,5.183478291669831,1.6737424676704222,0.09719643241987797,0.20108717459498987,1,47.479984667581114,1,1,0
8,stack-pilot-t08-b000,3,46381,695,695,6.7689096608260835,410.23142512366246,4.271615823876228,1.917476176891796,0.24561774605172104,0.3341999140063614,0,0.0,0,1,0
8,stack-pilot-t08-b000,4,54278,764,764,10.843959326529511,518.1150913629789,1.2677260421058867,5.799817614194808,3.4031699545012533,0.37324571572757065,1,90.5847430629407,0,1,0
8,stack-pilot-t08-b000,5,8198,126,126,3.6373825958478316,468.2748444413871,0.07470074907623608,3.250915998871619,0.0,0.31176584789997513,0,0.0,0,1,0
8,stack-pilot-t08-b000,6,57345,831,831,7.5224336237451475,630.1724852500472,0.672856305421191,6.0013554539835186,0.7546121299983497,0.09360973434206528,2,1063.388718579953,1,1,0
8,stack-pilot-t08-b000,7,121608,1769,1769,14.481895498806123,628.4306923786096,5.275740116094045,5.340811162865567,3.4772782862943066,0.3880659335522138,4,262.4422131547382,0,1,0
8,stack-pilot-t08-b000,8,21554,281,281,8.601021638507548,749.3442869740663,0.7693059448555863,6.9971128060841465,0.5729086562576999,0.2616942313101284,0,0.0,4,1,0
8,stack-pilot-t08-b000,9,174538,2561,2561,27.438627704922105,511.14117363395167,5.767162262529808,19.204795730317706,2.245034280379417,0.22163543169526365,5,232.24488377917197,2,1,0
8,stack-pilot-t08-b000,10,9359,117,117,3.7906155520381573,812.0111508488556,0.5254599345156513,3.037249156413054,0.12251636627479456,0.10539009483465955,0,0.0,0,1,0
8,stack-pilot-t08-b000,11,201691,2969,2969,24.09067086819701,654.7695549236427,2.3740439998277116,21.460354375093605,0.0,0.2562724932756893,5,535.0476560103344,0,1,0
8,stack-pilot-t08-b000,12,160836,2392,2392,19.69052024534905,734.9994574693014,2.8658551275909683,16.483345555703785,0.2406060211156714,0.10071354093859437,5,2279.1385321696903,0,1,0
8,stack-pilot-t08-b000,13,351556,5164,5164,43.00772102136972,598.1136765078063,0.7520226540839364,41.68817745167596,0.0,0.5675209156097335,3,240.8600291638804,1,1,0
8,stack-pilot-t08-b000,14,250789,3734,3734,32.20120639245604,602.1797591800646,1.6882182938891783,28.320570012646755,1.9876940397297318,0.2047240461903747,1,55.15022341458869,1,1,0
8,stack-pilot-t08-b000,15,83454,1208,1208,11.84153496802263,449.5647360917904,0.2566446490593469,10.916577295205347,0.4008379064271139,0.2674751173307576,3,411.7221234050143,0,1,0
8,stack-pilot-t08-b000,16,91828,1309,1309,12.068007533280745,779.3940782840255,0.41962454456209836,11.373238910224465,0.0,0.2751440784942264,3,1201.2215321123656,0,1,0
8,stack-pilot-t08-b000,17,117542,1700,1700,12.57401837878401,782.2961298050975,0.0,12.541940029949549,0.0,0.03207834883439319,3,781.3868854735476,0,1,0
8,stack-pilot-t08-b000,18,15705,239,239,8.404150301887219,605.2670255581132,0.4493163130945908,4.6785264062605165,3.160752526130148,0.11555505640197437,0,0.0,0,1,0
8,stack-pilot-t08-b000,19,105574,1597,1597,11.639543527037379,806.1028985541358,2.316886107169409,6.5320609930387885,2.76178529624805,0.028811130581136733,3,281.53936039691024,0,1,0
8,stack-pilot-t08-b000,20,37819,522,522,5.38649074069615,655.8916424819361,0.40854118897523733,4.33969081379994,0.23745347998919897,0.4008052579317731,1,370.8619156425618,1,1,0
8,stack-pilot-t08-b000,21,80649,1179,1179,9.745585994532757,539.3805273033953,0.03365240055525627,9.463673797266251,0.0,0.24825979671118478,1,73.96634179627951,0,1,0
8,stack-pilot-t08-b000,22,0,0,0,0.0,0.0,0.0,0.0,0.0,0.0,0,0.0,0,0,0
8,stack-pilot-t08-b000,23,67607,1094,1094,10.705508506863389,346.8643801555822,1.9314805590189157,8.687249276092235,0.0,0.08677867175222621,2,1510.3173289513943,0,1,0
8,stack-pilot-t08-b000,24,408,2,2,0.05073487517830091,55.934247213104484,0.02759025366912335,0.0,0.0,0.023144621509177562,0,0.0,0,1,0
8,stack-pilot-t08-b000,25,125384,1796,1796,14.098220387624226,875.877301451083,4.149685937273949,9.484755720531897,0.3927978859665018,0.07098084385183977,5,1197.7011031027018,0,1,0
8,stack-pilot-t08-b000,26,72451,1067,1067,8.84647754874893,604.0308995387528,0.32996899662745277,8.42234879298849,0.0,0.09415975913297725,2,479.27798240108746,0,1,0
8,stack-pilot-t08-b000,27,55493,811,811,8.675481455599748,655.2399239849481,2.3167651971834657,5.027539454206554,0.9709765806401265,0.3602002235696135,2,321.97207500066537,0,1,0
8,stack-pilot-t08-b000,28,221244,3229,3229,23.977716252314213,920.9054203937836,16.371773452371237,7.345136689821219,0.1229910187284986,0.13781509139333858,10,1055.6752105835328,0,1,0
8,stack-pilot-t08-b000,29,70345,1093,1093,7.44033066695799,651.00748148748,0.08695827867849419,7.184553994658021,0.0,0.16881839362149859,2,470.7207867713317,0,1,0
8,stack-pilot-t08-b000,30,68980,1008,1008,7.770758925648573,625.8105900346252,0.0,7.333990169728178,0.0,0.4367687559203503,1,90.94944171871828,1,1,0
8,stack-pilot-t08-b000,31,25128,383,383,6.153573360133776,488.34206098488875,1.8124676522128877,4.055926945980673,0.10382789002869686,0.181350871911525,0,0.0,0,1,0
8,stack-pilot-t08-b000,32,480135,7043,7043,95.78504724361125,572.6271720541845,0.9801112718092777,72.21344092204511,22.134723960220935,0.4567710895365227,3,475.0073844119186,0,1,0
8,stack-pilot-t08-b000,33,6866,116,116,1.8934618461032604,362.9030608500769,0.31597565932640387,1.207023731766867,0.1321984558908298,0.23826399911915766,0,0.0,0,1,0
8,stack-pilot-t08-b000,34,107822,1668,1668,16.793013793699618,704.1882867495801,8.934908402886945,6.750376403896325,0.46221664213771874,0.6455123447786112,5,178.33046252688823,0,1,0
8,stack-pilot-t08-b000,35,56397,841,841,6.205313620715585,699.2643722566892,0.0,5.813112213069765,0.24747940510133049,0.1447220025444431,3,1910.7398607383816,0,1,0
8,stack-pilot-t08-b000,36,6782,103,103,4.000450074190708,488.3910852625432,0.0,3.965962090911603,0.0,0.0344879832791116,0,0.0,1,1,0
8,stack-pilot-t08-b000,37,40759,583,583,6.699956409179825,558.5711713884482,3.4738120896328333,2.88744193587911,0.0,0.33870238366791017,2,123.79803738270449,0,1,0
8,stack-pilot-t08-b000,38,351681,5151,5151,41.16465397737042,797.2838463750985,1.0482850198677351,39.33823236698091,0.6342094739084132,0.14392711661321328,3,732.0319604047352,0,1,0
8,stack-pilot-t08-b000,39,81793,1185,1185,8.389802515113763,442.7460041907928,8.367081340829612,0.0,0.0,0.02272117428413991,3,14.595305911646083,1,1,0
8,stack-pilot-t08-b000,40,107561,1509,1509,13.818442041113384,558.7551956210337,1.2720292650451903,12.06468626321665,0.22582623651396716,0.25590027633760687,2,346.71663576086723,0,1,0
8,stack-pilot-t08-b000,41,6690,106,106,1.375164964343342,533.2773239507691,0.4309315675029681,0.7243911917134938,0.0,0.21984220512687958,0,0.0,0,1,0
8,stack-pilot-t08-b000,42,64267,892,892,7.552435156882807,695.2403423915006,6.538071961885525,0.6044643084014751,0.29166434587205003,0.11823454072373181,3,95.48440938341008,0,1,0
8,stack-pilot-t08-b000,43,106246,1518,1518,11.282937751431861,879.660387950649,0.0,11.09939617897087,0.0,0.1835415724610323,3,868.2555742831903,0,1,0
8,stack-pilot-t08-b000,44,265226,4282,4282,28.898562351751902,769.2750779892766,15.485533024471398,13.240749764486365,0.0,0.17227956279385256,7,767.6696405331048,1,1,0
8,stack-pilot-t08-b000,45,128924,1819,1819,13.838080805276986,812.9122765731905,0.03233651748751962,10.26126080331534,3.4266785120015326,0.1178049724725915,5,1668.4262734766003,1,1,0
8,stack-pilot-t08-b000,46,79766,1107,1107,9.755357245369932,587.9780819516685,2.6780962991508503,6.610235200103857,0.3242227034897951,0.14280304262548468,3,794.9197169588232,0,1,0
8,stack-pilot-t08-b000,47,0,0,0,0.0,0.07126177027384983,0.0,0.0,0.0,0.0,0,0.0,1,0,0
8,stack-pilot-t08-b000,48,78619,1186,1186,8.739592213486747,459.61581760681025,1.2471993315260763,7.008050911718546,0.4214849210475222,0.0628570491945841,4,3382.451109630768,0,1,0
8,stack-pilot-t08-b000,49,35133,488,488,4.209543701961444,741.3705854298478,3.444892090457309,0.6137786362804718,0.0,0.15087297522365248,2,118.88270984393324,0,1,0
8,stack-pilot-t08-b000,50,323008,4620,4620,46.09925619141619,647.6986608596567,1.353760230970184,43.784734742259786,0.4981125900512749,0.46264862813462354,2,207.75991355371656,2,1,0
8,stack-pilot-t08-b000,51,11949,233,233,4.311208937717404,420.0585637036509,0.28030820211681295,3.0489049169040072,0.47676854525008955,0.50522727344649,0,0.0,0,1,0
8,stack-pilot-t08-b000,52,354484,5027,5027,71.32452030441672,483.1679841446691,0.013266069816023823,49.72259791841039,21.088326563530245,0.5003297526602685,2,85.24410450487706,0,1,0
8,stack-pilot-t08-b000,53,146270,2222,2222,19.025844058694027,333.4389892303582,0.04065329698233827,18.828435197266934,0.0,0.15675556444461347,1,34.52767830714285,3,1,0
8,stack-pilot-t08-b000,54,0,0,0,0.0,0.2707057535153581,0.0,0.0,0.0,0.0,0,0.0,5,0,0
8,stack-pilot-t08-b000,55,13700,203,203,15.338691640684571,320.9734827851253,0.23267203464991804,0.08601341111193506,14.629978445314066,0.3900277496086632,0,0.0,1,1,0
8,stack-pilot-t08-b000,56,84418,1242,1242,9.07884721166565,554.0916461838732,0.6868894284242005,8.2522202987372,0.11672400909810676,0.023013475406144804,2,472.41515546941343,0,1,0
8,stack-pilot-t08-b000,57,108975,1655,1655,16.230789586958775,630.5284297247886,4.396797703438582,11.059474236472333,0.39238824260246474,0.38212940444541066,5,179.73443540062968,2,1,0
8,stack-pilot-t08-b000,58,26220,376,376,6.150921020556409,403.7143940468945,1.814059116342468,4.0478544044811064,0.0,0.28900749973283624,0,0.0,0,1,0
8,stack-pilot-t08-b000,59,37734,536,536,6.506662751900552,630.3104435366156,0.6077035610582671,5.751234073179694,0.0,0.147725117662607,2,540.9466491834675,1,1,0
8,stack-pilot-t08-b000,60,131909,2221,2221,14.8171606591679,577.0462775531417,0.6617126656281411,14.04194696815232,0.0,0.1135010253874659,2,268.0112906207288,0,1,0
8,stack-pilot-t08-b000,61,437758,6420,6420,80.70705434661119,517.9488125085069,7.5171341308613,59.96077314741851,13.067303771257468,0.16184329707374762,2,181.0238994222811,0,0,0
8,stack-pilot-t08-b000,62,199816,2953,2953,28.823301702639217,312.06082473626105,0.0,26.18121700964703,2.3666336829122194,0.2754510100801274,2,203.18126484340542,1,1,0
8,stack-pilot-t08-b000,63,154926,2407,2407,16.518356873557344,864.1093631778594,1.0806356716346026,12.565668428232684,2.764630040080296,0.10742273360975393,5,1481.0795667891018,0,1,0
8,stack-pilot-t08-b000,64,160742,2334,2334,16.82173884755052,883.4506331289066,10.557576482638723,6.034658381277334,0.0,0.22950398363442312,7,1334.3986451194187,0,1,0
8,stack-pilot-t08-b000,65,108451,1551,1551,11.648583727781073,547.924498874117,0.3206174878454732,11.295583266439568,0.0,0.03238297349604147,3,713.4051575945905,0,1,0
8,stack-pilot-t08-b000,66,11730,172,172,5.039297918352305,222.06048554444607,0.372759490587836,3.2648611832174765,0.9855095485636411,0.41616769598335585,1,0.28646951025274325,0,1,0
8,stack-pilot-t08-b000,67,8425,112,112,1.2985216266853998,516.7987410264384,0.7854541641831959,0.4348492764780758,0.0,0.07821818602412789,0,0.0,0,1,0
8,stack-pilot-t08-b000,68,223697,3269,3269,26.980019771574888,554.0975233511089,17.553118601881565,9.105319555506377,0.11182032474061998,0.2097612894464703,11,2363.5399363522583,0,1,0
8,stack-pilot-t08-b000,69,91395,1274,1274,9.555504388910647,786.7888819769823,2.9108632197042303,6.619888617886398,0.0,0.02475255131995913,3,622.4550565124188,0,1,0
8,stack-pilot-t08-b000,70,78057,1105,1105,9.673818706127726,648.4935058851983,0.294555556579426,8.30038101671665,0.8647604779325775,0.21412165489904506,2,376.1238193110827,3,1,0
8,stack-pilot-t08-b000,71,3211,52,52,1.352678379610745,516.2866677718511,0.08542607910212499,0.9514130092202322,0.17473641522519756,0.14110287606319047,0,0.0,0,1,0
8,stack-pilot-t08-b000,72,59653,865,865,7.181242608465251,317.9867829419773,0.04796383821642219,6.945481977419102,0.0,0.18779679282968656,1,124.94113323997125,0,1,0
8,stack-pilot-t08-b000,73,202871,3065,3065,22.194502169708358,715.2494957346838,2.501704958316882,8.088656926263287,11.470588029309138,0.13355225581908428,9,1714.031906017333,0,1,0
8,stack-pilot-t08-b000,74,137813,1978,1978,14.801146066764458,868.0372912619972,1.2505609293311806,13.319591466386761,0.07692646954455995,0.15406720150198294,6,1828.3726168227802,1,1,0
8,stack-pilot-t08-b000,75,52665,806,806,5.8245362237531,771.7167608941629,0.0,5.342238215254394,0.3909215383228002,0.09137647017591595,2,1357.8632010478586,1,1,0
8,stack-pilot-t08-b000,76,6104,71,71,1.7807230489265753,310.76782891087413,0.1566519589970582,1.0934058746023538,0.1831444106719573,0.3475208046552082,0,0.0,0,1,0
8,stack-pilot-t08-b000,77,34975,547,547,5.483219873045245,325.9655689398471,0.0,5.150351109635079,0.13386865595748532,0.19900010745268643,1,448.04012356968275,0,1,0
8,stack-pilot-t08-b000,78,41993,575,575,8.017161780574641,464.57900875921734,1.4942801788543978,6.02759377989525,0.19261192137855687,0.30267590044645143,2,856.7100335361301,1,1,0
8,stack-pilot-t08-b000,79,151269,2347,2347,38.847319585132944,635.4079058683287,0.016342395612441763,28.871469574751842,9.667681580209216,0.29182603455939693,1,238.52771541044055,0,1,0
8,stack-pilot-t08-b000,80,131763,1928,1928,23.558745910544744,530.8894592848259,0.3820834866394358,20.276017008142276,2.727486876685361,0.17315853907762316,2,398.5046651236766,0,1,0
8,stack-pilot-t08-b000,81,74216,1100,1100,16.212379178374395,709.6245022368383,0.0,0.08922628865639126,16.0249343105386,0.09821857917937012,2,193.34473297590037,1,1,0
8,stack-pilot-t08-b000,82,35534,541,541,4.108137788146259,673.0739449541862,0.46656034734050283,0.4959650548996706,3.136071961809834,0.00954042409625031,2,557.3572055440325,1,1,0
8,stack-pilot-t08-b000,83,99240,1412,1412,10.330212091787821,767.83613617314,3.68820018149806,3.9350752556840662,2.6124878952081723,0.09444875939754871,5,1334.8582806116779,0,1,0
8,stack-pilot-t08-b000,84,62222,784,784,6.696639839090251,675.1767475748775,6.375361208138688,0.0,0.30390968451501976,0.01736894643654851,5,81.78299245806532,1,1,0
8,stack-pilot-t08-b000,85,133183,1930,1930,19.881715825257047,696.2646340639504,3.3919244058656726,11.374383834166407,4.71785987268092,0.3975477125440558,3,242.073156863509,0,1,0
8,stack-pilot-t08-b000,86,7335,108,108,2.4961106296829874,597.8803074616067,0.24378635463291717,1.8682120184630548,0.10288597823637247,0.28122627835064484,0,0.0,0,1,0
8,stack-pilot-t08-b000,87,155489,2307,2307,28.131401717459436,542.1280732704287,1.6811767721627442,26.162207031682083,0.0,0.2880179136146817,1,22.2438821256536,0,1,0
8,stack-pilot-t08-b000,88,191067,2796,2796,20.18086978146517,739.2713851018307,11.843001102400475,8.08338452254462,0.0,0.2544841565200351,9,2886.716337010602,0,1,0
8,stack-pilot-t08-b000,89,175804,2550,2550,19.37756280603542,922.3971214451312,1.4213388322880467,9.392466377382032,8.516118182069103,0.04763941429611681,5,726.0441007332843,0,1,0
8,stack-pilot-t08-b000,90,86397,1312,1312,10.485661734536775,588.7013935003077,0.0,9.898497262255237,0.43013794548096485,0.15702652680051657,1,67.88501249638189,0,1,0
8,stack-pilot-t08-b000,91,23204,327,327,8.096646076826763,302.31001147449183,0.5733734598505117,7.435345642696348,0.0,0.08792697427992019,0,0.0,0,1,0
8,stack-pilot-t08-b000,92,7851,127,127,1.5664201904789994,9.250423369838451,0.7472162890860147,0.08669946530380912,0.6885424735446577,0.04396196254451695,0,0.0,0,1,0
8,stack-pilot-t08-b000,93,94545,1406,1406,10.226242620302504,652.9801054035751,0.17560084020585262,9.869853420690278,0.1549705459165125,0.02581781348987342,3,408.730863966526,0,1,0
8,stack-pilot-t08-b000,94,230213,3345,3345,38.79572365595038,525.832889838533,0.5711233608306561,35.04088870203776,2.838594093469672,0.345117499612445,4,976.1436064109419,1,1,0
8,stack-pilot-t08-b000,95,129019,1887,1887,18.91302523314552,571.3460572629892,0.18244611892768897,5.75239053922735,12.643638799157133,0.33454977583324635,2,192.25702216463452,0,1,0
8,stack-pilot-t08-b000,96,132646,1969,1969,14.338257585038049,954.9255908294766,0.0,14.301901641218127,0.0,0.036355943819882504,4,939.2948875307256,1,1,0
8,stack-pilot-t08-b000,97,142036,2029,2029,15.328665344819234,811.9669265436488,0.8470607991722928,12.5486905844588,1.7676721575784002,0.16524180360968693,4,965.1179168968604,1,1,0
8,stack-pilot-t08-b000,98,11611,144,144,3.960919390263947,102.68486725213847,0.0,3.9578256488407533,0.0,0.0030937414231908566,0,0.0,0,1,0
8,stack-pilot-t08-b000,99,114727,1720,1720,13.485091867173196,721.5253882543784,0.6429714995714217,10.125549612711433,2.5455513319110836,0.17101942297919354,2,223.79715943176052,0,1,0
8,stack-pilot-t08-b001,0,7734,95,95,3.2787854751335117,403.66675636336055,0.0,2.713117466991207,0.09038091248476121,0.47528709565754484,0,0.0,1,1,0
8,stack-pilot-t08-b001,1,162750,2359,2359,19.8191047866674,557.5864143596747,9.286796464186148,10.22944170113666,0.15505309759828378,0.1478135237464115,4,625.2599335399527,0,1,0
8,stack-pilot-t08-b001,2,78437,1173,1173,20.12155383996821,533.6051897037923,0.15714480817440063,15.079176474819604,4.482681765713086,0.4025507912611308,1,324.02572397613795,2,1,0
8,stack-pilot-t08-b001,3,21549,296,296,3.146997910169905,670.646888128709,2.0950749547847787,0.5677497210890579,0.41705342867135187,0.06711980562471909,1,3.8640205449713068,2,1,0
8,stack-pilot-t08-b001,4,5362,80,80,2.970229709124606,447.27937572381154,0.0,2.633491572349726,0.08934037481412815,0.24739776196074842,0,0.0,0,1,0
8,stack-pilot-t08-b001,5,87293,1254,1254,11.883969359075971,304.61574308470455,0.17360143362364794,11.422883671427266,0.0,0.2874842540250156,4,3018.7538566584085,0,1,0
8,stack-pilot-t08-b001,6,35321,508,508,4.459065217281551,130.04991902628302,0.0,4.353701576900726,0.0,0.1053636403808309,2,1714.088618151317,5,1,0
8,stack-pilot-t08-b001,7,60648,895,895,6.4225405142088485,664.9123707522295,6.046282434196255,0.0,0.17409333862815402,0.20216474138443244,2,19.578680497240704,0,1,0
8,stack-pilot-t08-b001,8,226105,3344,3344,24.286132942370827,841.5900312990253,0.9108729278865351,22.816931436329085,0.3732493421855878,0.18507923596963496,8,4420.979390522973,0,1,0
8,stack-pilot-t08-b001,9,29053,386,386,4.685397309800742,486.9073065848451,0.09013180820054541,1.9132046794372854,2.46822792128752,0.2138329008753762,1,69.0002415076324,1,1,0
8,stack-pilot-t08-b001,10,49302,671,671,5.849150741558621,594.7605429317242,0.0,5.688211812352323,0.0,0.16093892920627922,1,127.65085288138997,1,1,0
8,stack-pilot-t08-b001,11,48514,840,840,5.537590828226425,559.2661072193343,0.0,5.195708971730555,0.0,0.34188185649586844,1,163.0115950985874,0,1,0
8,stack-pilot-t08-b001,12,3681,48,48,0.8775404194158778,286.86572462449885,0.14570947334444306,0.5536187071610357,0.0,0.1782122389104,0,0.0,0,1,0
8,stack-pilot-t08-b001,13,112931,1656,1656,14.197940844294655,619.7720982727573,0.7228132997417371,12.127517900271087,0.884774863932762,0.4628347803490448,3,1328.252929372606,0,1,0
8,stack-pilot-t08-b001,14,116138,1812,1812,14.34825482757965,836.8642079189016,0.675665356206091,12.59932805898975,0.7656816952315211,0.3075797171522052,3,1710.8402427381518,0,1,0
8,stack-pilot-t08-b001,15,47738,685,685,6.915196212542577,630.7067302574399,0.0,2.085031052876616,4.446266458118834,0.3838987015471451,2,319.8213091209885,0,1,0
8,stack-pilot-t08-b001,16,139259,2020,2020,18.47574507241135,523.7630947167033,0.4735335195666872,16.134511553121644,1.3896181503892124,0.47808184933385944,1,87.94270161952348,0,1,0
8,stack-pilot-t08-b001,17,306345,4491,4491,32.00215391343907,824.9092739589742,27.825195936254516,3.904694564726706,0.0,0.2722634124576361,11,464.05237366718575,0,1,0
8,stack-pilot-t08-b001,18,65455,952,952,7.981462141578057,800.6076352419581,3.297787951663484,4.10671832609967,0.07949858200845483,0.49745728180646664,3,485.5055330581886,0,1,0
8,stack-pilot-t08-b001,19,90339,1290,1290,10.18628255581126,733.9217766778056,2.575664389188265,7.402607284884012,0.0,0.20801088173903373,4,809.8614050726258,0,1,0
8,stack-pilot-t08-b001,20,1109,18,18,0.1219655233568774,327.2219462252119,0.12161967225056228,0.0,0.0,0.00034585110631517606,0,0.0,3,1,0
8,stack-pilot-t08-b001,21,167067,2453,2453,18.10869145320554,580.9633255683282,8.047073438238227,9.72371596478682,0.24735578723812068,0.09054626294231187,4,166.69305258378267,0,1,0
8,stack-pilot-t08-b001,22,68869,1036,1036,9.317742492759743,703.2302793766852,0.0,8.17132073708399,0.7261526462098118,0.4202691094659284,2,721.1133547644607,0,1,0
8,stack-pilot-t08-b001,23,31004,435,435,7.518289543057298,348.6926187497172,2.2461397876421345,4.045903276387094,0.8028469539185608,0.4233995251095126,1,22.86922760802183,2,1,0
8,stack-pilot-t08-b001,24,3253,33,33,0.4715354018446166,808.4012883379028,0.14626562985770375,0.1399562556185856,0.0,0.1853135163683273,0,0.0,0,1,0
8,stack-pilot-t08-b001,25,13893,191,191,4.705874733318343,614.5198161225934,0.3890036943528558,3.1236173061746513,0.5071729246719769,0.686080808118857,0,0.0,0,1,0
8,stack-pilot-t08-b001,26,2923,59,59,1.291681577987761,574.1793219658545,0.0,0.9972353438870414,0.1182972342667199,0.1761489998339995,0,0.0,0,1,0
8,stack-pilot-t08-b001,27,131882,1991,1991,15.7363069112533,887.3682500124382,13.357971171040132,2.130895125560187,0.15817268367027282,0.08926793098267852,7,329.7681126269671,0,1,0
8,stack-pilot-t08-b001,28,133397,1858,1858,15.259136657587296,587.3683653506223,1.0824040937320372,14.103960666585891,0.0,0.07277189726947592,1,64.97239579817997,1,1,0
8,stack-pilot-t08-b001,29,0,0,0,0.0,0.025691712551633827,0.0,0.0,0.0,0.0,0,0.0,1,0,0
8,stack-pilot-t08-b001,30,177680,2655,2655,28.31406194503894,683.3006508576176,0.8773063475700836,27.07305972107941,0.16668406747521658,0.19701180891412395,3,175.83230038823532,0,1,0
8,stack-pilot-t08-b001,31,23703,365,365,2.700300556500401,516.9238525553968,0.597737120905119,0.1551762764254363,1.8215054304650904,0.12588172870474745,1,274.37054006908744,0,1,0
8,stack-pilot-t08-b001,32,40623,621,621,5.862739218365714,612.1816075484445,0.6318308022161478,4.863221802990493,0.0,0.36768661315905893,1,390.0997697043054,0,1,0
8,stack-pilot-t08-b001,33,13644,195,195,5.258230936870445,555.3718947840534,0.3462119127177368,4.277800799306874,0.1776785286347149,0.45653969621112217,0,0.0,1,1,0
8,stack-pilot-t08-b001,34,52916,793,793,6.028966389344123,347.03500390078796,0.04475123330668423,5.592918187376566,0.0,0.39129696866089175,2,1263.7058788611284,0,1,0
8,stack-pilot-t08-b001,35,212693,3154,3154,28.379863870255395,675.9751210958311,0.5293427064889108,27.78650117457211,0.0,0.06401998919429101,2,200.01712476139434,1,1,0
8,stack-pilot-t08-b001,36,178519,2590,2590,26.61909161407874,533.5726880443115,4.546864859722666,21.375811981625084,0.10878373418927367,0.5876310385417963,3,64.14401262830759,1,1,0
8,stack-pilot-t08-b001,37,61200,836,836,7.420048727051988,847.0388780465678,1.2385565134456074,6.030014350857026,0.07207841857780295,0.07939944417155137,2,959.9094471640292,0,1,0
8,stack-pilot-t08-b001,38,26815,378,378,2.91740100392129,501.6601700281992,0.618193392354723,0.12406259783165297,2.0034317365236514,0.1717132772112676,1,273.16220700162546,1,1,0
8,stack-pilot-t08-b001,39,150599,2203,2203,26.05875725060573,402.797832049728,2.336199576982303,23.649813744862804,0.0,0.07274392876083342,2,33.706794835219625,1,1,0
8,stack-pilot-t08-b001,40,162093,2415,2415,41.5967950960088,636.0739491886709,1.3630696581655477,6.676656068852424,33.44139437377707,0.11567499521430802,5,1942.4457671946145,0,1,0
8,stack-pilot-t08-b001,41,98156,1424,1424,12.97759229523541,696.8108692926467,3.20661620946575,8.77673504161157,0.7263246187619082,0.26791642539616045,4,1574.2856769036093,0,1,0
8,stack-pilot-t08-b001,42,75346,1052,1052,9.001677120590038,458.72185421242676,0.2867705908931735,7.92325741322281,0.7196791833393945,0.0719699331346341,4,3364.9784062064564,0,1,0
8,stack-pilot-t08-b001,43,63012,898,898,6.839057516634842,793.9212199650724,0.01713960112134749,6.752089376718658,0.0,0.06982853879483712,3,1870.1477807155331,2,1,0
8,stack-pilot-t08-b001,44,136809,2004,2004,17.32720970707965,582.0907217755283,0.7948772702251531,15.747636318995749,0.6378201938146049,0.14687592404412064,4,1265.3460167477858,1,1,0
8,stack-pilot-t08-b001,45,203610,2918,2918,22.882815464624063,628.1509680421793,4.796377945374039,17.67502488328252,0.0,0.4114126359674179,5,2163.691070392709,0,1,0
8,stack-pilot-t08-b001,46,125566,1962,1962,16.028593191012536,584.3028130407781,0.29505761502705075,14.395227240885593,1.2584579471676989,0.07985038793224672,4,1163.1726340391692,0,1,0
8,stack-pilot-t08-b001,47,69983,1036,1036,14.881251581057873,551.6049125396954,0.050590077581803006,6.588191734845669,8.067552268313834,0.17491750031660738,2,229.1856570344733,1,1,0
8,stack-pilot-t08-b001,48,147900,2173,2173,16.537961178439822,523.9186041863402,0.7530063152536922,15.364800397061895,0.0818096150051133,0.33834485111906615,7,4533.850894210772,1,1,0
8,stack-pilot-t08-b001,49,136265,1986,1986,15.476942731683192,109.46995006460763,0.0,15.439524603731863,0.0,0.03741812795138136,0,0.0,1,1,0
8,stack-pilot-t08-b001,50,0,0,0,0.0,0.0,0.0,0.0,0.0,0.0,0,0.0,0,0,0
8,stack-pilot-t08-b001,51,59587,842,842,8.61890372952417,304.89028802071243,0.0,7.7754406316534705,0.7733476323101058,0.0701154655605892,3,2236.471343365539,1,1,0
8,stack-pilot-t08-b001,52,45845,636,636,5.410589816731911,686.0224302081621,0.029000946835916776,5.031438717189541,0.22668521096769476,0.1234649417387519,1,171.05466141160738,0,1,0
8,stack-pilot-t08-b001,53,9230,141,141,3.9994605386766615,622.6214215524996,0.01784462576497134,2.3603383818064003,1.010559642186597,0.6107178889186928,0,0.0,0,1,0
8,stack-pilot-t08-b001,54,250552,3616,3616,58.19195005884457,419.7054043179401,0.007936332233727542,42.778632231931155,15.039530353935397,0.3658511407439463,0,0.0,0,0,0
8,stack-pilot-t08-b001,55,5319,83,83,1.9265245302879428,26.098636944849023,0.23694678964634772,1.0146414961093342,0.46040726948922384,0.21452897504303614,0,0.0,1,1,0
8,stack-pilot-t08-b001,56,10532,148,148,3.3081115461023196,262.54032625448474,0.3186831241950975,2.34035044037887,0.13172197551648424,0.5173560060118697,0,0.0,0,1,0
8,stack-pilot-t08-b001,57,47460,698,698,4.866145539613785,786.794316844743,0.6961822449681394,4.157272790867912,0.0,0.012690503777716041,2,1286.9667599389154,0,1,0
8,stack-pilot-t08-b001,58,171690,2507,2507,18.093613762777117,925.2866600179027,5.311351787206852,12.652530442353575,0.0,0.1297315332166547,7,1177.1330833922827,0,1,0
8,stack-pilot-t08-b001,59,128703,1902,1902,21.695257046126713,677.2103379090564,1.357586632930987,15.97304730395712,4.277588820381809,0.0870342888568909,3,1449.3462868058919,0,0,0
8,stack-pilot-t08-b001,60,74518,1142,1142,9.331754332992137,539.1429620381874,3.4947238389413444,1.1032210659741395,4.306379288505012,0.4274301395716182,2,79.20958846943059,0,1,0
8,stack-pilot-t08-b001,61,129621,1777,1777,16.481337300961485,539.2340447369729,5.726190532844075,3.214858391633811,7.239017928535383,0.3012704479482776,2,80.03717073067601,1,1,0
8,stack-pilot-t08-b001,62,73612,1086,1086,8.48125569510439,439.68323082405317,0.05707610168498031,7.960151815003213,0.2967872391980535,0.1672405392181512,2,451.5246094311682,2,1,0
8,stack-pilot-t08-b001,63,110816,1682,1682,15.498726887330367,443.24454963900615,0.6639092634951175,13.7906825405721,0.6534554141762783,0.390679669086845,1,87.68055179918944,0,1,0
8,stack-pilot-t08-b001,64,0,0,0,0.0,0.006731429741194006,0.0,0.0,0.0,0.0,0,0.0,1,0,0
8,stack-pilot-t08-b001,65,144575,2063,2063,16.52939142897022,741.9045811314608,0.40059615508379487,15.852041449492143,0.0,0.27675382439424445,4,781.8511806610815,1,1,0
8,stack-pilot-t08-b001,66,50872,753,753,6.053636946475876,771.5964289114094,1.3975221474956963,0.8524628385661117,3.572423915126527,0.231228045287509,2,653.9104939747815,0,1,0
8,stack-pilot-t08-b001,67,121042,1735,1735,12.69876118208971,667.9321042092594,0.5396456127910159,9.353776974467348,2.7724206515104552,0.03291794332087022,4,1154.508576535915,1,1,0
8,stack-pilot-t08-b001,68,11700,177,177,7.363602619440252,362.7029123851592,0.014767899328141099,3.8656044655309643,3.480061704427526,0.003168550153621263,0,0.0,0,1,0
8,stack-pilot-t08-b001,69,325869,4792,4792,41.7474026682142,656.6289068428431,2.2516812779050097,37.95283419942706,1.1572680226581724,0.3856191682238163,4,614.79623506395,0,1,0
8,stack-pilot-t08-b001,70,232872,3215,3215,29.777525958015076,622.5423326155801,6.062649243966623,22.633406877368405,0.7773726928450191,0.30409714383493147,5,1868.1668239482024,0,1,0
8,stack-pilot-t08-b001,71,7613,103,103,2.244177361715867,138.0560748555108,0.41431847536907257,1.4532279766817737,0.1666156010105624,0.21001530865445847,0,0.0,0,1,0
8,stack-pilot-t08-b001,72,38907,654,654,7.449275843733252,579.9180301022634,0.07128076082385171,5.075134554538055,2.0970578856789195,0.20580264269244342,1,244.1507693650488,1,1,0
8,stack-pilot-t08-b001,73,20282,298,298,2.8294414969748565,549.5619529381539,1.9701874098205947,0.8174219233409303,0.0,0.04183216381333618,1,1.9701874098205943,0,1,0
8,stack-pilot-t08-b001,74,18651,255,255,7.9221859981619005,238.08285414052273,0.1221524622686671,7.2291161847281264,0.5113454370712134,0.05957191409389825,0,0.0,0,1,0
8,stack-pilot-t08-b001,75,109745,1618,1618,12.550657100929524,504.6730998993581,5.928053965995991,6.424424583565898,0.0,0.19817855136761764,2,162.18005387284396,0,1,0
8,stack-pilot-t08-b001,76,267578,3949,3949,31.149514856472216,589.5530353265493,0.6572673291580013,24.74572916007836,5.353329565241085,0.393188801994732,6,1057.430759854253,1,1,0
8,stack-pilot-t08-b001,77,1178,23,23,0.1369090870575072,373.6230954871573,0.1365754549237825,0.0,0.0,0.00033363213372473365,0,0.0,1,1,0
8,stack-pilot-t08-b001,78,373483,5664,5664,47.791369899763474,570.0241819297611,0.8908599551926545,14.33305307212711,32.067746050775,0.49971082166881126,3,251.5141034398548,0,1,0
8,stack-pilot-t08-b001,79,66252,976,976,14.709867791295567,563.586316452231,4.127282265296364,7.765986889970349,2.4350122596907955,0.3815863763380771,2,41.9409568335098,1,1,0
8,stack-pilot-t08-b001,80,119810,1800,1800,15.544067326533266,470.5996850902507,5.371435349162858,8.928877338829306,0.8355053368959489,0.40824930164524587,4,797.5048925554146,1,1,0
8,stack-pilot-t08-b001,81,96538,1405,1405,11.613835696581447,474.5343902929401,0.03493177378860725,11.205100401806142,0.07550071456535079,0.29830280642131307,2,329.79246287827175,0,1,0
8,stack-pilot-t08-b001,82,156485,2325,2325,16.1887548182648,857.4191943740043,9.097155087391421,7.006511458708956,0.0,0.0850882721643674,9,1593.1084847131433,0,1,0
8,stack-pilot-t08-b001,83,344045,5400,5400,40.52631710849703,750.132454210663,6.106907186290685,33.69681682872957,0.3771848025262443,0.3454082909503773,7,2013.5426278072891,0,1,0
8,stack-pilot-t08-b001,84,87060,1275,1275,14.307194752387606,690.8905487887919,0.0,12.76217453377854,1.2981108009859716,0.2469094176231049,3,1868.7764990801672,0,1,0
8,stack-pilot-t08-b001,85,84441,1259,1259,12.982663213450035,417.9133715441934,2.7790549421864226,3.477259581971907,6.5606184775065906,0.16573021178515307,4,478.57342658204436,0,1,0
8,stack-pilot-t08-b001,86,104973,1705,1705,16.446066084839167,417.2817057041131,0.0033164132237364923,8.122583491089813,8.066849979423392,0.2533162011021766,1,53.303368346705405,1,1,0
8,stack-pilot-t08-b001,87,130779,1945,1945,16.341193239804984,715.8389650246368,0.2926373552573688,12.978920021771524,2.766823637018735,0.30281222575738437,2,339.55244823333726,1,1,0
8,stack-pilot-t08-b001,88,8462,110,110,4.237070743016866,605.8051147217632,0.15035148266237147,4.028646434200596,0.0,0.0580728261539016,0,0.0,0,1,0
8,stack-pilot-t08-b001,89,0,0,0,0.0,0.0,0.0,0.0,0.0,0.0,0,0.0,0,0,0
8,stack-pilot-t08-b001,90,0,0,0,0.0,0.05480792741582263,0.0,0.0,0.0,0.0,0,0.0,3,0,0
8,stack-pilot-t08-b001,91,15608,214,214,1.9618135637960559,636.1491386261357,0.041016612534459485,0.27502748709173375,1.4242132495789042,0.2215562145909581,1,49.66675010752726,0,1,0
8,stack-pilot-t08-b001,92,55319,828,828,5.805676505348146,819.5406409549722,0.0,5.790466271566018,0.0,0.015210233782135898,2,704.9302028034431,0,1,0
8,stack-pilot-t08-b001,93,0,0,0,0.0,398.8564435456653,0.0,0.0,0.0,0.0,0,0.0,0,1,0
8,stack-pilot-t08-b001,94,24968,357,357,9.14490336220502,465.3641896896206,0.7299779094349612,7.202275975002408,0.9848184850757207,0.22783099269193646,0,0.0,1,1,0
8,stack-pilot-t08-b001,95,86666,1241,1241,10.03609733743818,711.0803108409007,0.10968588302298615,7.259282482956592,2.5289502101733596,0.13817876128524886,2,304.0995785765288,0,1,0
8,stack-pilot-t08-b001,96,32389,478,478,5.794914130101474,629.0324164060856,0.4548284836176026,5.069434066934233,0.0,0.2706515795496369,1,588.8384412025022,0,1,0
8,stack-pilot-t08-b001,97,103489,1513,1513,13.552428703342333,616.2968521035727,0.00042024812741789353,12.236487170131278,0.9880591779583483,0.3274621071253237,1,52.20949874783148,0,1,0
8,stack-pilot-t08-b001,98,4271,59,59,1.554030246435106,476.7221381892089,0.06354237019137146,1.2549698230066042,0.0,0.23551805323713132,0,0.0,0,1,0
8,stack-pilot-t08-b001,99,61920,973,973,7.038723127215862,425.5693717652617,0.7505896847730095,6.1371990678066215,0.0,0.15093437463623388,3,2469.1798653663336,0,1,0
8,stack-pilot-t08-b002,0,37283,538,538,9.267027725588841,609.9517341614189,2.433054356574963,5.593663483862883,0.8185662097985187,0.4217436753524536,1,1.8064860176350765,1,1,0
8,stack-pilot-t08-b002,1,113998,1685,1685,13.72691898325511,621.6528947819613,2.656070019650801,8.996664016680379,1.8047642128235613,0.2694207341003296,4,799.628517428585,0,1,0
8,stack-pilot-t08-b002,2,162907,2429,2429,19.895609833505695,773.8252013650912,0.7760482981234044,17.128984517265486,1.8760782802088876,0.11449873790786078,4,1152.5277738369844,1,1,0
8,stack-pilot-t08-b002,3,141733,2121,2121,15.33998565107135,731.9246737117071,14.463882523004683,0.6645984870339134,0.07628877844945237,0.13521586258324728,8,73.96289956419645,0,1,0
8,stack-pilot-t08-b002,4,157720,2257,2257,19.173833309882173,608.3965291883915,0.09339434376530177,11.172613475086994,7.721109672621153,0.18671581840875406,3,377.901408581476,0,1,0
8,stack-pilot-t08-b002,5,166476,2380,2380,20.924598066931967,816.1619407517941,0.9507460590683305,18.2685786505205,1.4136973819266776,0.29157597541651475,2,360.7747940550062,0,1,0
8,stack-pilot-t08-b002,6,173989,2482,2482,26.02017173509317,696.8989962402217,3.007615192085359,16.718136383779346,5.996141718108716,0.298278441119763,6,1361.1577497293058,0,1,0
8,stack-pilot-t08-b002,7,9321,152,152,2.172186843534712,626.1244232004384,0.6225659697909712,1.155140864687155,0.1830899051255983,0.21139010393098956,0,0.0,0,1,0
8,stack-pilot-t08-b002,8,314896,5000,5000,61.734316296583344,589.2095520325787,0.7703030200738782,34.316305343663075,26.201393962206183,0.4463139706403401,5,1162.069715403775,0,1,0
8,stack-pilot-t08-b002,9,15222,218,218,6.259229910324235,615.2928629481219,0.3128674265697069,4.534159359441219,0.7792006095478428,0.6330025147654623,0,0.0,0,1,0
8,stack-pilot-t08-b002,10,122151,1813,1813,14.371133512529395,178.8773123907743,1.2448955748191384,9.744761827827137,3.268644556595154,0.11283155328800763,3,863.7738174799174,1,1,0
8,stack-pilot-t08-b002,11,96313,1429,1429,12.503470557746157,678.3239804867512,3.335443648428656,8.666156933593246,0.3161019461276737,0.18576802959653962,4,811.7918903927196,0,1,0
8,stack-pilot-t08-b002,12,8346,121,121,2.6624365188445025,332.8096884361472,0.2516081215235472,1.992206673361352,0.0,0.41862172395960495,0,0.0,0,1,0
8,stack-pilot-t08-b002,13,37704,537,537,4.832355731694159,763.7268081727028,0.19232975476258257,3.877153019175813,0.6643665247484023,0.0985064330073798,1,286.1041434230187,2,1,0
8,stack-pilot-t08-b002,14,246541,3413,3413,30.678414866735263,602.2484394217388,2.824053849437948,27.78668141993938,0.0,0.06767959735805751,4,274.0545499017207,0,1,0
8,stack-pilot-t08-b002,15,502397,7311,7311,70.20866814572447,573.5999559074771,0.8040270113733488,68.53158986895389,0.5575245672462188,0.31552669815132556,3,91.57704463777375,0,1,0
8,stack-pilot-t08-b002,16,0,0,0,0.0,8.975147902311205,0.0,0.0,0.0,0.0,0,0.0,0,1,0
8,stack-pilot-t08-b002,17,110056,1552,1552,12.355914608146874,671.0910832424354,1.1304821711613942,11.087936905016509,0.0,0.1374955319690122,3,781.9537543146855,2,1,0
8,stack-pilot-t08-b002,18,181210,2689,2689,22.082935831465022,384.6715771333638,1.2247337616625713,20.60664549327424,0.0,0.2515565765283068,1,46.78015455691167,0,1,0
8,stack-pilot-t08-b002,19,6524,94,94,2.590076742540824,436.3472204185402,0.15296650268172543,2.1845541873449292,0.0,0.2525560525141691,0,0.0,0,1,0
8,stack-pilot-t08-b002,20,99696,1424,1424,11.597747258876527,561.9484848586357,0.0,11.461115357839397,0.0,0.13663190103713074,3,1008.3567637666697,3,1,0
8,stack-pilot-t08-b002,21,6644,88,88,7.3410321637505,595.6587835092183,0.1123467871690372,0.8256892064857766,6.113694156936673,0.289302013159015,1,0.07684835385081087,0,1,0
8,stack-pilot-t08-b002,22,95797,1376,1376,11.867012926519294,767.9634553231656,1.1308509181646116,8.022831949533991,2.609196849489406,0.10413320933125338,3,781.0740631446556,0,1,0
8,stack-pilot-t08-b002,23,71986,1043,1043,9.897819338000899,525.2361447981153,0.0,9.637883801344653,0.11012014421976346,0.149815392436527,1,171.51560071395434,0,1,0
8,stack-pilot-t08-b002,24,372544,5561,5561,47.01216330191678,399.95530075134764,0.03410272160157281,29.117462113833685,17.57339602079426,0.287202445687045,2,178.80705747502265,0,1,0
8,stack-pilot-t08-b002,25,85556,1280,1280,9.972129692811755,510.321403206889,0.0,9.67087130652411,0.0,0.30125838628761764,1,91.5362600634671,0,1,0
8,stack-pilot-t08-b002,26,404,11,11,0.10955879118308809,24.099798751090233,0.03601252889756945,0.07028363350946165,0.0,0.003262628776056977,0,0.0,2,1,0
8,stack-pilot-t08-b002,27,2425,37,37,0.8282601964442019,86.37085941103267,0.09190773115103926,0.6421501923160804,0.0,0.0942022729770827,0,0.0,5,1,0
8,stack-pilot-t08-b002,28,231894,3265,3265,31.435653511338725,691.1705512427949,0.5167391898428839,29.669749920561866,1.0473189628355613,0.20184543809840258,3,379.2673326484404,0,1,0
8,stack-pilot-t08-b002,29,206812,3095,3095,22.703213957021955,576.1473383544799,3.787307072238,14.196198669957797,4.623479476000912,0.09622873882519446,7,1296.603653458691,0,1,0
8,stack-pilot-t08-b002,30,23413,319,319,3.834437787588903,262.3787260026603,2.071380679409982,1.426546774005942,0.11636536244259332,0.2201449717303936,2,1.6287867960905964,0,1,0
8,stack-pilot-t08-b002,31,49023,684,684,6.372483076439847,709.602201825859,1.1287848863425547,5.139212115258077,0.0841943585764966,0.02029171626272727,2,324.24644319954416,0,1,0
8,stack-pilot-t08-b002,32,77838,1158,1158,8.620259323498724,691.2776321848828,7.979382839828944,0.5440961122992576,0.0,0.0967803713705261,3,142.74508331288857,3,1,0
8,stack-pilot-t08-b002,33,67258,916,916,14.3581816131196,669.0879780367022,1.2712921055501936,9.42676843107935,3.4771596919751318,0.18296138451496946,1,155.3388692558595,0,1,0
8,stack-pilot-t08-b002,34,289907,4204,4204,35.91090877840857,511.16549735131974,12.902633119006993,7.50703769749449,15.053635464867401,0.4476024970397001,4,1344.8216994636703,0,1,0
8,stack-pilot-t08-b002,35,48712,727,727,6.552517712060277,485.8107791992349,4.67213347797879,1.0268002695260066,0.6669644172743574,0.18661954728110428,1,12.850020879506276,0,1,0
8,stack-pilot-t08-b002,36,265463,3869,3869,38.771107836997075,389.2100194451973,0.19642746318524262,34.05131233851429,4.358470425656423,0.1648976096414364,3,309.3256037924163,1,1,0
8,stack-pilot-t08-b002,37,0,0,0,0.0,0.06504965533531504,0.0,0.0,0.0,0.0,0,0.0,1,0,0
8,stack-pilot-t08-b002,38,6244,97,97,2.6232397747903944,741.7178621584009,0.2413512058118853,1.092116894208516,1.0324487720990874,0.257322902670903,0,0.0,0,1,0
8,stack-pilot-t08-b002,39,234936,3424,3424,34.025828162025945,245.81708483817593,0.0,0.7409790853408822,33.22085742901222,0.06399164767284893,1,49.07347667039739,2,1,0
8,stack-pilot-t08-b002,40,93268,1299,1299,16.59028936923959,512.9081444514304,3.859712724853372,12.55126230617475,0.09544284825824434,0.08387148995322981,2,79.40442757124259,1,1,0
8,stack-pilot-t08-b002,41,80815,1122,1122,10.156872899276753,514.3251106380806,0.21009749621843377,5.65401143575664,4.0873600633664875,0.20540390393521796,3,405.4162181458121,0,1,0
8,stack-pilot-t08-b002,42,33530,469,469,3.522826170174102,716.2888573850075,0.04504925874753345,3.409513007325279,0.0,0.06826390410129111,1,404.05627048385765,0,1,0
8,stack-pilot-t08-b002,43,111082,1727,1727,12.587332693490948,671.225924720761,1.9306212739807986,10.591550548797127,0.0,0.0651608707129876,4,2293.473600645482,0,1,0
8,stack-pilot-t08-b002,44,39444,566,566,4.869763508492196,135.78688093261746,0.48282082416672223,4.127294214572773,0.09027474225695187,0.16937372749574447,2,1569.0339679254294,2,1,0
8,stack-pilot-t08-b002,45,5630,91,91,1.3849297658927944,318.56370530984003,0.33408558792921544,0.9443333084420829,0.0,0.10651086952149619,0,0.0,0,1,0
8,stack-pilot-t08-b002,46,275,5,5,0.2630288130458854,272.25368693378874,0.0,0.2611412500012875,0.0,0.0018875630445978676,0,0.0,1,1,0
8,stack-pilot-t08-b002,47,141308,1976,1976,21.943498537327216,473.6737521774148,1.7420687479427983,19.37995859403705,0.21879673068906413,0.6026744646583657,1,80.17472123655011,0,1,0
8,stack-pilot-t08-b002,48,111267,1613,1613,12.615304417729357,839.4221171888902,0.6514212407969906,8.708306358383258,3.004919121759404,0.25065769678966016,4,1335.7099464905364,2,1,0
8,stack-pilot-t08-b002,49,228618,3343,3343,28.39729667960271,840.3334679360157,1.0284331764064636,26.047375235662095,1.0456501120870394,0.27583815544728146,3,584.100891053986,0,1,0
8,stack-pilot-t08-b002,50,67402,1001,1001,9.070503128436311,596.6363122858498,0.6080824975496485,5.581456188226702,2.845097067204148,0.035867375455779026,2,762.3169981980317,0,1,0
8,stack-pilot-t08-b002,51,94799,1294,1294,31.66404828435097,672.35500173654,0.0,15.1172535182296,16.452707348342756,0.09408741777855974,1,61.14282243604586,0,1,0
8,stack-pilot-t08-b002,52,50719,734,734,17.46887269454381,632.1616782971925,0.43094993354243744,6.8394788329461305,10.005133417131475,0.19331051092371282,1,188.81873328893514,0,1,0
8,stack-pilot-t08-b002,53,214574,3208,3208,27.949886729564373,752.2907862858501,1.11747859340666,21.984905674491127,4.7040081647826355,0.14349429688406912,4,840.9533078518411,0,1,0
8,stack-pilot-t08-b002,54,55773,802,802,8.163538041655588,490.88516123199275,0.23728408282732566,7.3560565972338035,0.2712235032267927,0.29897385836766227,1,142.78919419309838,1,1,0
8,stack-pilot-t08-b002,55,105185,1576,1576,17.774165307387136,659.1695153763351,0.7678460183618998,16.462767432091884,0.31733700782024243,0.2262148491130929,3,1240.3082321471097,1,1,0
8,stack-pilot-t08-b002,56,76196,1107,1107,8.34215982039071,552.3701789961242,0.0,8.194793389202204,0.0,0.1473664311885302,2,390.87624628473213,0,1,0
8,stack-pilot-t08-b002,57,102339,1424,1424,12.45797117836287,562.681889912721,3.491209906981353,8.585451252538943,0.18759240184772352,0.19371761699481319,3,151.95876162179636,0,1,0
8,stack-pilot-t08-b002,58,211241,2892,2892,24.00214130236726,696.3225976925556,3.6063596762397907,20.073196578622994,0.23045883989288996,0.09212620761155114,4,562.9680868821405,0,1,0
8,stack-pilot-t08-b002,59,74887,1085,1085,7.732513367379472,685.0771996381167,7.6876819645492285,0.0,0.0,0.0448314028302456,5,29.07873624362713,0,1,0
8,stack-pilot-t08-b002,60,224338,3384,3384,28.679699289466893,310.20384111231675,0.007478204236848779,4.559304548204295,23.92315082820656,0.18976570881953356,0,0.0,0,0,0
8,stack-pilot-t08-b002,61,120372,1675,1675,15.665937956498594,563.4599655783808,0.09752075904119273,15.323569291789294,0.0,0.2448479056680952,1,55.59328757451134,0,1,0
8,stack-pilot-t08-b002,62,92791,1330,1330,10.623484591476407,579.1403416230024,1.1303317525202572,9.467873301429142,0.0,0.025279537526983448,3,1006.4478040827123,0,1,0
8,stack-pilot-t08-b002,63,110162,1613,1613,13.14378267909687,387.2933109826117,0.04557821785965071,13.06659647628781,0.0,0.03160798494936183,2,280.832445558985,0,1,0
8,stack-pilot-t08-b002,64,106573,1847,1847,11.710879290720992,461.2768335245135,0.0580319293819297,11.402972646804752,0.0,0.24987471453427748,1,140.96618261267562,1,1,0
8,stack-pilot-t08-b002,65,6146,102,102,2.397451259608132,342.7741050181211,0.12833226914491797,1.641008615008559,0.3177351951653691,0.310375180289284,0,0.0,2,1,0
8,stack-pilot-t08-b002,66,0,0,0,0.0,0.3228589478385402,0.0,0.0,0.0,0.0,0,0.0,2,0,0
8,stack-pilot-t08-b002,67,59161,835,835,8.253153049378847,574.2717581224921,0.851958509739869,2.3071944368241475,4.730839454264463,0.36316064855043134,4,1082.7930289753733,2,1,0
8,stack-pilot-t08-b002,68,223658,3343,3343,34.44302779698663,499.7970954944965,2.1256421047512286,27.86656546657695,4.127879064821154,0.32294116083738866,4,352.1160719167256,0,1,0
8,stack-pilot-t08-b002,69,259810,3835,3835,30.51125760996797,673.9880976705351,0.03252708684314441,29.64839976705178,0.5546868774469543,0.27564387862612283,2,137.46792102004582,0,1,0
8,stack-pilot-t08-b002,70,79507,1167,1167,26.02363336240175,714.6729299123128,1.5085058400469133,12.456345181859671,11.812813110479278,0.24596923001596954,1,0.906772820142566,0,1,0
8,stack-pilot-t08-b002,71,106073,1480,1480,13.488733940670086,765.7093286086359,0.0,13.189707929533094,0.15702671602230112,0.1419992951146327,1,86.39279871643848,0,1,0
8,stack-pilot-t08-b002,72,129250,1848,1848,23.438356775060832,482.63811607493477,0.8588295608596853,22.41434674212458,0.0,0.16518047207649397,3,1541.9112429555025,0,1,0
8,stack-pilot-t08-b002,73,742,11,11,0.21164367704689455,30.31735273839905,0.06986815716206239,0.14152894588289655,0.0,0.0002465740019356643,0,0.0,0,1,0
8,stack-pilot-t08-b002,74,124464,1827,1827,15.149528545720514,778.2102847459746,0.005294630266507422,12.908943708650256,2.035183059206247,0.20010714759750117,3,846.990253947391,0,1,0
8,stack-pilot-t08-b002,75,126801,1855,1855,13.6902967765626,634.6214044981826,9.361668302455081,0.6177350460645812,3.644109218967523,0.06678420907532558,5,432.9025305321446,0,1,0
8,stack-pilot-t08-b002,76,141865,2124,2124,16.580965476377834,751.5365302831224,0.0,16.08831064521472,0.08736317441798747,0.4052916567451165,2,162.64321801871506,0,1,0
8,stack-pilot-t08-b002,77,144832,2055,2055,15.000695112745817,920.3985802399231,8.964444703425944,5.996685463937455,0.0,0.03956494538241253,6,1661.3526898983755,1,1,0
8,stack-pilot-t08-b002,78,78457,1087,1087,12.791404106217282,504.29420403788873,0.5416017224500717,11.837309026361645,0.0,0.4124933574055048,2,232.77274271217533,3,1,0
8,stack-pilot-t08-b002,79,296254,4432,4432,34.10817632446295,520.2815813985758,0.0,34.02710513169444,0.0,0.0810711927683113,3,271.2299169549965,1,1,0
8,stack-pilot-t08-b002,80,48304,701,701,8.450196125154141,753.5820475252764,3.789820298136211,3.452366188903739,0.927594327746192,0.2804153103679957,2,329.42875748909296,1,1,0
8,stack-pilot-t08-b002,81,2087,36,36,1.0940775013954858,697.7859730195463,0.0,0.9767734311819822,0.0,0.11730407021350231,0,0.0,0,1,0
8,stack-pilot-t08-b002,82,58089,863,863,13.705208000210105,325.25868343917557,0.3879022950005485,6.630805562847474,6.381672101027208,0.30482804133485836,1,201.03048875778316,1,1,0
8,stack-pilot-t08-b002,83,148100,2132,2132,17.325622921082314,784.903816010764,0.0,17.17041020435171,0.0,0.15521271673069006,4,993.1424436679634,1,1,0
8,stack-pilot-t08-b002,84,144955,2131,2131,15.57455238083285,472.13694273554006,0.014609805532891318,12.696270189058739,2.781627245302758,0.08204514093844437,4,663.4749336114843,0,1,0
8,stack-pilot-t08-b002,85,4645,68,68,1.0631878711664322,291.6684785366136,0.09784119460011688,0.6406559546469452,0.0,0.3246907219193702,0,0.0,1,1,0
8,stack-pilot-t08-b002,86,92410,1331,1331,11.835492798735503,639.5033158162776,0.012158744502807642,11.761609271470698,0.0,0.06172478276200061,1,55.270375515402485,0,1,0
8,stack-pilot-t08-b002,87,60220,957,957,8.30773452801844,597.5868863332623,0.23393326281523752,7.959556251547548,0.0,0.11424501365562632,2,629.8406156262633,1,1,0
8,stack-pilot-t08-b002,88,115536,1639,1639,19.273605002600828,377.93656589305726,1.3584102978654171,5.187147605950045,12.450660413513372,0.2773866852719656,4,2351.8988071352464,1,1,0
8,stack-pilot-t08-b002,89,139556,2044,2044,22.618414385356914,664.9854300096241,2.932962333598891,17.473635811511627,1.9192240592294778,0.2925921810168238,3,482.5948069066781,1,1,0
8,stack-pilot-t08-b002,90,0,0,0,0.0,0.10170663531607715,0.0,0.0,0.0,0.0,0,0.0,3,0,0
8,stack-pilot-t08-b002,91,19548,294,294,2.749127605264391,249.61858111424934,1.7107413207349105,0.8340022373015472,0.0,0.20438404722792836,1,6.771217668341099,0,1,0
8,stack-pilot-t08-b002,92,67220,995,995,7.518186012281343,555.6014304124353,0.0,7.4322305978116585,0.0,0.08595541446964226,1,85.06235573673597,0,1,0
8,stack-pilot-t08-b002,93,2756,48,48,0.5106298291458318,718.1285852087325,0.05032234932445327,0.23811835096864797,0.0,0.22218912885272968,0,0.0,0,1,0
8,stack-pilot-t08-b002,94,0,0,0,0.0,0.17773596693587024,0.0,0.0,0.0,0.0,0,0.0,3,0,0
8,stack-pilot-t08-b002,95,73113,1249,1249,10.748002630926315,395.3354234857259,0.0,10.727854898582567,0.0,0.020147732343770965,1,171.87468833933397,0,1,0
8,stack-pilot-t08-b002,96,0,0,0,0.0,0.0,0.0,0.0,0.0,0.0,0,0.0,0,0,0
8,stack-pilot-t08-b002,97,361456,5474,5474,54.363611753076846,372.8364307159243,1.3149193110014685,52.83101800982899,0.0,0.21767443224620694,2,81.75397459562305,2,1,0
8,stack-pilot-t08-b002,98,2165,28,28,0.479228620125598,640.4599141433612,0.0,0.28976521067943395,0.0,0.18946340944616397,0,0.0,0,1,0
8,stack-pilot-t08-b002,99,110988,1721,1721,16.184816474328937,760.281170300857,7.2069610693437385,4.286559250497559,4.541864482240427,0.14943167224711146,3,33.78441492295706,0,0,0
8,stack-pilot-t08-b003,0,13032,203,203,1.3362895529296044,163.17221772765362,0.055367920033843644,0.0,1.2774075759733103,0.0035140569224563437,1,620.9828571662656,0,1,0
8,stack-pilot-t08-b003,1,86963,1289,1289,10.15759273935133,304.53854188877204,0.0,10.02082218247229,0.0,0.13677055687902595,1,70.202435114672,1,1,0
8,stack-pilot-t08-b003,2,82404,1211,1211,9.27377661727903,658.7050536709504,2.2466676635623415,0.7634622256634884,6.01242170236312,0.251225025690074,4,1595.0013130709315,0,1,0
8,stack-pilot-t08-b003,3,67481,946,946,7.872728201724577,672.3784533851775,0.7511479451944302,7.047830493831278,0.0,0.07374976269888849,2,178.6419712313147,0,1,0
8,stack-pilot-t08-b003,4,204857,2959,2959,29.49979958902552,717.6257112323872,0.19032037734939156,29.196781582594532,0.0,0.11269762908140199,4,858.021600224014,0,1,0
8,stack-pilot-t08-b003,5,15400,221,221,2.8487527947361686,481.42138452208513,1.0988364526333843,1.4230148607445017,0.0,0.32690148135828584,1,1.28961632233993,0,1,0
8,stack-pilot-t08-b003,6,56515,832,832,7.29519797276359,862.2027091770672,0.7834296457890917,5.461566524962447,0.7998338531069749,0.2503679489050825,1,166.71350982344998,1,1,0
8,stack-pilot-t08-b003,7,4800,91,91,0.6671224430612495,440.08072813020476,0.31433914249214323,0.09657535128417294,0.08383402712206589,0.17237392216286734,0,0.0,0,1,0
8,stack-pilot-t08-b003,8,18405,260,260,2.204954640268,488.4114448262787,1.7810815454196314,0.2225698301282364,0.07773003570764558,0.12357322901247961,1,12.270141617691635,1,1,0
8,stack-pilot-t08-b003,9,137626,1946,1946,15.241029187232744,770.0266172487593,0.8638200033743839,13.870655990344051,0.3480329323483602,0.15852026116593157,3,853.3849311749289,1,1,0
8,stack-pilot-t08-b003,10,117031,1699,1699,12.42064157269879,662.915430435444,4.313347664203462,7.924776830133985,0.0,0.18251707836130124,5,1995.7494025468038,0,1,0
8,stack-pilot-t08-b003,11,99764,1422,1422,11.696364438871937,779.5268807002832,2.3228312112971303,8.780523500799767,0.47544188899848905,0.11756783777657243,4,2267.532237786183,0,1,0
8,stack-pilot-t08-b003,12,47765,712,712,5.013450828758781,421.5740668837647,0.0,4.856624748233354,0.13002709204738494,0.026798988478038032,3,2217.0831686477336,0,1,0
8,stack-pilot-t08-b003,13,0,0,0,0.0,0.0,0.0,0.0,0.0,0.0,0,0.0,0,0,0
8,stack-pilot-t08-b003,14,1664,17,17,0.38780940012532406,672.8023459860184,0.0,0.23302281168548689,0.0,0.15478658843983711,0,0.0,0,1,0
8,stack-pilot-t08-b003,15,0,0,0,0.0,0.6704789974683081,0.0,0.0,0.0,0.0,0,0.0,1,0,0
8,stack-pilot-t08-b003,16,69134,1093,1093,20.75294143772678,571.5959418268984,0.6265464321208617,8.739791747442222,11.196212285933028,0.19039097223078366,2,132.63187193593302,1,1,0
8,stack-pilot-t08-b003,17,0,0,0,0.0,31.58882829074023,0.0,0.0,0.0,0.0,0,0.0,0,1,0
8,stack-pilot-t08-b003,18,53529,808,808,8.977061029771368,661.4703257646815,0.7871821004723659,5.945204553010918,1.8195647450595374,0.4251096312285243,1,215.457616978434,1,1,0
8,stack-pilot-t08-b003,19,73988,1130,1130,8.146449819668662,597.9971389915261,0.2824096257626991,5.918912375420371,1.7986518895957169,0.14647592888990663,2,386.5009743468285,0,1,0
8,stack-pilot-t08-b003,20,137308,1999,1999,29.825168808848332,406.47617932203883,0.740203398374602,12.713623848889938,16.334064464540425,0.03727709704325544,4,1178.386374180655,0,1,0
8,stack-pilot-t08-b003,21,39315,580,580,4.343231742745128,695.9572772254098,3.938139480556405,0.2939282177110272,0.0,0.11116404447768483,4,169.55436853253238,0,1,0
8,stack-pilot-t08-b003,22,78180,1100,1100,9.912486226536439,690.76304617855,2.4120923132868097,7.282991380418048,0.0,0.21740253283159772,3,1055.6375204794106,0,1,0
8,stack-pilot-t08-b003,23,0,0,0,0.0,7.085324073748216,0.0,0.0,0.0,0.0,0,0.0,1,1,0
8,stack-pilot-t08-b003,24,1544,13,13,0.1700386601920032,5.282007160626021,0.1696182726018731,0.0,0.0,0.0004203875901301955,0,0.0,0,1,0
8,stack-pilot-t08-b003,25,115116,1762,1762,12.288963289603485,579.6463354652326,0.03441674274184184,12.222556943360214,0.0,0.03198960350138077,3,660.0876657952099,0,1,0
8,stack-pilot-t08-b003,26,146956,2286,2286,18.74443494447347,558.4945761671872,3.0963800551536464,15.218036066036579,0.18868919368651405,0.24132962959672513,2,69.4657068647471,0,1,0
8,stack-pilot-t08-b003,27,171755,2585,2585,17.794074903165555,397.74900273521814,3.967217887465863,13.770118496921986,0.0,0.0567385187776065,10,6311.961607289014,0,1,0
8,stack-pilot-t08-b003,28,110757,1615,1615,11.800017613460787,738.9107071466789,0.4379232479962113,11.042858197314198,0.0,0.3192361681503523,4,1420.543899962915,0,1,0
8,stack-pilot-t08-b003,29,46151,706,706,5.052182566008529,772.2874218964552,0.8295925720285842,4.115318114400102,0.0,0.10727187957983926,2,348.12717204904936,0,1,0
8,stack-pilot-t08-b003,30,132618,2027,2027,15.267211093546218,604.7214475287652,0.1045722584477439,14.964758214370871,0.0,0.1978806207276083,3,614.1413768881013,0,1,0
8,stack-pilot-t08-b003,31,94654,1417,1417,9.77033791153151,444.5719493647978,0.008734144248748937,9.263994321820185,0.0,0.49760944546258273,5,3315.687057703387,0,1,0
8,stack-pilot-t08-b003,32,45593,688,688,8.316130297591881,681.7612623753074,0.0,7.442075102431392,0.44322590465526446,0.43082929050521596,1,197.72177622338322,1,1,0
8,stack-pilot-t08-b003,33,140367,2047,2047,16.211260152272256,592.8859868936604,0.8384971573691984,14.879426075654528,0.21080593640407294,0.28253098284444006,4,1074.9530190495386,0,1,0
8,stack-pilot-t08-b003,34,13297,200,200,5.371219850838219,347.3843113451381,0.0929933245300984,5.062575902366802,0.161035983104739,0.05461464083656427,0,0.0,0,1,0
8,stack-pilot-t08-b003,35,29193,392,392,3.068496701715965,655.6310686204879,0.0,0.0,2.94941474354276,0.11908195817321054,2,1121.8384488637635,0,1,0
8,stack-pilot-t08-b003,36,79426,1122,1122,10.268015133011987,763.8535101517906,2.2920447566184,7.418306161855656,0.33400590232668037,0.22365831221123916,4,2523.1705447175796,1,1,0
8,stack-pilot-t08-b003,37,72623,1148,1148,9.605286868294257,450.3896410440823,0.0,9.36416313120142,0.16132122742965294,0.07980250966317692,1,125.2290459276665,0,1,0
8,stack-pilot-t08-b003,38,71570,1045,1045,8.123996866252984,623.0938273539671,0.7890765669561774,7.20218273681864,0.0,0.13273756247818042,3,1593.6503651303449,0,1,0
8,stack-pilot-t08-b003,39,86093,1189,1189,12.179834369334772,545.925842520722,3.3716279368693454,8.632026764261225,0.0,0.17617966820420197,2,338.94965022572813,0,1,0
8,stack-pilot-t08-b003,40,31751,471,471,4.0855857107050255,381.1812566392473,3.104061438913846,0.5977539498294391,0.2836750069291156,0.10009531503262654,2,85.83612220681434,1,1,0
8,stack-pilot-t08-b003,41,97526,1474,1474,15.872882598114224,497.4196783669758,0.007270483379055309,15.636972878038268,0.0,0.22863923669698005,2,365.8074446129492,0,1,0
8,stack-pilot-t08-b003,42,129058,1925,1925,17.486070391835696,483.7029018729029,4.619551500074326,12.583931699191304,0.0,0.2825871925701645,3,120.43638019771699,0,1,0
8,stack-pilot-t08-b003,43,185325,2775,2775,26.25737844342156,477.93648153285784,0.2962040658704456,25.276015909253257,0.24970718507738493,0.43545128322045784,2,179.29138035579808,0,1,0
8,stack-pilot-t08-b003,44,121091,1796,1796,16.54602220678865,630.7058665747128,0.7030849075403981,14.197157180876378,1.0332933181665762,0.6124868002053387,3,989.6267066000191,0,1,0
8,stack-pilot-t08-b003,45,129394,1937,1937,16.679461664482545,756.4129617894807,3.18730941817034,12.486319143396376,0.5538381813385058,0.45199492157722393,2,138.7593220749519,0,1,0
8,stack-pilot-t08-b003,46,119273,1896,1896,12.763947961583971,708.3776009050778,1.3143950992171232,11.30766876841742,0.0,0.14188409394941368,6,2743.720564105822,1,1,0
8,stack-pilot-t08-b003,47,134887,2123,2123,14.157427118616257,367.9157508190973,0.11925989620937426,4.190131507391957,9.791843894305426,0.056191820709547126,2,243.0231868985691,0,1,0
8,stack-pilot-t08-b003,48,10785,155,155,16.65581854807541,304.54990865633295,0.0007470991120819672,2.085319367144848,14.447320982518518,0.12243109929997514,0,0.0,0,1,0
8,stack-pilot-t08-b003,49,16323,231,231,1.8736830903347372,208.55366679330538,1.5574433384501196,0.0,0.21901237130077789,0.09722738058383905,1,8.175847414962202,1,1,0
8,stack-pilot-t08-b003,50,78213,1100,1100,15.819737430040732,675.7675038412061,0.7245931770201781,10.798041007267988,3.912303665353314,0.38479958039927337,3,642.1114433419309,0,1,0
8,stack-pilot-t08-b003,51,246858,3523,3523,26.036355568871066,882.2206628529926,25.547921137244337,0.3930623062825589,0.0,0.09537212534432551,10,477.46901298878794,0,1,0
8,stack-pilot-t08-b003,52,7166,98,98,3.000089109434486,244.47378008935127,0.058694954726311165,2.7324710857328682,0.0,0.20892306897530827,0,0.0,0,1,0
8,stack-pilot-t08-b003,53,2426,49,49,1.9319210430369718,685.5982251460445,0.015325356559911782,1.4622100236854294,0.44822948029468535,0.006156182496946828,0,0.0,0,1,0
8,stack-pilot-t08-b003,54,60581,876,876,7.888529784206287,513.7241847586072,0.8513103595205255,6.869266523146078,0.0,0.16795290153969203,2,298.9743927339733,0,1,0
8,stack-pilot-t08-b003,55,62313,874,874,7.854465137774992,672.6228414262549,0.5386121352864219,0.5168585802213101,6.640939627307704,0.15805479495955627,3,917.5674907727475,1,1,0
8,stack-pilot-t08-b003,56,48395,722,722,7.396306607812376,668.4426100787658,0.0,7.050432838867444,0.0,0.34587376894494376,1,178.72971876738427,1,1,0
8,stack-pilot-t08-b003,57,5979,89,89,2.93304708614388,21.860262463925462,0.0,2.8531408960676576,0.0,0.07990619007622177,0,0.0,0,1,0
8,stack-pilot-t08-b003,58,80408,1228,1228,12.186838282258437,341.3300873489948,0.04402911370974193,11.95488712195461,0.0,0.18792204659405282,1,119.63479888218889,0,1,0
8,stack-pilot-t08-b003,59,0,0,0,0.0,0.15311849490535678,0.0,0.0,0.0,0.0,0,0.0,2,0,0
8,stack-pilot-t08-b003,60,16818,247,247,5.202779608424706,479.00111032701614,0.8537381826587749,3.8664813370692173,0.27873901914063026,0.20382106955608534,0,0.0,1,1,0
8,stack-pilot-t08-b003,61,275863,4112,4112,47.801878368353286,689.6178722064905,1.505910658063774,39.298233404093295,6.839420495955202,0.15831381024108448,4,1019.724643843744,3,1,0
8,stack-pilot-t08-b003,62,0,0,0,0.0,0.21442064097209368,0.0,0.0,0.0,0.0,0,0.0,3,0,0
8,stack-pilot-t08-b003,63,144610,2251,2251,16.84375465918911,721.7614562970851,3.8026772913098132,12.307149682851563,0.5568874135828115,0.17704027144474482,3,310.61200090079564,0,1,0
8,stack-pilot-t08-b003,64,74046,1088,1088,7.951531502427832,820.6473851824168,4.294511615136153,3.358411482273661,0.27849739877805924,0.020111006239965482,4,259.3932471637939,0,1,0
8,stack-pilot-t08-b003,65,48225,712,712,5.733051760029514,477.5103984047961,0.29971384890067776,5.129826878882378,0.0729376061444782,0.23057342610198114,1,342.08505899307823,2,1,0
8,stack-pilot-t08-b003,66,46126,652,652,8.861450537784037,219.2386182195328,0.0,6.165241246496109,2.6145937834858306,0.08161550780215582,2,1341.3850748079171,2,0,0
8,stack-pilot-t08-b003,67,44283,679,679,5.207997506628791,442.9231307875869,0.40125436083711485,4.393433860854129,0.0,0.4133092849375407,2,1649.5126291400536,0,1,0
8,stack-pilot-t08-b003,68,79746,1210,1210,8.296574062016466,583.4014471595299,8.27469767074046,0.0,0.0,0.021876391276014272,3,72.20635155143736,0,1,0
8,stack-pilot-t08-b003,69,36128,510,510,9.275556897949716,32.28358235668727,0.5103233381202601,7.654005933765234,0.9978038687386004,0.11342375732561105,0,0.0,1,1,0
8,stack-pilot-t08-b003,70,10130,166,166,3.138107778845528,633.3670607760242,0.30667762886779143,2.1782053310867013,0.20727795598941157,0.44594686290162167,0,0.0,0,1,0
8,stack-pilot-t08-b003,71,134404,1967,1967,20.947608689371478,619.9111448214223,1.0359472094907574,17.279689718774257,2.40742765438361,0.224544106722898,2,345.52054200048406,0,1,0
8,stack-pilot-t08-b003,72,198953,2931,2931,37.31691423750548,469.24545426152787,0.0414363258217539,24.12073005906769,12.687481555076829,0.46726629753929394,0,0.0,0,1,0
8,stack-pilot-t08-b003,73,108876,1591,1591,15.036915725913333,491.9699994895797,0.5791515935370066,12.662292071785496,1.6924708012447809,0.1030012593460219,2,282.51460548725163,0,1,0
8,stack-pilot-t08-b003,74,28703,438,438,4.382745663465876,109.00623626376135,2.8629696177891106,0.0,1.4488629408479028,0.07091310482885975,1,3.1106044082466955,2,1,0
8,stack-pilot-t08-b003,75,2119,33,33,0.8690307668914041,186.02640269595483,0.0,0.7326632094506066,0.0,0.13636755744079793,0,0.0,1,1,0
8,stack-pilot-t08-b003,76,102402,1513,1513,12.979895334353339,786.0698742484607,7.700856579550089,4.60699681354891,0.4791869014061376,0.19285503984815708,5,475.076944707856,1,1,0
8,stack-pilot-t08-b003,77,46231,703,703,8.9813159040987,508.1905346852019,3.626302391721556,5.120562207855187,0.0,0.23445130452198087,0,0.0,0,1,0
8,stack-pilot-t08-b003,78,298009,4336,4336,64.6174500448053,210.36570957477525,0.08354253388961438,51.568545616024416,12.744604763080131,0.22075713181142675,0,0.0,0,0,0
8,stack-pilot-t08-b003,79,198591,2969,2969,20.997598982459067,757.1028437842398,8.046460581075722,12.854051644403363,0.0,0.0970867569798606,5,980.8664384302515,0,1,0
8,stack-pilot-t08-b003,80,67447,976,976,8.227996233639285,472.40672853690825,4.2034358835264,1.376371285622895,2.4141896503766542,0.2339994141133005,1,68.07450089770083,0,1,0
8,stack-pilot-t08-b003,81,71642,999,999,8.084587621785788,578.48914752605,1.726488169521138,6.286477484072307,0.0,0.07162196819225522,3,2271.467738586079,0,1,0
8,stack-pilot-t08-b003,82,205089,2878,2878,21.306416832288953,737.4357814751082,16.635217383439194,4.5969040526693625,0.0,0.07429539618036102,5,294.3331327564753,2,1,0
8,stack-pilot-t08-b003,83,54599,772,772,7.216150450188566,487.71757162835166,0.13058920383304928,5.647180010235444,1.0822920684695418,0.35608916765055876,1,144.92508827528417,3,1,0
8,stack-pilot-t08-b003,84,6006,90,90,2.322728746080581,455.6757874863861,0.14460710204337865,1.8345029503094565,0.1478931750280026,0.19572551869974456,0,0.0,0,1,0
8,stack-pilot-t08-b003,85,74532,1125,1125,8.975461481752042,728.9501805447661,0.24265204276863023,8.206763329961214,0.24612170343243633,0.2799244055897506,2,362.0395171075694,0,1,0
8,stack-pilot-t08-b003,86,146271,2074,2074,15.696799123695591,720.9577029007797,7.024759218441001,8.606603018062444,0.0,0.06543688719218455,4,113.0513020424527,0,1,0
8,stack-pilot-t08-b003,87,55584,789,789,5.871226519669231,242.02686069655752,1.564303928950889,4.291530666891234,0.0,0.015391923827116752,2,202.52751306265168,0,1,0
8,stack-pilot-t08-b003,88,0,0,0,0.0,0.047899282682919875,0.0,0.0,0.0,0.0,0,0.0,1,0,0
8,stack-pilot-t08-b003,89,98625,1506,1506,11.627238528345945,822.5416491016579,5.249800740594271,6.024562159214663,0.0,0.3528756285370079,5,420.7053309429973,0,1,0
8,stack-pilot-t08-b003,90,73588,1088,1088,10.174626332967557,714.5726092038178,7.113331936081789,1.7741951532830171,1.122152967656524,0.16494627594625502,3,31.45841991850986,0,1,0
8,stack-pilot-t08-b003,91,209991,3016,3016,32.56700076013482,722.313507525392,3.048684373311851,29.090781093441844,0.07672149663721939,0.3508137967441026,5,1476.284950420452,0,1,0
8,stack-pilot-t08-b003,92,110675,1585,1585,14.202973327262344,638.6612495713564,0.29060749613057213,8.67504804093869,4.923090410288822,0.3142273799041891,2,168.41347954637553,2,1,0
8,stack-pilot-t08-b003,93,108,1,1,0.2859567670191308,0.05422113984968746,0.0,0.0,0.2859370160040271,1.9751015103793736e-05,0,0.0,3,0,0
8,stack-pilot-t08-b003,94,210544,3350,3350,26.09913049214645,854.6169076432328,2.164776908685853,23.87261926068837,0.0,0.06173432277229142,5,2414.252223575007,0,1,0
8,stack-pilot-t08-b003,95,1799,30,30,0.28129700825953174,542.0158956644688,0.0816377768169704,0.08335313615896212,0.0,0.11630609528359913,0,0.0,0,1,0
8,stack-pilot-t08-b003,96,68360,1079,1079,7.661945254701267,838.3422911434548,3.0482064847991577,4.385601777125477,0.09243202981087961,0.13570496296575382,2,308.5308253017915,2,1,0
8,stack-pilot-t08-b003,97,129246,1827,1827,15.658729686833388,629.066231685417,4.735285272008125,7.368247747302551,3.3605909384654,0.19460572905729734,2,187.69001425755937,0,1,0
8,stack-pilot-t08-b003,98,59081,808,808,6.833920354536465,575.8989428752468,0.0,6.709523584698773,0.0,0.12439676983766877,1,146.06399402978906,0,1,0
8,stack-pilot-t08-b003,99,88358,1275,1275,9.91683253011394,740.0467804483826,0.33041487051042007,9.476305025809685,0.0,0.11011263379386844,3,990.5149122230606,0,1,0
12,stack-pilot-t12-b000,0,146,2,2,0.12049291128521097,232.83410628643315,0.0,0.115699672258188,0.0,0.004793239027022989,0,0.0,0,1,0
12,stack-pilot-t12-b000,1,341157,4078,4078,37.1180249657614,558.8219446181616,8.288826942769,1.468978468739465,26.727185272510503,0.6330342817425468,5,1519.6537540616093,0,1,0
12,stack-pilot-t12-b000,2,829844,10189,10189,114.8279257913151,682.8566481429825,1.0781206223481004,85.73818541451986,27.72557942727861,0.2860403271688479,6,3385.029159611706,0,1,0
12,stack-pilot-t12-b000,3,133551,1625,1625,15.545304351857375,561.2056044115965,4.645215996122393,10.011044553381474,0.5922539466646413,0.2967898556890056,3,952.1137089391088,2,1,0
12,stack-pilot-t12-b000,4,107737,1314,1314,12.097529690944372,627.600350820223,2.093855874248142,9.583347624205782,0.20532526076021895,0.21500093173017853,2,699.0946497331222,0,1,0
12,stack-pilot-t12-b000,5,102794,1233,1233,11.783599848138268,497.61395699453,0.896158211837946,10.677725171078757,0.0,0.2097164652215349,2,950.2046191582456,0,1,0
12,stack-pilot-t12-b000,6,355551,4344,4344,37.62746152439086,624.3461357795107,0.7520512550646385,36.640160581871285,0.0,0.2352496874545307,9,4450.494204602932,0,1,0
12,stack-pilot-t12-b000,7,2746,33,33,1.845742442946079,237.83870866970466,0.06189520890922369,0.715869046699595,0.9410263418394607,0.12695184549779953,0,0.0,1,1,0
12,stack-pilot-t12-b000,8,133990,1629,1629,23.19691722906805,587.6103629496,1.0001687940589035,21.719938679217453,0.18856034124837606,0.28824941454329517,2,457.53526640836844,0,1,0
12,stack-pilot-t12-b000,9,76223,908,908,8.694508042516327,205.5852681924533,7.697826409587884,0.8388139768778728,0.07467143799112819,0.08319621805942018,4,38.9406889719559,0,1,0
12,stack-pilot-t12-b000,10,13252,152,152,7.5458187496805245,366.0253207372812,0.3407001015642857,4.811571322480745,2.226282945053754,0.16726438058173268,0,0.0,0,1,0
12,stack-pilot-t12-b000,11,247722,3013,3013,28.554581615328498,562.6848875674511,0.0,28.373941328501903,0.0,0.18064028682650946,2,195.60638043487845,0,1,0
12,stack-pilot-t12-b000,12,24207,314,314,3.966179439431881,372.7723776922203,1.7241602783031815,1.3545647724447463,0.2460106775179156,0.641443711166043,0,0.0,0,1,0
12,stack-pilot-t12-b000,13,90559,1159,1159,11.313774506046625,565.1136390119528,0.6361071423225972,10.558768029037246,0.0,0.1188993346867768,1,147.7958452674685,0,1,0
12,stack-pilot-t12-b000,14,21777,257,257,2.8699908261600218,559.4179774189524,0.3355293061661018,2.317166014148171,0.0,0.21729550584575338,1,714.8642806299202,1,1,0
12,stack-pilot-t12-b000,15,14788,201,201,4.036639310825676,521.119458976476,0.9529519582406132,2.8080347307950433,0.0,0.2756526217900198,1,0.7699407137258174,0,1,0
12,stack-pilot-t12-b000,16,278519,3338,3338,45.77944750110789,732.3701709723226,1.5550037894382858,40.80412583595221,3.3245775694291404,0.09574030628826317,1,35.874200560392566,0,0,0
12,stack-pilot-t12-b000,17,6769,118,118,3.6403857834702578,380.5039871821461,0.11260745108588766,3.1851851647080593,0.21031670968113758,0.13227645799517407,0,0.0,3,1,0
12,stack-pilot-t12-b000,18,84367,1080,1080,9.48074113647174,695.0647340797198,0.07351133551157703,6.360654866364279,2.7578960834087534,0.288678851187176,2,459.94691447761113,1,1,0
12,stack-pilot-t12-b000,19,353297,4470,4470,42.478497518595205,712.3263935244897,1.1424632050135337,40.85939669472128,0.09457327613745292,0.38206434272295375,4,639.8257329553704,0,1,0
12,stack-pilot-t12-b000,20,74423,863,863,13.494613911455886,503.5088995972506,0.0,13.01933400970737,0.26777117955680296,0.20750872219168706,1,158.36812752289552,0,1,0
12,stack-pilot-t12-b000,21,392841,4980,4980,61.30660048348537,697.0703304144233,0.45035846660627316,51.126834486984706,9.357432440753655,0.37197508914084215,4,1018.6443980324356,0,0,0
12,stack-pilot-t12-b000,22,245030,2952,2952,30.75367815215103,509.16667157139835,1.6638764353035094,21.615463315277665,7.142084695565984,0.33225370600380705,5,1176.605322067381,0,1,0
12,stack-pilot-t12-b000,23,271501,3186,3186,34.07844872587102,617.639814027374,0.0,27.78540062636283,5.887980407729518,0.40506769177854907,4,481.51076790779206,1,1,0
12,stack-pilot-t12-b000,24,309122,4081,4081,33.14173128356761,313.71625085590057,16.228357091948133,0.41606237717167005,16.328184358178234,0.16912745626966033,3,152.7000750407936,1,1,0
12,stack-pilot-t12-b000,25,225102,2697,2697,27.223309979051,756.4753368535025,9.91400017411194,17.00621291530633,0.0,0.3030968896328824,4,1098.4755106946773,0,1,0
12,stack-pilot-t12-b000,26,11437,152,152,1.481517662021052,629.8992220095613,1.091569967425674,0.22259708733986372,0.08036110966168053,0.08698949759383466,0,0.0,0,1,0
12,stack-pilot-t12-b000,27,3660,33,33,1.0020055859392059,369.1285927912987,0.11349320100305146,0.40778187809780775,0.2906713841330202,0.1900591227053261,0,0.0,0,1,0
12,stack-pilot-t12-b000,28,109091,1322,1322,17.418680780082443,533.9471999588513,0.7306471144821544,8.614537430730419,8.036202795244586,0.03729343962538515,1,191.06480088941106,0,0,0
12,stack-pilot-t12-b000,29,248462,3115,3115,28.758495931651407,869.8367298793594,1.3507842984566978,26.086744209772913,1.1504640446468646,0.1705033787750879,5,1842.178932426375,0,0,0
12,stack-pilot-t12-b000,30,94070,1100,1100,21.960775411051948,476.65304319533044,2.8931209434702203,9.226759925316621,9.54682459727928,0.29406994498577216,1,540.1199189858647,0,1,0
12,stack-pilot-t12-b000,31,0,0,0,0.0,0.0771764182500192,0.0,0.0,0.0,0.0,0,0.0,1,0,0
12,stack-pilot-t12-b000,32,93106,1129,1129,11.18230274030732,550.828431370406,4.594056702207326,1.5594606582450297,4.672482549947586,0.3563028299074099,2,137.78941272522468,0,1,0
12,stack-pilot-t12-b000,33,119707,1463,1463,31.900521131418515,384.515846070044,0.03260046666663016,11.955596392202969,19.871465638975437,0.04085863357349553,1,77.3328785997265,0,1,0
12,stack-pilot-t12-b000,34,91590,1084,1084,14.153771234171272,807.0814036982767,3.166096128052941,10.562342492260445,0.0,0.425332613857912,4,1024.9382466576167,0,1,0
12,stack-pilot-t12-b000,35,27913,351,351,3.104113708514889,407.2804101067945,2.7153178905888398,0.09881530884433687,0.0701450510750874,0.21983545800662785,0,0.0,5,1,0
12,stack-pilot-t12-b000,36,151697,1882,1882,19.64964902848917,463.59455266681886,14.596708809657624,4.650889452695765,0.19786265646143875,0.20418810967430995,3,139.29518776256356,3,1,0
12,stack-pilot-t12-b000,37,104931,1343,1343,11.48893186450835,809.2196880018179,0.6966683513021755,10.485745966088334,0.15821227424021345,0.14830527287762518,2,721.3583777013093,0,1,0
12,stack-pilot-t12-b000,38,296347,3817,3817,72.88993460709058,508.310582310367,0.14980474447896963,46.94901656942423,25.670620858946762,0.12049243424014729,1,32.944515182594756,0,1,0
12,stack-pilot-t12-b000,39,204948,2552,2552,22.664241194854295,649.8767024427046,7.301122986283212,15.124721394493443,0.0,0.23839681407745447,4,182.62761559111607,0,1,0
12,stack-pilot-t12-b000,40,227755,2984,2984,34.51603134318669,829.5807754480239,1.4485602091903103,25.434133072469315,7.500785794765104,0.1325522667621227,3,752.082138804469,1,0,0
12,stack-pilot-t12-b000,41,1015,15,15,0.33214730805941545,138.2600729755405,0.0,0.2549265077735754,0.0,0.07722080028583994,0,0.0,4,1,0
12,stack-pilot-t12-b000,42,0,0,0,0.0,0.0,0.0,0.0,0.0,0.0,0,0.0,0,0,0
12,stack-pilot-t12-b000,43,141750,1746,1746,22.420448677852676,545.8397380871344,1.9103304694086414,18.23568071077124,1.822041559182253,0.4523959384904622,2,588.7086651201739,0,1,0
12,stack-pilot-t12-b000,44,14259,162,162,1.8277151097059887,261.2188349605081,1.2541387648252873,0.28737356273256864,0.07765179638772679,0.20855098576040793,0,0.0,0,1,0
12,stack-pilot-t12-b000,45,220666,2682,2682,26.435286946418074,613.4075322895362,1.3073984383204742,23.470176340285605,1.0179411662503601,0.6397710015616066,3,980.1589396418472,0,1,0
12,stack-pilot-t12-b000,46,222045,2674,2674,28.677018524314693,439.5945266534714,0.5205842025277991,27.408772837451412,0.46022349317172484,0.28743799116370283,1,66.21845297630551,0,1,0
12,stack-pilot-t12-b000,47,68701,844,844,11.333874633415078,387.80294418333546,2.0758084728513664,9.019678996298072,0.1046459024073556,0.1337412618583147,2,354.41873180786445,0,1,0
12,stack-pilot-t12-b000,48,259714,3257,3257,43.38304135602795,277.5570246547067,0.058099513847842565,35.76156233804372,7.372842170335355,0.19053733380105423,0,0.0,2,0,0
12,stack-pilot-t12-b000,49,83258,999,999,10.329451602907856,65.08813979874179,0.003097998382346185,8.7839723128768,1.4907537934432185,0.05162749820550524,1,190.29413702981967,1,1,0
12,stack-pilot-t12-b000,50,18158,243,243,4.831573201875954,204.59260190066723,1.0792273509904151,3.1278627921062707,0.27188544722775987,0.35259761155150937,0,0.0,0,1,0
12,stack-pilot-t12-b000,51,29545,343,343,16.792511507894808,386.7978475446382,0.011205495413768352,0.0,16.67747241215627,0.1038336003247657,1,2.843188096745033,1,1,0
12,stack-pilot-t12-b000,52,10607,134,134,3.818128200444573,67.64326950536886,0.0,3.4063915114010115,0.3086819592699612,0.10305472977360361,0,0.0,0,1,0
12,stack-pilot-t12-b000,53,245351,2991,2991,31.380564762651826,623.399097549212,2.8475501258817566,27.635398791348845,0.4788046189605666,0.41881122646053615,1,48.63684198335443,1,1,0
12,stack-pilot-t12-b000,54,99690,1173,1173,14.250017341221426,566.1853194272218,0.39699030240153954,12.303736582995821,1.3336075376746486,0.21568291814939233,2,593.6126647272707,1,1,0
12,stack-pilot-t12-b000,55,12115,157,157,7.776345328451101,279.09601160644183,0.8312277832602856,0.8220728804120654,5.882082380734593,0.24096228404415343,0,0.0,1,1,0
12,stack-pilot-t12-b000,56,17883,186,186,2.806049544575924,306.28921239844556,1.4937296626147432,1.0135516742724349,0.0,0.29876820768874496,1,0.4159051120986934,0,1,0
12,stack-pilot-t12-b000,57,59,0,0,0.006490774290247475,81.08070551541371,0.0,0.0,0.0,0.006490774290247475,0,0.0,3,1,0
12,stack-pilot-t12-b000,58,73379,859,859,11.615531575354385,443.6902886964003,0.6212206191265386,9.757004694579996,0.7956800792690046,0.4416261823788634,1,210.75308711771072,0,1,0
12,stack-pilot-t12-b000,59,157312,1947,1947,17.641740408733526,712.0341126280555,0.4333219214011946,16.81260432474584,0.08857094737504667,0.30724321521136594,3,719.7000025604543,0,1,0
12,stack-pilot-t12-b000,60,291005,3569,3569,33.30376501253613,800.7491139299492,16.216545383458303,16.777632126054357,0.0,0.3095875030236606,4,287.18603736521584,0,1,0
12,stack-pilot-t12-b000,61,90090,1093,1093,10.861316668575997,377.99713160888365,1.1908039831595127,9.46685702321091,0.0,0.2036556622056031,2,1005.7320624201488,0,1,0
12,stack-pilot-t12-b000,62,441999,5289,5289,56.45531583992902,822.0671776509162,0.4916484405291437,54.3861462873177,0.8773033103804266,0.7002178017011749,4,1325.341833833955,0,1,0
12,stack-pilot-t12-b000,63,0,0,0,0.0,0.009858506411546841,0.0,0.0,0.0,0.0,0,0.0,1,0,0
12,stack-pilot-t12-b000,64,80942,974,974,8.376463362150755,754.943079017634,0.0684641067321983,8.1708011237157,0.0,0.13719813170289621,3,2657.2866824143657,1,1,0
12,stack-pilot-t12-b000,65,198690,2467,2467,20.702278819676952,512.5407644108606,0.8841889003251785,19.566932072875716,0.0,0.25115784647605144,7,5037.264728684446,1,1,0
12,stack-pilot-t12-b000,66,147352,1803,1803,34.2491522401461,480.28215758093995,1.4576327267465041,28.6429483479684,3.469619890225113,0.6789512752060798,0,0.0,1,1,0
12,stack-pilot-t12-b000,67,87384,1075,1075,10.63114492130395,508.4365410657508,3.448863046670624,1.692651721401603,5.247982553264763,0.24164759996693516,2,78.08300382217408,0,1,0
12,stack-pilot-t12-b000,68,13372,139,139,3.226712694608436,603.282220826712,0.962828165458008,2.0022598463774557,0.0,0.2616246827729738,1,0.07673627815293482,1,1,0
12,stack-pilot-t12-b000,69,111043,1336,1336,13.029571994835232,410.4229708791099,0.39405266786474163,12.46667522456219,0.0,0.16884410240838377,2,764.058270714027,0,1,0
12,stack-pilot-t12-b000,70,1481,16,16,1.4424652019023076,425.8057837387465,0.0,0.8448630164215274,0.5557403631992203,0.041861822281561364,0,0.0,0,1,0
12,stack-pilot-t12-b000,71,20448,249,249,8.162128848181355,407.71183073150723,0.062009559459389345,7.232400823245143,0.46554003528035537,0.40217843019647004,0,0.0,0,1,0
12,stack-pilot-t12-b000,72,127209,1603,1603,18.204026471020924,566.3139489266733,2.555223258081949,15.158956349597819,0.10462273144185019,0.3852241318993365,1,110.76062221676631,0,1,0
12,stack-pilot-t12-b000,73,95654,1150,1150,18.574565219752962,592.4042641174098,0.36679606684575405,17.716212271207496,0.33539468644812587,0.15616219525149208,1,264.91343049788594,1,1,0
12,stack-pilot-t12-b000,74,0,0,0,0.0,0.0,0.0,0.0,0.0,0.0,0,0.0,0,0,0
12,stack-pilot-t12-b000,75,68141,864,864,11.069462177201745,524.0569219262917,1.2660443139291928,2.958199338622194,6.58359694598839,0.26162157866196367,2,430.9586272689413,1,1,0
12,stack-pilot-t12-b000,76,0,0,0,0.0,38.497965821053384,0.0,0.0,0.0,0.0,0,0.0,0,1,0
12,stack-pilot-t12-b000,77,334300,4206,4206,68.9455935866351,652.612325757511,0.4735720515891378,21.029983849373593,47.2999341248633,0.14210356080934924,2,458.75059598238346,0,0,0
12,stack-pilot-t12-b000,78,76993,936,936,9.563826428752694,687.502662845275,0.04503093347913277,8.922642248446198,0.48101501020755677,0.11513823661984597,1,209.59910594945214,0,1,0
12,stack-pilot-t12-b000,79,221796,2747,2747,43.31821189179805,427.8166553852147,0.8843414155515088,23.46616644444157,18.422129415728843,0.5455746160760444,1,70.03562779459028,0,0,0
12,stack-pilot-t12-b000,80,343843,4114,4114,58.58770126132384,586.7086426280134,0.5175507377553533,53.995496379528966,3.92914113838437,0.14551300565510525,2,630.0386722063708,0,0,0
12,stack-pilot-t12-b000,81,168248,2043,2043,39.39736931116227,668.1036747973538,1.2037120874522103,26.759529936101142,11.292095211366824,0.1420320762421944,2,166.32838291583423,1,1,0
12,stack-pilot-t12-b000,82,192359,2350,2350,21.65456018619992,601.7913091398145,0.6508499797909714,15.650297704835065,5.095833225073532,0.25757927650026485,4,794.204838081723,0,1,0
12,stack-pilot-t12-b000,83,1197,17,17,0.11929652176510665,68.77246225938318,0.11884497954044979,0.0,0.0,0.0004515422246569218,0,0.0,0,1,0
12,stack-pilot-t12-b000,84,40991,485,485,4.388386647956737,554.0560294463494,0.5091458900000942,0.18954301374856186,3.675552925371299,0.014144818836788716,1,147.76969531980524,0,1,0
12,stack-pilot-t12-b000,85,111529,1377,1377,13.42890971551592,524.6115092291989,0.0,13.290265266150097,0.0,0.1386444493657599,1,128.91790479919302,0,1,0
12,stack-pilot-t12-b000,86,8919,116,116,2.2743019486595046,395.593270708375,0.13720087599278025,0.7375689292309744,0.6753309495397843,0.7242011938959664,0,0.0,0,1,0
12,stack-pilot-t12-b000,87,43300,488,488,5.917611543424582,425.5529305791031,3.9434684546562564,1.6344323448474825,0.0,0.3397107439208325,1,42.33588556453159,0,1,0
12,stack-pilot-t12-b000,88,4951,67,67,2.6977741034606018,218.04844994722,0.0,2.3030407778244353,0.2757048033781757,0.1190285222579918,0,0.0,1,1,0
12,stack-pilot-t12-b000,89,172392,2186,2186,22.638384683865056,611.8875617896753,2.796923459553806,18.376262918994396,1.291676172618701,0.17352213269812986,3,393.9777539496338,0,1,0
12,stack-pilot-t12-b000,90,98133,1171,1171,13.262638448637782,379.2601101142116,9.204629731334476,3.3344020189929324,0.4145089024477784,0.3090977958626214,4,62.78217602012236,0,1,0
12,stack-pilot-t12-b000,91,130506,1606,1606,15.351989864373568,713.4543995450748,2.7198334570434946,12.232000009857085,0.22634851089787844,0.1738078865750212,4,1082.8279899583067,0,1,0
12,stack-pilot-t12-b000,92,284685,3515,3515,36.12575635801672,667.0303106261051,16.097394218194854,19.648844415087986,6.477748684119433e-07,0.37951707695895276,5,244.0917091139114,0,1,0
12,stack-pilot-t12-b000,93,34940,444,444,7.320684997212705,390.2592427684106,2.9823815731300796,1.688187374015797,2.3016556525655716,0.3484603975012677,2,1.4992624945915443,3,1,0
12,stack-pilot-t12-b000,94,248043,2949,2949,27.95071969528603,802.1828807467977,2.554872798589221,25.199371731899564,3.379864210728556e-08,0.19647513099833544,4,909.1492728103048,0,1,0
12,stack-pilot-t12-b000,95,197404,2314,2314,22.357075576444778,765.6189934009349,19.87579363601038,2.1677269412020905,0.0,0.3135549992323284,7,248.40641698159288,0,1,0
12,stack-pilot-t12-b000,96,115510,1419,1419,18.21714188390744,492.25013158482386,0.12430892200761097,16.48181790378277,1.392008233216984,0.2190068248999322,2,968.0131647073059,0,1,0
12,stack-pilot-t12-b000,97,59750,720,720,7.674123486585764,489.9145008665728,1.149392414129271,1.8738183746509094,4.386651030575223,0.2642616672303669,2,956.0546336057566,0,1,0
12,stack-pilot-t12-b000,98,98816,1178,1178,12.16954163554369,546.978029312114,8.84794635478124,2.1450896463882145,0.8033554624530106,0.3731501719212547,3,19.853424613342515,0,0,0
12,stack-pilot-t12-b000,99,351247,4576,4576,45.58916192749191,733.2155907077403,3.57363998853122,36.39524874869804,5.436785458034996,0.18348773222743275,6,1947.0172387293103,2,1,0
12,stack-pilot-t12-b001,0,30510,392,392,4.993484141381397,564.6939795336564,2.633950515536809,1.2246369930473975,0.7324675196185604,0.4024291131786341,1,2.024688739309343,2,1,0
12,stack-pilot-t12-b001,1,145873,1748,1748,16.705591507601568,580.3592185224082,0.1088487357008547,16.251628996341964,0.0703964026452013,0.27471737291363013,2,450.7724654769895,0,1,0
12,stack-pilot-t12-b001,2,14803,192,192,3.135585521012919,261.74837578141023,0.8320323810872791,1.5983833203682707,0.1638102278648148,0.5413595916925609,0,0.0,0,1,0
12,stack-pilot-t12-b001,3,52902,694,694,7.643073284901326,522.9987126447566,0.3686728287629776,6.439179193843512,0.27772658772846626,0.5574946745663666,1,293.64955443722096,0,1,0
12,stack-pilot-t12-b001,4,23374,297,297,2.5535711658961286,555.4456839368883,2.3772376706166254,0.11825437391632931,0.0,0.058079121363175105,1,5.968543285249181,2,1,0
12,stack-pilot-t12-b001,5,81013,1023,1023,10.389806782056862,488.799178594223,0.5103782863947366,9.785438395468915,0.0,0.09399010019317168,2,147.9748631505793,0,1,0
12,stack-pilot-t12-b001,6,92648,1114,1114,9.504132910450853,176.67582029964748,0.0,0.0,9.440613130683975,0.06351977976686606,4,705.835304881978,0,1,0
12,stack-pilot-t12-b001,7,4518,53,53,3.229820393359433,166.53141150676146,0.33427023175504134,0.6228508600797795,2.2399958468130308,0.03270345471158333,0,0.0,2,0,0
12,stack-pilot-t12-b001,8,1084,11,11,0.48426048588539433,401.46542024598017,0.0,0.2191035141707971,0.1794966825746087,0.0856602891399889,0,0.0,0,1,0
12,stack-pilot-t12-b001,9,225846,2742,2742,25.12046778527245,620.3471872440406,2.4726175516022963,15.03850320540505,7.531281910106879,0.07806511815828829,6,981.4995167764046,0,1,0
12,stack-pilot-t12-b001,10,162613,1989,1989,18.86782900604065,476.4146581587195,0.0,18.79655943464274,0.0,0.07126957139799499,1,62.834676769863165,0,1,0
12,stack-pilot-t12-b001,11,433703,5240,5240,63.57519254875865,700.2018005459421,1.789016666873247,37.34616800602027,24.20152753694251,0.23848033892220452,4,795.7352805843807,2,1,0
12,stack-pilot-t12-b001,12,196415,2455,2455,21.17532615460948,830.842373578435,0.0,13.741508356856084,7.176686896782058,0.25713090097111896,4,529.5123420596641,0,1,0
12,stack-pilot-t12-b001,13,118896,1497,1497,30.389724434016703,578.5475197805871,1.2619160981962614,5.525383971178826,23.023934361134,0.5784900035076503,2,11.669286391545315,0,1,0
12,stack-pilot-t12-b001,14,10064,154,154,2.019979667311493,314.20178707766405,0.9367135005254444,0.8207142229023248,0.22144953704628279,0.041102406837439986,0,0.0,0,1,0
12,stack-pilot-t12-b001,15,154739,2010,2010,16.769969049450946,635.5562907021232,0.0,16.272412410372503,0.18878602321456128,0.308770615863582,3,753.2002884542457,0,1,0
12,stack-pilot-t12-b001,16,216429,2554,2554,27.218713165172336,737.121815195929,1.3222237559758758,25.476548950240172,0.26368969178838597,0.15625076716777006,4,1867.144269848383,0,1,0
12,stack-pilot-t12-b001,17,216533,2756,2756,26.425702836901085,719.8630895519682,0.0,25.683372616915022,0.26734140393091366,0.47498881605528664,3,997.9337692738882,1,1,0
12,stack-pilot-t12-b001,18,135423,1660,1660,15.187119844121133,634.0079223409092,0.6763985154142693,8.66132072547694,5.736662478250539,0.11273812497936994,3,353.63911929048646,0,1,0
12,stack-pilot-t12-b001,19,2469,36,36,1.3389900492160454,314.57738856828684,0.03964837206919063,1.2985097076181091,0.0,0.0008319695287439598,0,0.0,0,1,0
12,stack-pilot-t12-b001,20,41571,516,516,4.651438954359181,390.75421647303136,0.5932876588947458,0.4070926098820564,3.457027688618028,0.19403099696435955,1,94.24159380380772,0,1,0
12,stack-pilot-t12-b001,21,9252,114,114,3.4723372344036623,657.1947369958078,0.2689580078740098,2.4114356885689205,0.4087009454942745,0.38324259246646,1,0.34575880642233003,0,1,0
12,stack-pilot-t12-b001,22,1721,21,21,1.0289276295263377,426.5153039148699,0.0,0.7283264998405912,0.198596287296823,0.1020048423889232,0,0.0,0,1,0
12,stack-pilot-t12-b001,23,30451,362,362,7.97485734303419,422.4398813880504,0.044962253419552616,7.548749189208365,0.0,0.38114590040625673,0,0.0,0,1,0
12,stack-pilot-t12-b001,24,154333,1891,1891,24.23914604911567,489.53449355992717,1.930750538734917,21.905118985936568,0.11248968223662814,0.2907868422075669,3,1351.2616064759272,0,1,0
12,stack-pilot-t12-b001,25,12458,156,156,10.765596777301992,518.5161440612204,0.3704339864937422,3.204922734807724,6.861742298063202,0.3284977579373112,0,0.0,4,1,0
12,stack-pilot-t12-b001,26,193562,2306,2306,22.601068405223472,771.7185671153039,0.5330116532936024,21.752270921349968,0.0,0.31578583057988024,5,1996.7915827124907,0,1,0
12,stack-pilot-t12-b001,27,0,0,0,0.0,0.0,0.0,0.0,0.0,0.0,0,0.0,0,0,0
12,stack-pilot-t12-b001,28,140729,1813,1813,24.55786679771746,606.5485073488741,0.095671266636084,23.101054872400972,1.0917487882434216,0.2693918704370516,2,426.43731693016537,0,1,0
12,stack-pilot-t12-b001,29,193158,2360,2360,23.42351265790062,659.5320565417294,0.21193105537521767,22.223542089500302,0.2956335915514501,0.6924059214733885,2,232.21647990832847,1,1,0
12,stack-pilot-t12-b001,30,785,8,8,0.6097935229583538,47.46968868626146,0.0,0.6043545809442321,0.0,0.005438942014121892,0,0.0,0,1,0
12,stack-pilot-t12-b001,31,18002,228,228,5.415703262523948,427.52170456710553,1.1341049932761422,2.9391288890586793,1.1555227709542075,0.18694660923492465,0,0.0,1,1,0
12,stack-pilot-t12-b001,32,132339,1632,1632,16.083561789911023,357.1551315122493,0.0,16.027337147823314,0.0,0.0562246420877581,1,83.37253918942112,0,1,0
12,stack-pilot-t12-b001,33,269989,3325,3325,27.973251067295728,554.1314344917488,27.8804661719428,0.0,0.0,0.09278489535275633,9,73.87619263144599,0,1,0
12,stack-pilot-t12-b001,34,26768,324,324,12.527202076683675,444.3668942414601,1.2795039946955722,5.2588967227713965,5.559317056615893,0.42948430260081616,0,0.0,0,1,0
12,stack-pilot-t12-b001,35,129630,1541,1541,26.782450036538155,680.7454164000476,0.0,13.084184970475668,13.583931233539971,0.11433383252252977,2,456.71202423819364,0,1,0
12,stack-pilot-t12-b001,36,12876,162,162,14.660872391033191,261.61876763335385,0.17396344510769124,2.2219966428388034,12.166833781566082,0.09807852152060151,0,0.0,0,1,0
12,stack-pilot-t12-b001,37,15629,180,180,15.932722227908949,432.2463572443834,0.0,3.4577216959306725,12.036502989321772,0.4384975426565095,0,0.0,0,1,0
12,stack-pilot-t12-b001,38,14252,192,192,2.2547129261323873,479.41708149620604,1.1234971800213094,0.8879302717328983,0.0,0.24328547437817397,0,0.0,1,1,0
12,stack-pilot-t12-b001,39,128326,1542,1542,21.325590578330992,332.25027059388356,0.0266755237185817,8.82027298627451,12.434152757311484,0.044489311026424345,3,1205.587655891924,0,0,0
12,stack-pilot-t12-b001,40,158990,1984,1984,20.47054745534212,634.8841819326567,15.228820880414617,4.5053530320838036,0.19394447040758678,0.5424290724363358,4,103.78314587340219,3,1,0
12,stack-pilot-t12-b001,41,199765,2495,2495,31.571360695786147,540.0670712076054,3.1174057381151172,28.0621631707509,0.0,0.39179178692004973,2,539.4193219653403,1,1,0
12,stack-pilot-t12-b001,42,135228,1631,1631,15.824800957383516,827.8772293199879,0.0,15.517594879957452,0.17604282200773014,0.13116325541830856,4,2043.4345793754587,1,1,0
12,stack-pilot-t12-b001,43,182440,2439,2439,21.699486445983897,644.471172828705,12.778184065559309,8.706134514836428,0.15229154527150968,0.06287632031674746,5,222.7979733815848,0,1,0
12,stack-pilot-t12-b001,44,223,0,0,0.25021396129483076,10.851524409789043,0.0,0.2501496696540926,0.0,6.429164073819752e-05,0,0.0,0,1,0
12,stack-pilot-t12-b001,45,64709,782,782,10.909937022234988,458.7102968323799,2.739618193015797,7.491551672216829,0.19244155412525288,0.4863256028770841,2,592.6061836833051,0,1,0
12,stack-pilot-t12-b001,46,112091,1376,1376,13.67131127223711,692.6132347665624,0.3612736573636256,13.202092276822585,0.0,0.10794533805090026,2,546.7082021753828,1,1,0
12,stack-pilot-t12-b001,47,237174,3081,3081,30.588561385866107,667.3867808147288,1.6294318047078045,28.38439572550419,0.2043435099585622,0.37039034569539664,3,615.536611767881,0,1,0
12,stack-pilot-t12-b001,48,391232,5164,5164,49.061036746709185,639.671784762123,0.957453219990066,47.30815770544995,0.515943103679092,0.2794827175902937,3,702.3530224915082,3,1,0
12,stack-pilot-t12-b001,49,80754,987,987,9.368298991237163,671.4903206902292,0.685055754765249,7.680339091854975,0.9747635470596094,0.028140597557273845,2,880.8046000555644,0,0,0
12,stack-pilot-t12-b001,50,106116,1267,1267,12.13287234718847,658.7559908932794,0.0,11.877340332473583,0.0,0.25553201471488757,2,1723.0581061658963,0,1,0
12,stack-pilot-t12-b001,51,191026,2400,2400,25.87495668534435,711.7654477783387,0.460239255340016,22.907769171969914,2.375482753264805,0.13146550476959332,1,48.01776456735911,2,1,0
12,stack-pilot-t12-b001,52,116867,1472,1472,13.018310900586473,643.2785096474082,2.598784010955015,10.31291683677943,0.0,0.10661005285210153,3,1881.6205792829794,0,1,0
12,stack-pilot-t12-b001,53,247898,3064,3064,29.4881249087187,829.2346611146365,24.816290402973138,4.256461901051807,0.07348696451845171,0.3418856401750359,10,377.7022694647842,1,1,0
12,stack-pilot-t12-b001,54,11465,212,212,2.3851713600769253,652.8725923099836,0.7669510320334779,0.27875369251103166,0.9759972034134989,0.3634694321189193,0,0.0,0,1,0
12,stack-pilot-t12-b001,55,10914,137,137,4.00516851087164,587.8423350198399,0.35574867746226774,3.334764083850814,0.08689070263972098,0.22776504691883995,0,0.0,1,1,0
12,stack-pilot-t12-b001,56,89071,1111,1111,22.59461184239295,542.2128745705573,0.19555487439813815,12.342215707082598,9.608569477991384,0.448271782920657,1,128.99111327517582,0,1,0
12,stack-pilot-t12-b001,57,115646,1425,1425,17.306888490135957,486.05524349229535,2.758373932501047,14.286442345181527,0.0,0.2620722124534192,2,198.37179031753138,0,1,0
12,stack-pilot-t12-b001,58,1025585,12501,12501,175.7112561948206,430.23535246171576,0.8359530573789432,62.933438466549134,111.5424465235628,0.39941814732999265,5,632.0485676915263,1,1,0
12,stack-pilot-t12-b001,59,6673,74,74,1.4225828329728079,432.9637477754234,0.3489748489531344,0.8114169704242613,0.0,0.2621910135954121,0,0.0,2,1,0
12,stack-pilot-t12-b001,60,88225,1092,1092,9.559007362725056,614.284236152426,0.4322913292296274,8.996799536031299,0.0,0.1299164974641009,3,2242.1522302014546,0,1,0
12,stack-pilot-t12-b001,61,146005,1775,1775,16.026752099697845,939.9883034387495,2.3535226183058513,13.35013942719775,0.21694997762460844,0.10614007656961928,3,350.23299692866306,1,1,0
12,stack-pilot-t12-b001,62,22474,262,262,14.732176550704143,417.0066821296148,0.004266690358124228,6.738100484919642,7.518817051660647,0.47099232376573025,0,0.0,0,1,0
12,stack-pilot-t12-b001,63,180624,2103,2103,21.821686889669824,585.684758620313,2.525465361422614,13.87613693864731,5.245979867098341,0.17410472250147072,4,446.7980165541462,1,1,0
12,stack-pilot-t12-b001,64,57922,716,716,7.4045066226071645,636.6777718335497,0.9556176874535901,1.5733195933919433,4.526948974406808,0.34862036735482577,1,88.67752394591218,1,1,0
12,stack-pilot-t12-b001,65,70464,798,798,7.798501015254568,503.2408867196509,0.2793489379151649,0.13160679215820892,7.344876900344865,0.042668384836393465,1,94.7417632595144,1,1,0
12,stack-pilot-t12-b001,66,7164,89,89,2.6539156988870154,454.81171659792824,0.09138565992168678,2.226020873793118,0.0,0.3365091651722045,0,0.0,0,1,0
12,stack-pilot-t12-b001,67,83709,1060,1060,10.023056071331373,684.9319309373764,1.997284695003596,7.476125149137777,0.09789471153089835,0.45175151565911914,2,211.21696652353035,0,1,0
12,stack-pilot-t12-b001,68,38761,481,481,14.029898404963678,652.2803711702413,3.084919403631984,2.0873021353527292,8.63938773399007,0.218289131988896,1,2.843168616891321,0,1,0
12,stack-pilot-t12-b001,69,135587,1610,1610,15.360907737882824,719.0623929591162,3.0094112065361696,1.5876623040486493,10.6236268970929,0.1402073302050483,4,753.3735185974633,0,1,0
12,stack-pilot-t12-b001,70,71691,871,871,8.021635343247002,650.1250372892338,0.8499759198999588,7.020749640281965,0.0,0.15090978306505787,1,193.11062623946174,1,1,0
12,stack-pilot-t12-b001,71,252102,3126,3126,40.5453086537163,706.2853959339016,0.6345595348622581,38.81935768994442,0.1756383691335941,0.9157530597757035,3,301.99243150233406,1,1,0
12,stack-pilot-t12-b001,72,5795,56,56,2.7571310614261813,463.4678720866917,0.0,2.102388578217301,0.582446588034145,0.072295895174736,0,0.0,0,1,0
12,stack-pilot-t12-b001,73,90340,1092,1092,9.778587504724838,725.988188237247,0.4314634779105253,5.843557854076784,3.29477950749725,0.20878666524031456,2,478.78226466202904,0,1,0
12,stack-pilot-t12-b001,74,129821,1617,1617,19.195782038224507,580.5216068910415,0.7514839197184449,17.569621151257408,0.5945042151815869,0.2801727520671243,1,117.37182775021616,0,1,0
12,stack-pilot-t12-b001,75,12810,166,166,5.837898375582808,564.2390047840918,0.0002539834906708477,4.818020407692643,0.7542547226421448,0.2653692617573521,0,0.0,0,1,0
12,stack-pilot-t12-b001,76,205349,2567,2567,27.733618062105663,604.7345583437485,0.6782676744942707,24.613074277689176,2.058317770663052,0.38395833925935785,1,57.24926992216066,0,1,0
12,stack-pilot-t12-b001,77,0,0,0,0.0,109.37755842402697,0.0,0.0,0.0,0.0,0,0.0,1,1,0
12,stack-pilot-t12-b001,78,122363,1550,1550,16.37703711518468,696.9759123485795,3.9584541422435255,11.72287799225856,0.14726912142214132,0.5484358592603807,4,777.1824488642696,0,1,0
12,stack-pilot-t12-b001,79,604031,7364,7364,89.29981123393802,660.7386004614086,2.6349227498218584,76.04365290398167,9.935972704841856,0.6852628752938057,2,366.29061912150894,1,1,0
12,stack-pilot-t12-b001,80,164755,2020,2020,19.20799569894985,699.2399710952986,0.5667323907306473,18.248648668067258,0.07027945696427196,0.32233518318770815,3,768.3327844729416,0,1,0
12,stack-pilot-t12-b001,81,20357,275,275,17.714050883298196,391.6517915038093,0.26755257791631926,4.7763050246906005,12.365009449463077,0.305183831228201,0,0.0,0,1,0
12,stack-pilot-t12-b001,82,96464,1098,1098,13.82322337234476,605.9455054407177,5.753023188785305,6.834968855453594,0.7837346414253261,0.45149668668057874,2,749.3794323001845,1,1,0
12,stack-pilot-t12-b001,83,154359,1912,1912,19.220143340421394,541.2684173797754,1.4097154891060069,16.03119340737982,1.520554211041599,0.2586802328940785,2,331.67606083393747,0,1,0
12,stack-pilot-t12-b001,84,119450,1511,1511,14.928850994907055,648.8980832474375,1.2063831060239614,13.01193957503151,0.14197427221006365,0.568554041641556,4,3258.817146636664,1,1,0
12,stack-pilot-t12-b001,85,289953,3532,3532,30.289078126885794,785.6443737114754,16.104458140637384,14.085140753929291,0.0,0.099479232319218,13,1034.8526976729768,0,1,0
12,stack-pilot-t12-b001,86,269730,3170,3170,41.18703026688077,472.6394512211097,1.2065788906392019,38.39922262389191,1.0347246460023598,0.546504106347116,3,320.0620238936239,0,1,0
12,stack-pilot-t12-b001,87,7802,100,100,1.5493452048619132,511.20805902884524,0.7446771258098903,0.0,0.7382825706317817,0.06638550842024146,0,0.0,2,1,0
12,stack-pilot-t12-b001,88,157213,1968,1968,20.93897759756537,461.5490289757425,1.0880565923302823,19.271033507278425,0.49898652140109334,0.08090097655548051,6,3542.333516815094,0,1,0
12,stack-pilot-t12-b001,89,301911,3693,3693,35.58455472274992,835.8924348745522,2.7364745792308467,23.421563753049952,9.195968870037621,0.23054752043161197,6,1188.3870257481724,3,1,0
12,stack-pilot-t12-b001,90,68203,810,810,8.272032675129973,628.7571474826067,2.0127793629517488,0.6105003274500405,5.531520595705993,0.11723238902218859,3,522.7972788927215,0,1,0
12,stack-pilot-t12-b001,91,3808,41,41,2.662805456724729,477.01191036742034,0.0,2.4619029359301976,0.09815498071293405,0.10274754008159794,0,0.0,0,1,0
12,stack-pilot-t12-b001,92,29355,344,344,5.168878408734534,308.9807943517394,3.0098645523720013,0.0,2.1290835170511855,0.0299303393113453,1,3.0523996880932094,0,1,0
12,stack-pilot-t12-b001,93,45735,580,580,11.001047111688228,586.2097697214132,1.5206542700993488,9.204148197202928,0.08531959142965206,0.19092505295626147,0,0.0,1,1,0
12,stack-pilot-t12-b001,94,79714,909,909,8.976120971335392,755.1472392134782,7.92766400060475,0.826167647915554,0.07991277307155542,0.14237654974355643,1,11.851976732180225,1,1,0
12,stack-pilot-t12-b001,95,145245,1864,1864,16.24735367291899,609.738014713296,1.2355237492694318,8.247080916473928,6.5453945036560555,0.2193545035195247,2,310.7809026306851,1,1,0
12,stack-pilot-t12-b001,96,67409,817,817,8.02613797027925,433.70094930792476,0.20780280160142114,7.316145328040587,0.16832107009759056,0.33386877053964403,1,197.93339394870046,0,1,0
12,stack-pilot-t12-b001,97,84952,993,993,10.242376410076414,604.6183769758452,1.817118052374508,1.1711180604436322,6.759879362096166,0.4942609351620367,1,66.23991742001454,0,1,0
12,stack-pilot-t12-b001,98,5830,80,80,3.468805721478353,322.4698471922239,0.0731254719642055,2.589127006696117,0.6212749679161789,0.1852782749018525,0,0.0,1,1,0
12,stack-pilot-t12-b001,99,353664,4424,4424,76.6933454011221,360.50625533108723,1.2810883642769575,12.55638216522021,62.2445561362544,0.6113187353708107,4,1926.1810639800128,0,1,0
12,stack-pilot-t12-b002,0,21242,252,252,2.169146462558046,223.9471567977635,0.3170595351025543,0.0,1.8448682319971463,0.007218695458349291,1,505.5095896609195,2,1,0
12,stack-pilot-t12-b002,1,4837,38,38,1.1915423971460233,214.98391644697978,0.3308672841337598,0.3353744854401839,0.3953423514303722,0.12995827614170766,0,0.0,2,1,0
12,stack-pilot-t12-b002,2,54430,676,676,7.949805052124785,335.7517716992726,0.0,7.78324608091225,0.0,0.166558971212529,1,340.5503705064615,1,1,0
12,stack-pilot-t12-b002,3,93205,1166,1166,10.240491794212554,501.89606060405043,4.498595711791688,5.617460477988898,0.0,0.12443560443194078,3,348.3252571952887,0,1,0
12,stack-pilot-t12-b002,4,138840,1685,1685,15.695955781959373,582.8548263650384,1.0920139185789797,14.220964280137103,0.09093773050881282,0.29203985273447935,2,362.7444709226405,1,1,0
12,stack-pilot-t12-b002,5,155385,2226,2226,29.8274252117748,455.8250695857484,0.5284557477848429,17.55065088480527,11.626692901281523,0.12162567790309771,1,56.377653523763094,0,1,0
12,stack-pilot-t12-b002,6,109952,1353,1353,17.25347914372777,652.2957252502478,3.4147697533931063,12.878674580959135,0.8017344859144941,0.15830032346103268,2,739.2124767433788,0,1,0
12,stack-pilot-t12-b002,7,65165,749,749,7.3896490687419405,766.6026545003234,0.36479596930553837,7.002520125092037,0.0,0.022332974344387694,3,1198.6725009702973,0,1,0
12,stack-pilot-t12-b002,8,96193,1169,1169,10.138350004153665,448.8132081690202,1.9700892962889343,0.12025737540511727,7.917428358948684,0.13057497351092656,3,159.9510954595953,0,1,0
12,stack-pilot-t12-b002,9,4798,62,62,2.032010357856747,623.397244933025,0.08452684618925878,0.2700192772859964,1.346400800430274,0.3310634339512165,0,0.0,1,1,0
12,stack-pilot-t12-b002,10,10613,149,149,5.212020241632934,280.46073602291915,0.17863919905114475,4.436195489033253,0.2867809026611212,0.3104046508874254,0,0.0,0,1,0
12,stack-pilot-t12-b002,11,311582,3712,3712,34.63579270362848,681.2528788570604,0.17799882038466822,33.87165843998811,0.21412283726895964,0.372012605986567,4,873.2322618588043,0,1,0
12,stack-pilot-t12-b002,12,79434,979,979,12.652651889179873,552.4223984024023,0.024159120261446357,11.893373369761385,0.4415038108745648,0.2936155882824505,2,165.86467929078754,0,1,0
12,stack-pilot-t12-b002,13,3451,38,38,0.3683842221284865,91.86229162921684,0.36713547164555704,0.0,0.0,0.0012487504829295476,0,0.0,1,1,0
12,stack-pilot-t12-b002,14,73260,846,846,14.912109576222905,504.8869844963703,0.7818985533055413,11.832332134052526,1.737062959002003,0.5608159298627856,2,97.85471479606255,1,1,0
12,stack-pilot-t12-b002,15,107371,1303,1303,11.719334669326129,615.2774310749287,5.7385426483225555,0.3728428736069418,5.259732952373289,0.3482161950234012,2,766.3297166459395,1,1,0
12,stack-pilot-t12-b002,16,304308,3705,3705,39.05879524330964,643.595083679951,0.7569552959859766,23.726133386366644,14.37334190723669,0.20236465372029158,6,1233.3634761277895,0,1,0
12,stack-pilot-t12-b002,17,48905,560,560,10.775939021360733,551.832165030916,3.8463371755100413,6.4769828682732395,0.29047012571728714,0.16214885186015268,1,71.33827503679676,2,1,0
12,stack-pilot-t12-b002,18,207444,2510,2510,24.73779263815597,697.3492996982345,0.712763872079927,10.304832355245738,13.488815002985719,0.23138140784457817,3,752.5002769660643,0,1,0
12,stack-pilot-t12-b002,19,108843,1317,1317,19.052860587196374,668.3620292734307,3.713735854775411,10.047631429595011,4.81530815398817,0.4761851488377163,3,318.71281210603047,0,1,0
12,stack-pilot-t12-b002,20,389526,4605,4605,41.76914129886257,814.9607888834643,39.46159120293247,1.693739700392939,0.0,0.6138103955367474,13,683.753493348923,0,1,0
12,stack-pilot-t12-b002,21,47650,669,669,5.761438124847258,553.8849415882092,4.6143519018874075,0.9199686669272751,0.0,0.22711755603258887,2,64.08473146484275,0,1,0
12,stack-pilot-t12-b002,22,153732,1888,1888,43.507695889857786,532.2608954899595,0.5185485964196339,27.004214670335,15.596323372458743,0.3886092506446212,1,162.5745571899537,0,0,0
12,stack-pilot-t12-b002,23,32988,402,402,14.22222862199305,425.57453398425196,2.63101239347239,0.9146838747533366,10.652079628161657,0.02445272560570052,1,0.688599308763442,2,1,0
12,stack-pilot-t12-b002,24,0,0,0,0.0,308.7297727978626,0.0,0.0,0.0,0.0,0,0.0,0,1,0
12,stack-pilot-t12-b002,25,201321,2450,2450,25.111796434018245,729.471639466744,0.03694387877010559,23.89977092444334,0.9526979344361242,0.22238369636875063,2,214.95913063667726,0,1,0
12,stack-pilot-t12-b002,26,33958,416,416,3.507103610952016,74.2328406493719,1.1328009871908526,2.3626939656978916,0.0,0.011608658063272558,1,903.2049093208298,0,1,0
12,stack-pilot-t12-b002,27,3138,39,39,1.6240878490264932,58.37447517211056,0.0,1.330191531617288,0.13700324976343836,0.1568930676457658,0,0.0,1,1,0
12,stack-pilot-t12-b002,28,122913,1416,1416,18.642480489287866,576.5054206087755,2.999689335478191,15.216586522751157,0.07214734801891609,0.3540572830395232,1,169.0905763433704,0,1,0
12,stack-pilot-t12-b002,29,96421,1211,1211,15.965581779405573,725.5341136586443,3.0173388078771493,7.911348747357073,4.5752919210624485,0.46160230310893846,1,167.0505507075382,1,1,0
12,stack-pilot-t12-b002,30,474889,5431,5431,53.54271430659474,679.8964070214918,0.8018288547993188,52.43127040131669,0.0724369124527584,0.23717813802532006,3,439.81429979533516,0,1,0
12,stack-pilot-t12-b002,31,13620,157,157,20.252043319933048,393.0199055450584,0.20182177520991176,1.0777700831974926,18.847388593964038,0.12506286756160856,0,0.0,1,1,0
12,stack-pilot-t12-b002,32,0,0,0,0.0,0.25084683210297953,0.0,0.0,0.0,0.0,0,0.0,2,0,0
12,stack-pilot-t12-b002,33,14424,176,176,2.60877389393414,204.76281806894863,1.2198187047683247,1.221144491061409,0.0,0.16781069810439833,1,1.1367579615183054,1,1,0
12,stack-pilot-t12-b002,34,246223,3024,3024,27.951224609984173,771.5188583926011,0.3742119212030059,27.234675871111545,0.1123511114219582,0.2299857062478472,3,421.6581763767531,0,1,0
12,stack-pilot-t12-b002,35,32866,406,406,8.933693275912216,607.5026269481752,2.038117246570785,5.184759899291635,1.0286727376903415,0.6821433923594494,0,0.0,0,1,0
12,stack-pilot-t12-b002,36,161669,2042,2042,16.977884970767768,610.1808813008578,0.0,16.792314270361768,0.0,0.18557070040608756,5,1924.669535956191,1,1,0
12,stack-pilot-t12-b002,37,9822,138,138,4.488887772666393,502.75779557873045,0.16228424430594487,4.225594013551916,0.07755340261246602,0.02345611219607344,1,2.6145313642251615,0,1,0
12,stack-pilot-t12-b002,38,158935,1877,1877,25.00214321885143,741.626720415861,0.0028515745144084476,17.04607655358492,7.845576715145177,0.10763837560695276,2,54.95063891864682,0,1,0
12,stack-pilot-t12-b002,39,93551,1119,1119,11.641628899008436,783.44282451945,0.5540977379784912,10.614816088841222,0.12286508105353278,0.34984999113514637,1,215.18187007837557,3,1,0
12,stack-pilot-t12-b002,40,98847,1262,1262,15.193144342305002,704.1066860471414,2.9170729440142393,10.870787453428814,1.1165160211494367,0.28876792371246557,3,1054.0715985198663,0,1,0
12,stack-pilot-t12-b002,41,163163,2069,2069,18.47109660697934,557.8429655086286,2.100047386151517,5.789148586001711,10.180241225775056,0.40165940905104336,5,1206.384587136778,0,1,0
12,stack-pilot-t12-b002,42,348676,4231,4231,46.371909259708744,674.1357624504843,0.166206890650323,45.645484025222544,0.0,0.5602183438359012,3,663.8688509329832,1,1,0
12,stack-pilot-t12-b002,43,7045,75,75,2.866015164696121,782.7867062435174,0.0,2.7527196468347483,0.0,0.11329551786137312,0,0.0,0,1,0
12,stack-pilot-t12-b002,44,0,0,0,0.0,0.0,0.0,0.0,0.0,0.0,0,0.0,0,0,0
12,stack-pilot-t12-b002,45,316898,4005,4005,50.23947729405379,492.34462210037356,0.0,46.39809327709676,3.5750452253323597,0.26633879162446383,1,44.227718396946635,0,1,0
12,stack-pilot-t12-b002,46,13965,145,145,5.578357416066129,445.4083702645667,0.6202583489437401,3.3278526337954872,1.4248556492646887,0.20539078406221872,0,0.0,2,1,0
12,stack-pilot-t12-b002,47,140428,1745,1745,16.528864181961946,327.253681679802,4.023149788361926,10.372017717256929,1.9826136900628626,0.1510829862801982,5,1346.3495765604089,2,1,0
12,stack-pilot-t12-b002,48,5819,72,72,3.7599724673711257,435.4730661913304,0.0018341838223840665,2.513910924559582,0.937332634393897,0.3068947245952596,0,0.0,1,1,0
12,stack-pilot-t12-b002,49,158999,2017,2017,16.65142300122333,600.9497847347362,16.28634780199995,0.19074028992565673,0.08077728976968501,0.093557619528121,5,192.4452232554165,1,1,0
12,stack-pilot-t12-b002,50,12908,158,158,3.592638757186674,512.6053608041575,0.8665801848535435,2.3499674835755595,0.22298230581873213,0.1531087829388386,0,0.0,0,1,0
12,stack-pilot-t12-b002,51,10993,150,150,3.0677410526893714,363.5639034057344,0.6466870692551251,1.8392461745561377,0.3203040149019216,0.2615037939761895,1,0.3495314868521111,0,1,0
12,stack-pilot-t12-b002,52,134499,1615,1615,19.093965978170527,455.5048777343861,1.3343611091460708,16.029464082550966,1.4081828650983539,0.3219579213752613,1,220.8297880822223,1,1,0
12,stack-pilot-t12-b002,53,173937,2163,2163,19.271070650748385,552.1520472633375,2.881558524369471,10.26706694768507,5.941576712769179,0.18086846592479736,4,544.5329651293763,0,1,0
12,stack-pilot-t12-b002,54,152443,1961,1961,21.76459535073105,721.130891216331,0.5358004606700421,19.087018802593153,1.6855489631895608,0.4562271242783681,4,1151.270825494953,0,1,0
12,stack-pilot-t12-b002,55,109811,1367,1367,12.633949523161222,630.287259467139,0.46383580876211933,11.943417587377766,0.0,0.22669612702132816,3,1468.3217196752148,0,1,0
12,stack-pilot-t12-b002,56,146377,1756,1756,15.268304029771715,724.7597014216728,3.8833533931895716,4.3431805658591225,6.991376584712911,0.050393486010144026,4,599.3462074794006,0,1,0
12,stack-pilot-t12-b002,57,206427,2434,2434,22.32616494366792,780.5878431433057,21.01005475391409,1.0454538132784137,0.0,0.27065637647540725,4,67.05650991271357,0,1,0
12,stack-pilot-t12-b002,58,0,0,0,0.0,0.03418281523772748,0.0,0.0,0.0,0.0,0,0.0,1,0,0
12,stack-pilot-t12-b002,59,45870,527,527,14.326753772040545,257.9292682017133,0.5900700881750413,12.708250550086177,0.4601030617213837,0.5683300720579385,0,0.0,0,1,0
12,stack-pilot-t12-b002,60,270484,3247,3247,48.11562068675439,648.9719690661036,0.23222182972623356,43.92128273304209,3.589816866452963,0.37229925753335735,1,39.390949622634146,1,1,0
12,stack-pilot-t12-b002,61,57519,709,709,7.988662665048058,602.5710593822295,0.14922147154295168,7.415351300025624,0.1807779761729762,0.24331191730652826,1,256.35568249167403,1,1,0
12,stack-pilot-t12-b002,62,0,0,0,0.0,0.22859543395315995,0.0,0.0,0.0,0.0,0,0.0,4,0,0
12,stack-pilot-t12-b002,63,175563,2178,2178,19.815996320164974,500.9271722727118,0.39949205246695996,18.98218931501754,0.3402622482772131,0.09405270440341625,2,278.01029886335664,0,1,0
12,stack-pilot-t12-b002,64,245603,3107,3107,32.71890432040167,501.2567711714367,0.10870424918235765,31.221273565557116,1.1175658971787925,0.271360608483453,2,406.81526500253085,1,1,0
12,stack-pilot-t12-b002,65,217271,2689,2689,28.7181045348091,0.20365170392324217,0.011418498712369945,28.631691107097353,0.0,0.07499492899949764,1,0.011418498712369949,6,0,0
12,stack-pilot-t12-b002,66,75397,973,973,11.945794063763653,392.8708622558979,4.079964567532584,7.3920043860870095,0.16089710066989937,0.3129280094741616,2,711.4249452840936,0,1,0
12,stack-pilot-t12-b002,67,147868,1989,1989,19.54887270101392,531.6759643069879,3.0935874120063827,16.04797307506884,0.0,0.40731221393881234,1,104.99899343764697,0,1,0
12,stack-pilot-t12-b002,68,28649,401,401,4.487595983565023,483.1451822954258,2.1543897231275553,1.9490737136229654,0.0,0.3841325468144809,1,2.0609548013506362,1,1,0
12,stack-pilot-t12-b002,69,1446,18,18,0.4638946390357097,369.9594265018552,0.0,0.35069306061859606,0.0,0.11320157841711362,0,0.0,0,1,0
12,stack-pilot-t12-b002,70,146825,1726,1726,15.130216068031533,585.2928800330542,1.8124095896789922,13.235270588603202,0.0,0.08253588974931396,6,4591.789529083102,0,1,0
12,stack-pilot-t12-b002,71,1572,18,18,1.0068024937661868,448.65672791526697,0.0,0.9575709136254318,0.0,0.04923158014075532,0,0.0,0,1,0
12,stack-pilot-t12-b002,72,16799,225,225,3.9913285880812595,693.8357599529367,0.8908421803829872,2.6396506741695016,0.0,0.4608357335287717,0,0.0,0,1,0
12,stack-pilot-t12-b002,73,145430,1773,1773,15.524877336233155,822.8674863805511,3.675482994678109,11.735713472269738,0.0,0.11368086928522424,3,738.2913059751279,0,1,0
12,stack-pilot-t12-b002,74,323322,3896,3896,39.79632534575225,567.1331550262554,2.428701663682773,16.276932693142527,20.60643300852379,0.48425798040337364,4,387.78317234309156,1,1,0
12,stack-pilot-t12-b002,75,0,0,0,0.0,0.03150002710754052,0.0,0.0,0.0,0.0,0,0.0,1,0,0
12,stack-pilot-t12-b002,76,187958,2230,2230,24.484846832620544,799.0522399851561,1.0742597076562275,20.9269436722412,2.0846349057828775,0.3990085469402051,4,1235.8888071217877,3,1,0
12,stack-pilot-t12-b002,77,151236,1802,1802,16.81930628405266,496.813374894723,2.54282891368558,10.384752540437479,3.6326156170173283,0.25910921291229405,4,547.3168977096515,1,1,0
12,stack-pilot-t12-b002,78,14141,170,170,5.485532064980349,287.2914775786772,0.3893210970117274,4.415271135140529,0.49447347913883277,0.18646635368925737,0,0.0,0,1,0
12,stack-pilot-t12-b002,79,127223,1493,1493,18.96767797671507,508.1287604694041,2.207320756766655,16.235275115820237,0.1559795031134854,0.36910260101468595,1,165.31011273227972,1,1,0
12,stack-pilot-t12-b002,80,123756,1512,1512,16.18371828092241,681.5551622677151,3.59011139259279,11.01380713474282,1.3534757250545226,0.2263240285322918,2,577.5555237483794,2,1,0
12,stack-pilot-t12-b002,81,79660,1091,1091,12.454605671002154,667.9677584117214,7.241920889759015,4.037000895789447,0.9516463333948195,0.2240375520589115,2,68.53261084534155,0,1,0
12,stack-pilot-t12-b002,82,178018,2261,2261,20.100175616520236,620.7968840552891,1.418596611215948,17.787963898773214,0.5743380119407417,0.319277094590399,5,2524.900493445595,0,1,0
12,stack-pilot-t12-b002,83,71751,812,812,10.454985511156003,594.2686796561902,1.4330880551594927,3.3184680325608724,5.549575994003998,0.15385342943165525,1,120.00189393611598,1,1,0
12,stack-pilot-t12-b002,84,149679,1797,1797,17.033190803907704,481.31402928062624,10.312051526546824,1.5775874127159568,4.737928299745903,0.40562356489906903,3,147.57862554980267,0,1,0
12,stack-pilot-t12-b002,85,10246,138,138,4.231450972053859,450.6593138088081,0.17724014971619065,3.759548678285796,0.21016472265728225,0.08449742139459508,0,0.0,0,1,0
12,stack-pilot-t12-b002,86,7198,82,82,3.4354128355645415,468.0276893404727,0.028937879221205994,3.3252954057355737,0.0,0.08117955060776559,0,0.0,0,1,0
12,stack-pilot-t12-b002,87,176427,2190,2190,19.84521764603681,659.0698594777642,17.71248953242601,1.1102023505156922,0.6697618071011675,0.3527639559939025,3,61.42248228779018,0,1,0
12,stack-pilot-t12-b002,88,113717,1369,1369,15.14644642945618,819.6782250620923,0.0,15.08585464050136,0.0,0.060591788954918215,2,722.4463886340429,0,1,0
12,stack-pilot-t12-b002,89,87485,1128,1128,10.62393125187457,442.15792124176903,8.697124747020622,1.3808525280530828,0.30699385754269315,0.23896011925820174,2,39.65234418197525,0,1,0
12,stack-pilot-t12-b002,90,86511,1090,1090,10.340866003053804,590.0861977420657,0.6050897403172512,1.5347461195767664,7.9845785991959275,0.21645154396384803,3,480.23404621898874,1,1,0
12,stack-pilot-t12-b002,91,153473,1999,1999,20.871551587914713,419.06296356846826,0.3371405752758089,18.593998979892177,1.2211048670662419,0.7193071656804584,1,142.00589907144587,0,1,0
12,stack-pilot-t12-b002,92,28230,367,367,3.0124707162137208,56.52401888588612,0.0,2.8218184848376566,0.0,0.1906522313760663,1,913.168291822604,1,1,0
12,stack-pilot-t12-b002,93,131087,1649,1649,27.495627734281964,477.0966217852485,0.6709301201492803,25.03108632368308,1.2879406752308569,0.505670615218799,1,19.38041105053694,0,1,0
12,stack-pilot-t12-b002,94,5529,60,60,2.5827035952710524,274.30656168482903,0.045855760760570505,1.7953880403437097,0.4695374372658989,0.27192235690087646,0,0.0,1,1,0
12,stack-pilot-t12-b002,95,107661,1356,1356,14.377130517152526,541.709172855466,1.058130857502244,8.781074664378686,4.279940879847711,0.25798411542382416,2,537.9433666843773,1,1,0
12,stack-pilot-t12-b002,96,322795,3767,3767,46.82950022112389,440.0794787025174,4.304924035082774,7.173731885751181,34.96244181080592,0.38840248948402323,0,0.0,1,0,0
12,stack-pilot-t12-b002,97,87574,1069,1069,9.444904676410074,394.59265759151947,0.3125648485318238,9.102187262536042,0.0,0.030152565342174413,1,138.13340187153037,0,1,0
12,stack-pilot-t12-b002,98,17155,201,201,6.208834515007091,623.0309343725131,0.1985838369845737,5.303655069491356,0.3284270202730113,0.37816858825816313,0,0.0,1,1,0
12,stack-pilot-t12-b002,99,66208,778,778,11.183822053775671,694.284975093605,1.1745256767858416,8.461906465585251,1.2803280187981727,0.267061892606374,1,332.65918333722794,0,1,0
12,stack-pilot-t12-b003,0,148307,1736,1736,17.035670423536512,388.151323133198,1.4316897946777072,15.440677254373059,0.0,0.16330337448569407,2,364.0234839387456,0,1,0
12,stack-pilot-t12-b003,1,76923,926,926,16.251416077605608,570.8978262616927,0.22315836404372236,11.19610502857543,4.6825781414154335,0.14957454357105,1,221.52528429991938,0,1,0
12,stack-pilot-t12-b003,2,243761,3008,3008,32.74122062187475,588.7740572316491,5.2213572489976885,18.34355425757196,8.75051037751476,0.42579873779045885,3,168.93893637198195,0,1,0
12,stack-pilot-t12-b003,3,242002,3051,3051,32.89153218032958,818.7470563785567,1.5146511300086893,26.928487119795214,4.235392419330987,0.2130015111950734,4,502.4095666676701,0,1,0
12,stack-pilot-t12-b003,4,82251,1028,1028,8.891431511926019,478.9591445523318,0.0,8.632507689013236,0.0,0.2589238229127899,2,735.961782826212,0,1,0
12,stack-pilot-t12-b003,5,101868,1237,1237,16.405985918441758,533.7154429667067,1.1313212531434724,14.73081081295285,0.2593979170997045,0.28445593524583845,1,430.9147611616706,0,1,0
12,stack-pilot-t12-b003,6,50878,624,624,5.233461252459398,85.60374385685581,0.0,5.215857875982433,0.0,0.017603376476960836,2,1837.9762406555512,0,1,0
12,stack-pilot-t12-b003,7,183781,2163,2163,22.04847010369105,597.2585639509384,0.9060793924738298,14.914174199420813,5.926249796419155,0.3019667153772652,3,481.6702515463079,1,1,0
12,stack-pilot-t12-b003,8,41285,523,523,10.618602400430587,659.0872839500521,0.37094197391130085,8.863170696856855,1.0899682061226486,0.2945215235397828,2,55.356029646876536,3,1,0
12,stack-pilot-t12-b003,9,5423,52,52,1.7558564168172193,315.44578639669254,0.3956636829289572,1.3384176496082318,0.0,0.02177508428003058,0,0.0,0,1,0
12,stack-pilot-t12-b003,10,0,0,0,0.0,0.0,0.0,0.0,0.0,0.0,0,0.0,0,0,0
12,stack-pilot-t12-b003,11,162248,1962,1962,21.390573754141403,787.306195599106,15.903596682107072,3.881616621774924,1.490245436112673,0.11511501414670376,4,176.01760123179872,0,1,0
12,stack-pilot-t12-b003,12,68981,855,855,7.337012469169794,347.62437430267556,0.3463536628529044,6.966367077935557,0.0,0.02429172838129734,1,191.0963647451094,0,1,0
12,stack-pilot-t12-b003,13,4363,53,53,2.132430511423025,489.5294699593862,0.0,1.6845089255115226,0.2753967989774537,0.17252478693404963,0,0.0,0,1,0
12,stack-pilot-t12-b003,14,32967,393,393,8.34173358502048,593.7932395506873,2.16014249247703,5.004168568076238,0.7151579749970551,0.4622645494701505,0,0.0,0,1,0
12,stack-pilot-t12-b003,15,93857,1222,1222,12.459990934525635,689.3590498104713,1.1667174491630836,10.76309357628907,0.13986681731330464,0.3903130917602507,2,927.5853039665403,0,1,0
12,stack-pilot-t12-b003,16,97969,1190,1190,12.93551776631952,637.8334867007835,0.43836114934936393,12.348762032807722,0.0,0.14839458416239024,1,148.14425647379971,0,1,0
12,stack-pilot-t12-b003,17,167094,1950,1950,22.103995491781387,512.1279520344184,0.8741954888011855,19.78969739921421,0.6784395520974043,0.7616630516687383,1,83.77400497900854,1,1,0
12,stack-pilot-t12-b003,18,119239,1391,1391,12.34859460827763,706.3616398891553,0.0,12.307742710540806,0.0,0.04085189773684986,4,2751.473092928708,0,1,0
12,stack-pilot-t12-b003,19,52093,654,654,5.4748758279311245,686.6815098483596,0.0,5.456994398212142,0.0,0.01788142971897294,2,603.3624655205768,0,1,0
12,stack-pilot-t12-b003,20,494879,5955,5955,67.99288260106555,567.4323164141261,0.7449705937567719,65.37760895252993,1.370109496781879,0.5001935579970086,4,605.8115412217527,0,1,0
12,stack-pilot-t12-b003,21,517498,6559,6559,80.12859864045383,650.3074622571933,2.0514027237039003,56.033725543177894,21.51363545125152,0.5298349223206831,3,457.41574221633743,0,1,0
12,stack-pilot-t12-b003,22,233532,2993,2993,28.563059288042886,660.8149537547765,0.7953724413411593,27.480344901605907,0.18067133851218387,0.1066706065835794,3,815.1055336669558,0,1,0
12,stack-pilot-t12-b003,23,19408,246,246,6.849143712395493,461.75273904531673,0.9697464669922926,5.590415310981029,0.0,0.28898193442216674,1,0.6356963277858653,0,1,0
12,stack-pilot-t12-b003,24,136920,1665,1665,17.932620698320804,309.8102457760707,0.2594027372231572,16.294724901420892,0.9588166725625342,0.41967638711412464,2,96.8039100324604,1,1,0
12,stack-pilot-t12-b003,25,18257,234,234,5.71996727410574,481.565218596531,0.09396047997699711,5.052598802779016,0.26479086881590774,0.30861712253381485,0,0.0,0,1,0
12,stack-pilot-t12-b003,26,349905,4246,4246,59.58206894466595,336.97786579982983,0.11928699574061047,39.00822016094644,20.17326105677515,0.2813007312034939,2,166.42682178631114,2,1,0
12,stack-pilot-t12-b003,27,231476,2762,2762,24.280201198132314,930.5896206203695,16.293595434186404,7.907073123002735,0.0,0.07953264094311126,5,322.4389000657473,1,1,0
12,stack-pilot-t12-b003,28,23437,316,316,4.779039960236087,485.2465183792417,1.5625424987738368,2.271037947214154,0.41846342907047074,0.5269960851776211,1,1.532851075463867,0,1,0
12,stack-pilot-t12-b003,29,639867,7690,7690,90.506492959559,675.3656418950276,0.8309794932317869,74.29363038170733,14.834206309129513,0.5476767754898396,8,1279.1177475211464,0,1,0
12,stack-pilot-t12-b003,30,199611,2444,2444,25.68027463741519,607.5354279277644,0.19551349188289377,2.4634362895915274,22.668418972191862,0.35290588374905657,3,594.9739086273271,1,1,0
12,stack-pilot-t12-b003,31,76020,857,857,8.86054884202557,675.276519947597,0.5118161662618683,7.9402493842596735,0.31312744751994614,0.09535584398407851,1,198.6883506983082,1,1,0
12,stack-pilot-t12-b003,32,17591,246,246,2.549161034909615,656.9246983568855,1.6424525000436676,0.5612612315488832,0.2541297282681758,0.09131757504889074,1,2.497589578500612,0,1,0
12,stack-pilot-t12-b003,33,58305,721,721,19.03349248347259,331.05699171566437,0.38936745882842383,5.579115425350606,12.890639026465578,0.17437057282800592,1,246.82534786017794,1,1,0
12,stack-pilot-t12-b003,34,90097,1111,1111,13.073141677258377,663.1473186786491,1.8561750407013475,10.647572973306431,0.2056593067409267,0.3637343565096891,2,231.86494478950277,2,1,0
12,stack-pilot-t12-b003,35,1906,22,22,0.9388558048136622,613.9566867161618,0.0,0.6487433123945721,0.17685807892667071,0.11325441349241876,0,0.0,0,1,0
12,stack-pilot-t12-b003,36,62773,776,776,12.900615634715656,518.473803485573,0.715979109808357,12.00620529489196,0.0,0.17843123001533617,1,11.391463297498365,1,1,0
12,stack-pilot-t12-b003,37,2131,23,23,1.5254351028514679,401.60652164625594,0.0,1.3149750144935979,0.1518557430954388,0.058604345262429726,0,0.0,0,1,0
12,stack-pilot-t12-b003,38,325709,4371,4371,58.44548540874536,576.8545029846547,0.3785441252441295,10.363500202322221,47.58167064866481,0.1217704325140137,2,198.71094071610125,1,1,0
12,stack-pilot-t12-b003,39,92135,1082,1082,10.053499864942966,900.2718113312659,0.5567372986581973,9.464499120883314,0.0,0.0322634454014077,2,623.490113954445,0,1,0
12,stack-pilot-t12-b003,40,17619,202,202,4.7845896245989765,470.8354085770439,0.9378384104606552,3.54479827018406,0.0,0.3019529439542435,0,0.0,0,1,0
12,stack-pilot-t12-b003,41,28663,373,373,4.801026478896138,473.6806626863382,0.13397768459595935,1.6146927673308937,2.884455069114285,0.16790095785498688,1,299.3331461302818,0,1,0
12,stack-pilot-t12-b003,42,10927,129,129,2.438654156008207,651.9734021057708,0.9077006378819674,1.4642987806020074,0.0,0.06665473752422593,0,0.0,0,1,0
12,stack-pilot-t12-b003,43,238276,2836,2836,29.426226565700336,568.269483872422,0.0,29.187013164928462,0.0,0.23921340077157635,2,281.6399089067224,0,1,0
12,stack-pilot-t12-b003,44,1656,23,23,0.17933663851023574,239.43009026089626,0.17872080440434737,0.0,0.0,0.0006158341058883382,0,0.0,0,1,0
12,stack-pilot-t12-b003,45,67642,806,806,8.377442467245478,803.3073489254757,0.14915777223564738,8.15475088294221,0.0,0.07353381206764975,1,136.98962751029075,0,1,0
12,stack-pilot-t12-b003,46,292375,3604,3604,62.3491272156933,387.9076491922716,4.073396262281133,34.25745471549407,23.64358606733695,0.3746901705810892,1,159.11165301520356,0,1,0
12,stack-pilot-t12-b003,47,170886,2173,2173,18.29079204364051,404.575339375975,2.0792327246247466,8.31004224334012,7.684818693788909,0.21669838188671298,4,962.45158181307,1,1,0
12,stack-pilot-t12-b003,48,400980,4793,4793,45.47012159428752,853.9654629774182,10.464761839084769,34.02360928746116,0.732706099521252,0.24904436822002557,5,375.5027603736248,0,0,0
12,stack-pilot-t12-b003,49,138220,1762,1762,16.15730202078657,667.7175601459824,0.5901341248227683,15.106791609235543,0.300025717173412,0.16035056955485935,2,355.2060764519406,0,1,0
12,stack-pilot-t12-b003,50,77987,943,943,8.87292749904277,317.0493904441526,7.925009923865927,0.7989382806873664,0.0,0.14897929448947356,3,6.530109460598878,1,1,0
12,stack-pilot-t12-b003,51,168860,1983,1983,17.974418626560347,281.7970318434556,0.32288556139359337,17.460857800760692,0.0,0.1906752644061845,6,5011.010371164169,1,1,0
12,stack-pilot-t12-b003,52,143251,1739,1739,15.662614007903748,687.4693075696464,3.5187912751107446,11.76852608662222,0.3127760261304502,0.06252062004030694,5,753.9277761847869,0,1,0
12,stack-pilot-t12-b003,53,177773,2166,2166,41.204244542772805,4.87138204818561,0.0,13.764358449539824,27.378863266758238,0.061022826474964646,0,0.0,1,0,0
12,stack-pilot-t12-b003,54,53126,688,688,8.972510254204602,494.9302405381356,0.0,8.63156668631672,0.0,0.34094356788788077,1,255.01360502434426,1,1,0
12,stack-pilot-t12-b003,55,91,3,3,0.43148205936151474,0.0,0.0,0.0,0.4314429801725055,3.907918900929242e-05,0,0.0,0,0,0
12,stack-pilot-t12-b003,56,8371,95,95,3.9803689981538084,308.39350648359954,0.1827304345641717,1.4656251159315161,1.842143734344063,0.4898697133140576,0,0.0,0,1,0
12,stack-pilot-t12-b003,57,6787,65,65,4.297833644936542,679.1988624860381,0.2685659833089187,1.9387624850660359,1.9386012770282832,0.1519038995333053,0,0.0,0,1,0
12,stack-pilot-t12-b003,58,168936,2101,2101,19.543116810563873,665.8289125781619,0.1191944957230345,19.224127031225873,0.0,0.19979528361509358,2,494.9795758538246,0,1,0
12,stack-pilot-t12-b003,59,155789,1947,1947,18.5767219883255,654.2482767611009,0.12674507322980494,18.221764952912526,0.0,0.22821196218320658,2,318.0637160880408,0,1,0
12,stack-pilot-t12-b003,60,31646,402,402,5.577196177474252,308.94870727640324,0.10473688878034391,2.4965404046182584,2.689985474918029,0.2859334091576283,1,251.26045791545351,0,1,0
12,stack-pilot-t12-b003,61,75265,987,987,8.625440562944847,771.5225078397277,7.506733669651046,0.8161088813827746,0.12818715433240868,0.17441085757866823,3,34.94153362784979,0,1,0
12,stack-pilot-t12-b003,62,85794,1041,1041,12.509466387740353,640.2690433845538,0.1375108435787541,11.733834854451178,0.33282116615411517,0.30529952355627094,1,160.94740487947612,1,1,0
12,stack-pilot-t12-b003,63,152400,1869,1869,20.350095396895526,689.082747913046,1.105457974110559,12.386877547738624,6.538087823386889,0.31967205165925583,2,418.23430604966103,0,1,0
12,stack-pilot-t12-b003,64,37436,484,484,5.742113576184263,380.20497992860754,2.9764046557837545,1.7200955355777978,0.319315371061748,0.726298013760976,1,1.7111886176880218,0,1,0
12,stack-pilot-t12-b003,65,1563,18,18,1.5487156078470725,145.78017967403846,0.00013723434864965057,0.0,1.4563515167901642,0.09222685670825845,0,0.0,1,1,0
12,stack-pilot-t12-b003,66,68768,857,857,11.072889658490602,703.4579147333965,0.0818082139812566,10.730412327580002,0.0,0.2606691169292998,2,1385.0125177462255,1,1,0
12,stack-pilot-t12-b003,67,77571,901,901,10.507465485391126,602.7016536519467,0.04897720019322692,9.831773841933963,0.5756669957642947,0.05104744749968862,2,714.5060408245932,0,1,0
12,stack-pilot-t12-b003,68,216743,2561,2561,22.985843022587495,853.6725200917374,1.8960433635050842,8.447097131595953,12.456156862459052,0.1865456650273801,6,1046.3519342107154,2,1,0
12,stack-pilot-t12-b003,69,243899,2935,2935,40.619719338213926,518.017297289523,1.5842754081979558,35.999836125160584,2.3497192794638972,0.6858885253913032,2,227.60386589251826,0,1,0
12,stack-pilot-t12-b003,70,0,0,0,0.0,0.2636051948284148,0.0,0.0,0.0,0.0,0,0.0,4,0,0
12,stack-pilot-t12-b003,71,141204,1693,1693,20.394305284234267,779.6973492553759,7.781672279728726,8.304742844613429,4.155956363636755,0.15193379625547085,4,910.3721723529668,0,1,0
12,stack-pilot-t12-b003,72,209745,2620,2620,28.452944389622758,586.3655528781336,0.2000749436309498,27.61722335380585,0.3971524377629976,0.23849365442281714,2,1020.0525328639789,1,1,0
12,stack-pilot-t12-b003,73,125354,1577,1577,13.981140883230832,781.675500720235,12.640527316523068,0.9930206366564107,0.13058513776741165,0.21700779228392944,4,186.60373704052543,0,1,0
12,stack-pilot-t12-b003,74,88078,1079,1079,22.1536676470657,476.33780605745403,1.7333301453108192,13.905976887192585,6.311216796140798,0.2031438184215106,1,13.444824272949111,0,1,0
12,stack-pilot-t12-b003,75,5760,71,71,6.553664780659826,616.4033010663392,0.0013882811834954295,1.0180732687820182,5.198610503137033,0.3355927275572843,0,0.0,0,1,0
12,stack-pilot-t12-b003,76,144197,1739,1739,21.69820697004715,682.5758018156062,5.561396159554393,6.321959075850914,9.198596239745479,0.6162554948963294,5,1572.8246206226843,0,1,0
12,stack-pilot-t12-b003,77,142717,1955,1955,28.01382046300652,366.1633011587436,0.17730026645702102,18.18526665811978,9.344628744980888,0.3066247934486175,1,113.36399397796534,3,1,0
12,stack-pilot-t12-b003,78,67846,731,731,8.384658384283943,797.9169372711607,3.607497041174607,4.560536263541615,0.0,0.21662507956772792,2,471.30596092998576,1,1,0
12,stack-pilot-t12-b003,79,64806,786,786,8.072043770002638,535.7067732959291,0.01657785465510909,1.3395248998073157,6.244553306085738,0.47138770945445185,2,212.56058779785656,0,1,0
12,stack-pilot-t12-b003,80,70017,833,833,8.63439902571355,761.20399111088,0.46518608683230706,8.01457464942296,0.0,0.15463828945826522,2,184.15493138923762,0,1,0
12,stack-pilot-t12-b003,81,56309,731,731,9.989128518860863,510.4568110556683,4.753661652951233,4.68216591599014,0.14484210457158042,0.4084588453479242,1,0.965275773364685,0,1,0
12,stack-pilot-t12-b003,82,42383,544,544,7.261277959494692,740.4673839269813,0.1094449592926307,6.289664368244261,0.7284057563247188,0.13376287563309444,1,544.1848549534014,0,1,0
12,stack-pilot-t12-b003,83,120799,1569,1569,21.757710697063143,643.2937674354532,0.6773255009991785,14.20144596407418,6.765637430390347,0.1133018015993967,3,403.32559419970937,0,1,0
12,stack-pilot-t12-b003,84,172253,2086,2086,21.036833866481064,663.123832458536,0.47581308852485177,19.265973780558124,0.9336925828065432,0.36135441459162837,4,667.6193389479236,2,1,0
12,stack-pilot-t12-b003,85,211200,2624,2624,28.60219332974507,483.35882356310873,1.6508337016335577,26.175580006886953,0.28034712196313194,0.495432499261296,1,42.96843412904803,0,1,0
12,stack-pilot-t12-b003,86,161211,2018,2018,17.45071706676148,603.383577211534,0.5276088653115137,16.781361808941273,0.0,0.14174639250858975,5,1401.848429984704,0,1,0
12,stack-pilot-t12-b003,87,24480,278,278,4.943584743933664,402.11286350350395,1.8373841058304436,2.1023934185601547,0.5318058700959227,0.47200134944714406,1,1.6961359782771623,0,1,0
12,stack-pilot-t12-b003,88,179057,2556,2556,22.23442525392659,714.580148443964,2.0140843227980376,19.101202724791253,0.8023048339755733,0.31683337236180614,2,94.52130644346096,0,1,0
12,stack-pilot-t12-b003,89,29652,415,415,4.161686284006473,520.0427807922824,2.895479569413568,1.0997231993136438,0.10475498240884917,0.061728532870406666,2,21.837682956313902,2,1,0
12,stack-pilot-t12-b003,90,180265,2285,2285,24.07602053800349,644.8838038806052,6.188526075113131,15.992759992842405,1.5703875399849494,0.32434693006306353,2,5.516760199420688,0,1,0
12,stack-pilot-t12-b003,91,2057,29,29,0.9695642904169489,594.0929092687151,0.019532633465706384,0.8540910982386549,0.0,0.09594055871258822,0,0.0,0,1,0
12,stack-pilot-t12-b003,92,7978,101,101,2.8513039925415242,389.06515199166563,0.01967717735826726,1.9948284408184236,0.2575032297954749,0.5792951445693586,0,0.0,1,1,0
12,stack-pilot-t12-b003,93,113354,1312,1312,15.07971463349359,563.4225877670289,1.652063287112864,11.3833168858607,1.786046732810064,0.2582877277098545,2,613.229854670868,0,1,0
12,stack-pilot-t12-b003,94,6767,85,85,2.271112245138655,538.9845010909089,0.42519529092967184,0.9150720805226911,0.7628208632995666,0.16802401038672635,0,0.0,0,1,0
12,stack-pilot-t12-b003,95,195879,2352,2352,34.00231023685905,595.4900093656943,1.736164545427067,23.997919300444202,7.27194082663066,0.9962855643567136,4,350.59622336476474,0,1,0
12,stack-pilot-t12-b003,96,150665,1829,1829,17.1977588514835,719.4807029677905,0.0,13.80984181726138,3.122761523074458,0.26515551114774016,3,630.3623486874378,0,1,0
12,stack-pilot-t12-b003,97,339200,4212,4212,42.87526665577079,460.409304132767,3.5294216203510325,38.701815371937926,0.0,0.6440296634816371,3,174.313780108229,0,1,0
12,stack-pilot-t12-b003,98,182141,2208,2208,19.031117454411827,346.18025551013574,10.940706303990053,8.027485349660358,8.61659827933181e-06,0.0629171841632695,4,831.5573233068069,3,1,0
12,stack-pilot-t12-b003,99,0,0,0,0.0,0.24123543233145028,0.0,0.0,0.0,0.0,0,0.0,6,0,0
12,stack-production-t12-b004,0,104198,1283,1283,15.400536052569093,853.1119834936375,0.1782532447246797,15.062201067495604,0.0,0.16008174034878478,2,697.2864731688284,0,1,0
12,stack-production-t12-b004,1,198688,2394,2394,26.905823186984872,615.2583817168668,2.7323991490608703,11.000558329417942,12.708902763786702,0.46396294471934685,5,715.9663479504709,1,1,0
12,stack-production-t12-b004,2,41170,464,464,6.786583171566153,448.64873042345204,3.3913541149403357,2.846940288721612,0.0,0.5482887679042066,0,0.0,0,1,0
12,stack-production-t12-b004,3,190643,2339,2339,37.22284696524305,14.50697927640849,0.0,23.76727809244687,13.390581311686066,0.06498756111025268,0,0.0,0,1,0
12,stack-production-t12-b004,4,80673,1033,1033,11.258826504144738,262.28679710809655,1.3916743441643233,3.246222142154693,6.405484568042275,0.21544544978352928,1,60.53196510113007,0,1,0
12,stack-production-t12-b004,5,25470,304,304,9.227260740599439,341.8301748591167,0.010136888850751036,8.720722764018433,0.08902322348876623,0.40737786424146794,0,0.0,1,1,0
12,stack-production-t12-b004,6,1997,21,21,0.9120444613269759,466.1597358507242,0.012334364169737416,0.7739686421389251,0.0,0.1257414550183132,0,0.0,1,1,0
12,stack-production-t12-b004,7,80661,1015,1015,11.856107633532401,558.5644791328526,1.4835227599338452,9.742902547589988,0.08118222979283019,0.5485000962157877,1,293.8543310895802,0,1,0
12,stack-production-t12-b004,8,111010,1371,1371,18.05106782374826,658.4980609288069,1.2183959337243917,8.060190051222321,8.317142563226412,0.45533927557509063,4,1304.089480926697,0,1,0
12,stack-production-t12-b004,9,167960,2103,2103,25.128549435071918,668.2806951980352,1.1829537008199154,23.030655490160846,0.3657398520736024,0.549200392017443,2,381.55559844580125,0,1,0
12,stack-production-t12-b004,10,67295,1073,1073,16.853684686216603,420.8612320174737,0.6129699453181859,15.74976397846865,0.16128467977432592,0.32966608265541447,0,0.0,0,1,0
12,stack-production-t12-b004,11,153537,1962,1962,18.947558357211573,619.1527205071976,9.625824383050343,8.562712855651103,0.5052199137462594,0.25380120476378215,3,293.40180248035585,0,1,0
12,stack-production-t12-b004,12,83652,1026,1026,10.733325495977981,461.3520578789277,3.7421510184936797,1.9454785681457452,4.444505937679503,0.6011899716590987,1,91.29880981965226,0,1,0
12,stack-production-t12-b004,13,217316,3161,3161,30.111735786779388,704.5408731996754,0.6336158912597292,21.91605150418206,7.342374179517123,0.2196942118207213,8,5498.571811230525,0,0,0
12,stack-production-t12-b004,14,29604,395,395,5.775004012116452,524.4614708196316,2.269126916754693,2.1117176377849773,0.9267957923038921,0.4673636652728943,0,0.0,0,1,0
12,stack-production-t12-b004,15,340816,4258,4258,44.20913686883336,400.8014297996727,0.0,43.80601568707427,0.08766615882450424,0.3154550229345789,1,71.36602536989746,0,1,0
12,stack-production-t12-b004,16,39268,510,510,9.607120114352607,243.06515515470102,1.971672036516094,6.607986550604437,0.3848016946394637,0.6426598325926138,0,0.0,1,1,0
12,stack-production-t12-b004,17,272269,3480,3480,41.20462225815971,716.1376041068241,15.445260419403914,18.153108900741188,7.236068347381686,0.3701845906327012,3,285.82504277970696,1,1,0
12,stack-production-t12-b004,18,158531,2114,2114,17.147828349310075,538.5880052418968,2.6331557269963537,14.28944010338596,0.0,0.22523251892782895,2,390.43603797565584,0,1,0
12,stack-production-t12-b004,19,334633,4185,4185,35.89112139866553,702.1674202531896,34.232503446998166,1.4171824870863927,0.0,0.24143546458064638,12,675.8797343207527,1,1,0
12,stack-production-t12-b004,20,243589,2996,2996,32.61651105645745,478.19790719990107,0.9795931613318607,27.75035365802797,3.492664076827093,0.39390016027044333,2,155.20576588582446,0,1,0
12,stack-production-t12-b004,21,104138,1296,1296,15.470142616252426,453.53961097973314,0.38524098231334447,14.180195053597155,0.24091498118468735,0.66379159915721,1,105.36827616936448,1,1,0
12,stack-production-t12-b004,22,7878,92,92,2.580201156412984,424.9071769740305,0.3803707560114668,1.870022790618009,0.09830336947561591,0.23150424030788935,1,0.06970561990301351,1,1,0
12,stack-production-t12-b004,23,70048,817,817,8.640671088256731,485.05620589157775,3.4142215540507728,1.5874109593087269,3.223986753321669,0.41505182157554255,1,60.03970626046249,0,1,0
12,stack-production-t12-b004,24,259,4,4,0.5136984884376923,3.0285666244408063,0.0,0.0,0.5136138352572743,8.465318041808401e-05,0,0.0,0,1,0
12,stack-production-t12-b004,25,60423,752,752,7.321988607041579,529.4938912216436,0.6473754063954402,6.39941972450298,0.10943218525244447,0.16576129089068306,1,307.9501658531837,0,1,0
12,stack-production-t12-b004,26,181896,2202,2202,19.686532815913885,789.7215992270862,0.25403494189168824,14.733313011773845,4.627138171781306,0.07204669046706942,4,966.4647881767864,0,1,0
12,stack-production-t12-b004,27,34192,399,399,5.1595747259809785,628.6453196297293,1.2797056667156377,3.6414079473890055,0.0,0.23846111187636168,1,331.360548338602,0,1,0
12,stack-production-t12-b004,28,2494,28,28,1.0205302751259029,385.2690535155431,0.0,0.7630728848018862,0.09757767316659738,0.15987971715742044,0,0.0,0,1,0
12,stack-production-t12-b004,29,47441,604,604,6.197251178443024,716.9847871303301,0.01826046578416131,5.323949693077521,0.5048105658952409,0.3502304536860597,2,836.8365388050679,0,1,0
12,stack-production-t12-b004,30,1175,15,15,1.2293832427122222,10.237197089213872,0.0,0.3864967322691655,0.8017286479735048,0.04115786246955244,0,0.0,1,1,0
12,stack-production-t12-b004,31,67576,814,814,8.276599053341295,635.3209634475462,1.1732189944158151,0.8381567874394023,6.195655350604172,0.06956792088190863,2,205.78757579124454,0,1,0
12,stack-production-t12-b004,32,78473,988,988,13.380161756607695,490.27796815354213,1.4437227011645946,3.324885863442546,8.352217781005386,0.25933541099513774,3,286.0603672274896,0,1,0
12,stack-production-t12-b004,33,151587,1910,1910,20.221933720410416,498.1331804710902,0.5324883114955511,19.45937977341392,0.0,0.23006563550113265,3,832.4068084855792,0,1,0
12,stack-production-t12-b004,34,75728,898,898,16.641598308503745,500.6076214913361,0.18397573501148273,9.102027511617761,7.147523122716633,0.2080719391579105,1,170.2509704733898,1,1,0
12,stack-production-t12-b004,35,137970,1759,1759,17.862278099827037,279.3145648848329,0.021333908461852444,15.802135836101824,1.7015917544473922,0.3372166008159165,1,68.29732655779296,0,1,0
12,stack-production-t12-b004,36,432003,5443,5443,61.598791031076026,627.5734617078646,0.669872036897161,18.624481732953953,41.714902643130834,0.5895346180949093,2,134.65998497983878,0,1,0
12,stack-production-t12-b004,37,131475,1579,1579,16.69101704816646,455.7504617246905,1.4001089113064038,14.140704369090654,1.042575056433634,0.1076287113357426,3,471.6593346850365,0,1,0
12,stack-production-t12-b004,38,279375,3461,3461,30.292732708600752,779.7804299077461,1.3625052139976757,11.225388414410313,17.391572472279666,0.31326660791300825,7,1316.3417198439267,0,1,0
12,stack-production-t12-b004,39,191,1,1,0.185579023815413,539.5687193338922,0.0,0.1854958205759658,0.0,8.320323944717873e-05,0,0.0,0,1,0
12,stack-production-t12-b004,40,7885,114,114,1.3354223994356806,522.7886098207367,0.5057366462107958,0.5801135595851292,0.0,0.24957219363975522,0,0.0,0,1,0
12,stack-production-t12-b004,41,31916,402,402,8.959920928832746,496.3207249316904,0.5226320472943574,7.185784752589647,0.8869796392809803,0.3645244896677718,2,6.341368921203748,0,1,0
12,stack-production-t12-b004,42,160879,2003,2003,16.713110943794742,321.15731411965766,0.7204388944726285,15.87697057122438,0.0,0.11570147809779699,6,4707.260488914844,0,1,0
12,stack-production-t12-b004,43,205,2,2,0.021593748845530305,14.939456232051171,0.0,0.0,0.0,0.021593748845530305,0,0.0,1,1,0
12,stack-production-t12-b004,44,175607,2082,2082,23.74593829538029,533.8812674088244,16.635330643975287,5.773441060977689,0.8138994750786424,0.5232671153486719,6,91.1928063433387,1,1,0
12,stack-production-t12-b004,45,92439,1259,1259,11.92983132515538,599.8791275744985,2.1111284489133437,9.697616589837585,0.0,0.12108628640440391,1,566.5572287146414,2,1,0
12,stack-production-t12-b004,46,103936,1306,1306,11.21740962549413,629.2148062259101,0.13380171333130214,6.3397481265486695,4.578972798943649,0.16488698667045695,2,283.45243901320606,0,1,0
12,stack-production-t12-b004,47,33670,456,456,7.628385624371136,634.865601613614,1.332273044776753,5.798224407646558,0.2595948614325607,0.23829331051526967,0,0.0,1,1,0
12,stack-production-t12-b004,48,121990,1468,1468,13.674083346100158,754.3072556693874,1.8851341190224202,11.563612304173308,0.0,0.22533692290445537,3,1470.303970248012,0,1,0
12,stack-production-t12-b004,49,183606,2313,2313,27.24759656106657,358.60861879448674,0.5047477377593921,26.179270606519726,0.0,0.5635782167873514,1,66.0193882733328,0,1,0
12,stack-production-t12-b004,50,755483,8954,8954,94.72570651228457,787.34409832653,3.8326256219652484,90.42498347790863,0.14782221474706603,0.32027519766274604,7,2933.854977059195,1,1,0
12,stack-production-t12-b004,51,170270,2073,2073,18.237710815297678,593.4005889090221,17.375264145816264,0.40863852046788907,0.2568574142824218,0.19695073473110292,9,464.2555579825089,0,1,0
12,stack-production-t12-b004,52,215361,2719,2719,27.456966868547433,649.908188638803,16.521596166421368,10.083021638551699,0.20290114193994668,0.6494479216343015,5,499.71136244428754,1,1,0
12,stack-production-t12-b004,53,112610,1343,1343,20.021072093117667,576.279640241842,8.133952057661064,9.378373755121174,2.2925657318244106,0.21618054851088442,2,12.137671764374193,0,0,0
12,stack-production-t12-b004,54,67711,845,845,7.743834913121102,623.4516104152601,0.0,7.720286103845938,0.0,0.02354880927517023,1,150.53859024738335,0,1,0
12,stack-production-t12-b004,55,233205,2912,2912,25.6610331490017,847.4052882295643,0.495665029501597,17.48051475233925,7.335566879376511,0.3492864877841976,5,1346.359265182417,0,1,0
12,stack-production-t12-b004,56,89722,1700,1700,15.38750819280228,420.8176132287905,4.20991502944197,7.8021372092908745,3.1131717971259185,0.26228415694352,2,458.5295905937259,0,1,0
12,stack-production-t12-b004,57,316,5,5,0.9668528885451974,16.359052747175443,0.0,0.0,0.9667360520434158,0.0001168365017816185,0,0.0,1,1,0
12,stack-production-t12-b004,58,500141,6210,6210,64.57097203147596,694.7993462628666,1.815336970970975,53.00602102552975,9.349326185282106,0.4002878496928912,4,1275.0938714309302,0,1,0
12,stack-production-t12-b004,59,100932,1255,1255,18.241241159618493,343.202607743027,2.508605731424984,13.385911681770551,1.8784225042145408,0.46830124220838687,2,1749.8722396134515,0,1,0
12,stack-production-t12-b004,60,25635,310,310,17.462453579793998,394.3918600507589,0.07214196937866167,4.585369691756569,12.796005924213812,0.008935994444936281,0,0.0,0,1,0
12,stack-production-t12-b004,61,355406,4500,4500,40.320724326261725,680.43949995057,2.9424514864145412,36.481223670458505,0.6058014593090775,0.2912477100798586,6,1218.5797603386823,1,1,0
12,stack-production-t12-b004,62,62488,786,786,7.221820257642869,775.2861973059578,5.955168715858447,0.884265987149206,0.0,0.38238555463522045,2,13.191701956460705,0,1,0
12,stack-production-t12-b004,63,279217,3453,3453,33.330451716455784,729.8885395900995,7.4419070620527075,24.99249856297929,0.6036240882642876,0.2924220031597669,5,2703.1260120960183,0,1,0
12,stack-production-t12-b004,64,12356,134,134,5.142211721393197,683.0005178633072,0.03711820109348976,4.280869842333459,0.24615851696944446,0.5780651609968,0,0.0,0,1,0
12,stack-production-t12-b004,65,155694,1917,1917,17.606867146021298,794.5382737554021,1.0630323376416853,13.096307507239368,3.274826491080649,0.17270081005976323,3,187.26529802523632,0,1,0
12,stack-production-t12-b004,66,340230,4269,4269,41.27314210700431,738.9404989075498,0.09923705391637071,40.9045389070319,0.0,0.2693661460559943,4,1979.3703445328629,0,1,0
12,stack-production-t12-b004,67,40137,529,529,6.739588148441079,490.1778022694197,0.0,0.3157390765636592,6.192091546948104,0.23175752492932555,0,0.0,0,0,0
12,stack-production-t12-b004,68,258368,3318,3318,27.378454112099067,777.7052821790113,19.708136410033468,6.960385139496213,0.3086092655729273,0.4013232969963057,7,378.4428294050752,1,1,0
12,stack-production-t12-b004,69,186846,2168,2168,23.561932711362836,392.669380430847,4.0935569908897795,18.280311591034913,0.4506262497179705,0.7374378797201586,3,348.7209173010806,0,1,0
12,stack-production-t12-b004,70,6036,70,70,4.213309049600152,335.33381357660335,0.2741485698964096,1.569942051001476,2.3376568168732774,0.0315616118289829,0,0.0,0,1,0
12,stack-production-t12-b004,71,0,0,0,0.0,0.08785414980957285,0.0,0.0,0.0,0.0,0,0.0,1,0,0
12,stack-production-t12-b004,72,54049,638,638,6.16560960819165,366.4649658191466,0.5527064923866902,5.388960966577543,0.08416814964766672,0.1397739995797527,1,330.9352167468554,0,1,0
12,stack-production-t12-b004,73,178048,2077,2077,23.215370145891224,726.361676435153,3.6315458996965355,17.953882415980964,1.0875203867053642,0.542421443508346,3,382.16913434598166,0,1,0
12,stack-production-t12-b004,74,325645,4040,4040,43.195439594445894,740.9766815771707,0.3844435584607645,40.02681776156951,2.5780112211597843,0.2061670532557033,2,283.1321041199659,1,1,0
12,stack-production-t12-b004,75,217485,2675,2675,22.94551542946833,420.01693487812145,0.6893834932833687,21.873119254028357,0.284579204291731,0.09843347786487781,8,6044.473824691535,0,1,0
12,stack-production-t12-b004,76,8977,115,115,3.676286474269786,242.82932445366959,0.04726580352542141,2.560724740934347,0.5300961759403435,0.5381997538696729,0,0.0,0,1,0
12,stack-production-t12-b004,77,0,0,0,0.0,0.24156518222298473,0.0,0.0,0.0,0.0,0,0.0,5,0,0
12,stack-production-t12-b004,78,93742,1105,1105,13.285772056197306,646.495861818685,0.46431920759941303,10.872464800870429,1.5299187316886673,0.41906931603875364,2,611.1284946258397,1,1,0
12,stack-production-t12-b004,79,17006,212,212,5.345868097713268,322.1324707884734,0.8009379399837809,4.017167454807009,0.0,0.527762702922464,0,0.0,0,1,0
12,stack-production-t12-b004,80,305046,3422,3422,33.6168899794171,726.6838662095633,8.380695992635081,24.985802363677855,0.0,0.25039162310406904,7,1174.4178124034975,0,1,0
12,stack-production-t12-b004,81,235186,2767,2767,33.73043444306002,559.3404700251572,4.828048677347728,2.5320000066860757,25.950564769319556,0.41982098970668497,2,95.73592567394697,0,1,0
12,stack-production-t12-b004,82,168629,2234,2234,18.1356881289232,690.4277549176613,1.1560139914223797,16.277397834092337,0.6449476700181549,0.057328633390280145,6,4435.385214695239,0,1,0
12,stack-production-t12-b004,83,114386,1401,1401,17.741747474177807,793.4091137897433,0.37049020741139627,17.03265299656786,0.0,0.3386042701983599,2,257.4768067908421,1,1,0
12,stack-production-t12-b004,84,180170,2209,2209,24.454085896828975,505.09415990368143,1.388635461578914,20.463057150759763,2.0904561816394107,0.5119371028509409,2,335.6654071671446,1,1,0
12,stack-production-t12-b004,85,241575,2937,2937,27.565696740328914,852.7957127695477,4.822317136064473,22.471378210800175,0.0,0.2720013934642616,5,670.2735753525345,0,1,0
12,stack-production-t12-b004,86,47882,606,606,5.282219405877385,470.60747132247957,0.04934118494954397,5.036893499992393,0.0,0.19598472093545727,1,578.467581700815,0,1,0
12,stack-production-t12-b004,87,172818,2077,2077,30.075008184057936,637.7510866107941,16.121134229095464,4.089784969593211,9.11317019425153,0.7509187911177103,3,64.34875162563458,0,1,0
12,stack-production-t12-b004,88,11143,132,132,1.4904128793511828,666.6650652533228,1.0568676478726906,0.3549749582748518,0.0,0.07857027320364143,0,0.0,2,1,0
12,stack-production-t12-b004,89,172905,2065,2065,26.970609484830945,698.367520628364,1.4134081237518983,24.593644476680307,0.872878544843303,0.09067833955576067,6,810.3602188074196,1,1,0
12,stack-production-t12-b004,90,380152,4662,4662,44.19868050242611,563.1372379843722,0.0821700809549941,33.606452655519384,10.356253023854112,0.15380474209749145,5,546.513072420941,0,1,0
12,stack-production-t12-b004,91,166774,2040,2040,27.55056374165072,530.6202139043286,1.2341686716311617,7.999610137966915,17.904301947822905,0.41248298422965396,4,1331.1427420073123,1,1,0
12,stack-production-t12-b004,92,28433,369,369,2.96900306371896,240.12215053630592,0.0,2.8661649955900805,0.0,0.10283806812887383,1,545.4516456065554,1,1,0
12,stack-production-t12-b004,93,85543,989,989,9.105426818423092,774.2943046190372,2.5552267074679706,6.30880538807048,0.0,0.24139472288462926,2,308.0036370578124,0,1,0
12,stack-production-t12-b004,94,190761,2284,2284,20.368247628427643,862.426999971227,2.542579236799509,17.675405281373447,0.0,0.1502631102546651,5,1373.5079126415412,0,1,0
12,stack-production-t12-b004,95,21508,270,270,5.787772565128398,601.2482777908876,0.4818739808421638,5.084153197499177,0.0,0.2217453867870672,0,0.0,0,1,0
12,stack-production-t12-b004,96,3269,33,33,2.085023831215858,7.673960146723656,0.313629878026659,0.0,1.770225762077903,0.0011681911112936183,0,0.0,0,0,0
12,stack-production-t12-b004,97,242096,2965,2965,33.461599883569974,776.4954041989381,24.039338618999015,2.296183798873244,6.739779858560189,0.3862976071375746,4,139.49281043960752,0,1,0
12,stack-production-t12-b004,98,870,13,13,0.4563980631504065,478.75533489572797,0.0,0.4164722134181602,0.0,0.03992584973224641,0,0.0,0,1,0
12,stack-production-t12-b004,99,143237,1781,1781,17.482655030789946,688.2661444428824,0.6465398132776569,10.828976286051748,5.608829737581157,0.39830919387932195,4,1025.733457161833,0,1,0
12,stack-production-t12-b005,0,47838,581,581,8.110941547483955,454.4588118968992,0.8760201316806221,4.86254541958421,1.9905938028730088,0.3817821933461174,1,404.50302268693673,0,1,0
12,stack-production-t12-b005,1,257606,3288,3288,28.89393324867971,737.1587930793246,0.15400449514436582,28.509465034982583,0.0,0.23046371855288159,3,487.2197461587184,1,1,0
12,stack-production-t12-b005,2,141816,1792,1792,19.29270414469685,215.11904273244076,1.3521291385044956,14.033757086425537,3.5356596816905315,0.37115823807622705,2,338.04595566204375,1,1,0
12,stack-production-t12-b005,3,5594,70,70,3.545556275424978,387.74396555569416,0.04675424279282889,3.148821207169135,0.23014387433701433,0.11983695112599935,0,0.0,0,1,0
12,stack-production-t12-b005,4,8633,103,103,0.9225119022419946,208.4622497413937,0.9194413470130957,0.0,0.0,0.003070555228898444,1,1.0578061011155702,0,1,0
12,stack-production-t12-b005,5,66544,796,796,25.81575624938783,142.9096716914319,0.06923820947420527,3.828818180461326,21.571975321417597,0.345724538034694,1,7.361861046296213,0,1,0
12,stack-production-t12-b005,6,697,11,11,0.3499631238341729,133.02930173775792,0.012094695133074429,0.30435530419686074,0.0,0.0335131245042378,0,0.0,0,1,0
12,stack-production-t12-b005,7,39338,531,531,8.887060159959095,542.010151361787,3.060308763054792,5.162736097573543,0.2479524579284771,0.4160628414022631,1,3.708966462323463,0,1,0
12,stack-production-t12-b005,8,160698,1941,1941,22.960742730998128,753.6274366661467,2.382989626694962,13.091181608873313,7.193457729671069,0.2931137657587536,2,277.7659310325081,0,1,0
12,stack-production-t12-b005,9,76740,974,974,9.552948883755088,590.7397660369164,3.910814284176639,1.306585415331142,4.156652100732246,0.17889708351501826,3,95.32705016658888,1,1,0
12,stack-production-t12-b005,10,3383,45,45,3.8032884465318038,0.0488888354957453,0.0,1.5400459506129895,2.2620624613214346,0.0011800345973748331,0,0.0,2,0,0
12,stack-production-t12-b005,11,487389,6019,6019,67.00910414345744,808.1261442718945,21.04039764725589,43.2644247305234,2.5363516371366277,0.1679301285413148,5,161.54881013011712,0,0,0
12,stack-production-t12-b005,12,109281,1390,1390,13.889113581513845,586.0567478480428,1.1633520925911986,11.394355625261747,0.9580833721578585,0.3733224915030034,1,190.40651252969346,0,0,0
12,stack-production-t12-b005,13,305213,3738,3738,43.402491536313356,465.35209257298925,0.19517903016094318,35.54538165837133,7.451895844192534,0.21003500358859464,2,238.06967511695962,0,1,0
12,stack-production-t12-b005,14,148551,1829,1829,21.56060455757332,314.009787004375,11.841860365899468,0.5562907512985475,9.073084295199237,0.0893691451760304,2,12.38484782834426,1,1,0
12,stack-production-t12-b005,15,8181,93,93,2.320932492402023,350.54945334808815,0.5763221209056922,1.673971152801414,0.0,0.0706392186949155,0,0.0,0,1,0
12,stack-production-t12-b005,16,332962,3989,3989,37.11403729686543,779.921269943847,13.377558516273218,23.530020359829617,0.0,0.20645842076250104,6,517.0813494931158,0,1,0
12,stack-production-t12-b005,17,101692,1360,1360,14.509652031758257,587.1042089891528,1.4823189678739719,4.073407147980106,8.51717303966309,0.43675287624105313,3,336.2799642192106,2,1,0
12,stack-production-t12-b005,18,69968,872,872,9.368333417155071,563.4205450156726,0.7393767248676444,7.242110340557848,1.098979119251453,0.2878672324780829,2,197.54633221020808,0,1,0
12,stack-production-t12-b005,19,225926,2661,2661,29.917475410309606,636.6637282924095,0.5357702639286865,27.139502739781356,1.9463742657571856,0.29582814084215253,2,169.33089481861663,0,1,0
12,stack-production-t12-b005,20,66072,804,804,12.431438760169733,579.2345023128178,0.894620244240002,4.681752846197924,6.446341616048042,0.4087240536837604,1,94.84397269816441,0,1,0
12,stack-production-t12-b005,21,154613,2035,2035,21.25974084586004,617.5347254987773,5.226910351527763,14.356950318664968,1.3287507574449202,0.34712941822248683,1,197.63835096520305,2,1,0
12,stack-production-t12-b005,22,9662,110,110,3.580305154819458,618.6970225881115,0.011596325260966735,3.2850203828641042,0.0,0.2836884466943937,0,0.0,0,1,0
12,stack-production-t12-b005,23,506732,6485,6485,69.18275343274384,735.1741377874037,1.5832699709208449,52.418105198875445,14.854435528207855,0.3269427347402867,5,910.7802496860759,0,1,0
12,stack-production-t12-b005,24,408475,5112,5112,73.83173629677282,591.3552542167749,0.3377975019597703,51.40048635252656,21.497059558103256,0.5963928841834766,3,372.44659357650124,2,1,0
12,stack-production-t12-b005,25,273424,3410,3410,31.60779209447001,139.3586488294114,3.486180072270152,7.088451780754315,20.9384914665488,0.09466877489682224,2,1282.37075517592,0,0,0
12,stack-production-t12-b005,26,15205,166,166,18.3692249960437,376.04022292670663,0.0,1.1062096987604946,17.09627690813913,0.16673838914407008,0,0.0,0,1,0
12,stack-production-t12-b005,27,47595,570,570,6.796076923875817,425.54746653268285,0.01091665212616278,6.69425721308427,0.0,0.09090305866537743,1,276.75246924525686,0,1,0
12,stack-production-t12-b005,28,43113,517,517,6.5927918317815895,532.0338285539908,1.1181646249815422,2.4933656680527747,2.861581901855514,0.11967963689176378,1,94.69344582789003,0,1,0
12,stack-production-t12-b005,29,216783,2920,2920,25.753929251257286,827.7193646458271,6.4695841902336095,18.81072246406333,0.18049670171785692,0.2931258952423332,2,94.8862348693487,0,1,0
12,stack-production-t12-b005,30,243005,3062,3062,37.21474222986096,594.8117079492806,0.6926148015973287,36.172135420041975,0.0,0.34999200822181775,1,34.98800885644108,0,1,0
12,stack-production-t12-b005,31,0,0,0,0.0,0.3847274715808453,0.0,0.0,0.0,0.0,0,0.0,6,0,0
12,stack-production-t12-b005,32,11531,143,143,4.1202751375832465,183.93221995692298,0.0,3.686932133554933,0.0,0.4333430040283089,0,0.0,2,1,0
12,stack-production-t12-b005,33,24354,315,315,12.026014210608105,475.2983877682055,0.2663613224482651,8.390763031522283,2.767841721615077,0.6010481350225003,0,0.0,1,1,0
12,stack-production-t12-b005,34,73274,910,910,7.619835608090204,515.2067056382984,0.6088840008403992,6.985769994997925,0.0,0.025181612251866735,2,813.7961438809361,0,1,0
12,stack-production-t12-b005,35,142901,1733,1733,19.42652228896809,664.6182161269898,0.9311689684672024,17.939188427471645,0.21740948154729267,0.3387554114821098,2,395.541672737197,0,1,0
12,stack-production-t12-b005,36,12741,152,152,1.3551297246175351,4.081212645206177,1.350720044077137,0.0,0.0,0.004409680540396189,1,1.3507200440771368,1,1,0
12,stack-production-t12-b005,37,8589,109,109,3.163520097282862,68.91855879759035,0.18394693528218464,2.733914554472449,0.0,0.24565860752823176,0,0.0,3,1,0
12,stack-production-t12-b005,38,111260,1340,1340,15.092673927213454,573.2468823894432,1.0067552186444395,13.397973316378692,0.3431233833455848,0.344822008844746,2,320.0796924521021,1,1,0
12,stack-production-t12-b005,39,196202,2491,2491,26.058699826274545,780.4095863076371,3.8003375264716985,21.90200962877504,0.0,0.35635267102804136,5,1012.6930444485049,0,1,0
12,stack-production-t12-b005,40,71944,906,906,7.856635670140861,413.7823051747931,0.38784620604337205,7.293088132427311,0.0,0.17570133167023544,1,210.19657852542383,0,1,0
12,stack-production-t12-b005,41,151534,1889,1889,19.848414384131303,624.4505162086433,1.9276346454130249,17.429420287117864,0.0,0.4913594516003813,4,973.4750046372028,0,1,0
12,stack-production-t12-b005,42,60764,743,743,19.80234591740673,540.9547432861197,0.08540194245048881,2.932696719415503,16.276993730499704,0.5072535250410009,1,123.09702234734081,1,1,0
12,stack-production-t12-b005,43,161095,2004,2004,18.96524567062955,772.5730875256429,1.1092399459003857,17.409332214413716,0.3787698626401834,0.06790364767540805,3,674.4346256690529,0,1,0
12,stack-production-t12-b005,44,93771,1146,1146,15.385039073116687,565.9773910082157,8.062839099228295,5.374011527081848,1.4758735123835178,0.4723149344230444,3,87.95529072574682,1,1,0
12,stack-production-t12-b005,45,445223,5423,5423,60.44772758025749,842.4008359788445,19.37328767642672,40.634725563389445,0.0,0.43971434044100716,9,528.4050420203151,0,1,0
12,stack-production-t12-b005,46,182952,2219,2219,19.571277425269177,594.1698132004728,18.614569936443182,0.6133282507063313,0.0,0.34337923811964083,6,408.22260650534685,0,1,0
12,stack-production-t12-b005,47,276173,3326,3326,42.93206216882898,551.9555035096162,10.13126509714825,0.7957044137021231,31.638293056277465,0.36679960170076864,2,18.707856395764694,0,0,0
12,stack-production-t12-b005,48,151191,1917,1917,18.491200713035987,653.3489572792156,15.40904503495252,1.1013425440285118,1.86388688396255,0.11692625009246717,5,28.443722573077753,0,1,0
12,stack-production-t12-b005,49,244654,3088,3088,30.79325954880446,784.1204883105629,2.5665906675568677,13.298989034954829,14.580455195227996,0.3472246510649296,6,2094.853540152083,0,1,0
12,stack-production-t12-b005,50,76130,926,926,11.030206051988342,577.4807861287553,3.39198103018635,6.3886363364696965,0.49155056114796025,0.7580381241843682,1,559.9116385350802,0,1,0
12,stack-production-t12-b005,51,383270,4829,4829,63.825530736680896,538.7037419578518,7.587072981645574,49.0929536324444,6.841965374884509,0.3035387477062262,3,80.96460337428904,0,1,0
12,stack-production-t12-b005,52,210561,2598,2598,24.465962212617043,721.2569483550545,12.478006034822194,11.416250569267195,0.08190628361444396,0.48979932491329825,5,243.68811540979294,0,1,0
12,stack-production-t12-b005,53,4525,55,55,2.9562537418655253,565.652042037374,0.0,2.601260324144164,0.1840539444838214,0.17093947323754405,0,0.0,2,1,0
12,stack-production-t12-b005,54,0,0,0,0.0,0.13275646979309386,0.0,0.0,0.0,0.0,0,0.0,2,0,0
12,stack-production-t12-b005,55,83098,1032,1032,9.33527960440051,769.8266327815924,1.6820792712768384,0.8895188827642642,6.551300312161528,0.21238113819787752,3,1357.9501592838628,0,1,0
12,stack-production-t12-b005,56,6622,81,81,3.149626956085946,633.6296570235851,0.03823797151843979,2.730698627628385,0.16120131471143395,0.21948904222768992,0,0.0,0,1,0
12,stack-production-t12-b005,57,322688,3948,3948,38.23440770260193,749.2003416150076,1.4143114920652569,36.37623909482514,0.08826081713596068,0.3555962985754751,5,1458.8966593829448,0,1,0
12,stack-production-t12-b005,58,125844,1562,1562,20.662567773893812,608.4554507464474,12.016998018203385,1.211490606287498,6.934902549161485,0.49917660024149285,1,32.35393669330151,0,1,0
12,stack-production-t12-b005,59,7475,100,100,3.633328771189395,688.7485671858797,0.015681868702537845,3.2161064098222596,0.1895584773610608,0.21198201530353497,0,0.0,0,1,0
12,stack-production-t12-b005,60,5318,71,71,2.8931273829384976,261.24378304367565,0.0,1.6371468136679823,1.0600494424106728,0.1959311268598403,0,0.0,0,1,0
12,stack-production-t12-b005,61,446045,5393,5393,59.743664129665234,707.4262579947856,1.3579801650499526,57.437590272413125,0.5868080735344847,0.36128561866755476,4,592.6448141612698,1,1,0
12,stack-production-t12-b005,62,84334,986,986,21.431668630898496,735.4374818167332,0.3495657192749331,20.299686200171436,0.16537504125335545,0.617041670198941,1,0.8182617550305561,0,1,0
12,stack-production-t12-b005,63,377959,4629,4629,45.96626028109899,765.5797653012266,9.006282623809298,1.159491857252192,35.54268692172435,0.2577988783131216,5,160.55672743634761,1,1,0
12,stack-production-t12-b005,64,114182,1523,1523,15.280496311691756,537.9853368989885,1.4365310335415948,13.181437051808313,0.35971816704113735,0.30281005930080596,4,2161.3201173074926,0,1,0
12,stack-production-t12-b005,65,1462,15,15,0.16284000663075152,20.47968184111081,0.11763669007425903,0.0,0.0,0.045203316556492415,0,0.0,0,1,0
12,stack-production-t12-b005,66,127542,1571,1571,21.91711468855656,528.1235349587313,4.517717904756425,14.799699572069699,2.146607703037347,0.4530895086930074,1,164.6479995920994,0,1,0
12,stack-production-t12-b005,67,3021,24,24,1.5008834589773858,104.02070528975469,0.20284560521974698,0.3601148214428349,0.8876178193058877,0.050305213008916716,0,0.0,0,1,0
12,stack-production-t12-b005,68,192790,2334,2334,23.698310331170383,657.0983107935357,9.130411352867236,13.609192575481874,0.5297076789775019,0.42899872384366083,5,321.8425242105543,0,1,0
12,stack-production-t12-b005,69,183914,2281,2281,20.681951672832543,533.288734994727,0.6940294244340564,14.865405884759987,5.058835820027333,0.06368054361115749,3,462.19983713360796,0,1,0
12,stack-production-t12-b005,70,419699,5143,5143,52.0550376027598,632.651994481765,0.04857261274206076,51.51463279192015,0.2284729663097096,0.26335923178806203,2,142.86931012476788,0,1,0
12,stack-production-t12-b005,71,82329,1045,1045,10.333967797138866,603.1605939907728,0.7667530115415975,8.980606694722333,0.07700006398226833,0.5096080268926929,1,195.6352539013444,1,1,0
12,stack-production-t12-b005,72,11724,139,139,3.5458714312930812,469.1667530296761,0.7478057691814725,1.9072283849128553,0.6524062714395444,0.23843100575921258,0,0.0,0,1,0
12,stack-production-t12-b005,73,203490,2565,2565,23.59214001532066,726.2477976709151,12.548381963248456,9.039167565594099,1.9350640987703116,0.06952638770805399,4,85.58541451474916,2,0,0
12,stack-production-t12-b005,74,87157,1063,1063,11.007054078929318,652.7462270749228,2.155877437454861,8.219363138972598,0.3964254341281048,0.23538806837378123,1,218.5919381402519,0,1,0
12,stack-production-t12-b005,75,108320,1384,1384,13.395536968181025,678.5461641407016,4.477816570998048,8.611857444278472,0.10624591050282106,0.1996170424016128,2,182.34919696330272,0,1,0
12,stack-production-t12-b005,76,93132,1119,1119,10.758089096089194,866.0731857511813,0.12521914126508826,10.410857662678819,0.0,0.22201229214533325,1,144.97768518574145,0,1,0
12,stack-production-t12-b005,77,247753,3165,3165,32.191139457827,474.6350684211122,3.372329451383364,26.501219834244115,2.0804618925453737,0.23712827965385996,2,369.64292172307916,0,1,0
12,stack-production-t12-b005,78,7813,99,99,2.8993001839528585,780.7344545962934,0.4715518560962205,0.7675464281711584,1.4248718133094371,0.23533008637604655,0,0.0,0,1,0
12,stack-production-t12-b005,79,4808,65,65,1.8729510083683907,47.53957121122864,0.0957790057667614,1.5563423332400816,0.0,0.2208296693615472,0,0.0,1,1,0
12,stack-production-t12-b005,80,34344,398,398,12.44254416430407,677.7278904913746,2.7171058443752685,1.4406917995523827,8.133579271074073,0.15116724930234904,1,22.833068058478922,1,1,0
12,stack-production-t12-b005,81,101871,1195,1195,10.91603644466833,581.6835860294476,1.3019132470960815,9.452023879558286,0.0,0.1620993180139776,1,248.50176490120393,0,1,0
12,stack-production-t12-b005,82,177719,2187,2187,20.496264754000983,699.00173421618,4.29595420577347,15.905232073077325,0.0,0.2950784751502081,4,698.7543410162098,0,1,0
12,stack-production-t12-b005,83,186346,2184,2184,23.33111793724987,725.0140056810108,0.43137976165908126,11.604558871856783,10.785068770674657,0.5101105330592505,3,924.892284892608,2,1,0
12,stack-production-t12-b005,84,193319,2311,2311,25.079290308478434,676.9196688720258,0.5030667580698833,23.998859987463778,0.44852341914702265,0.12884014379790745,2,281.6439809696436,0,1,0
12,stack-production-t12-b005,85,75345,955,955,16.922555362153222,347.69406894290984,0.04686946812193439,16.098446334176515,0.6505225646540128,0.12671699520076482,0,0.0,0,1,0
12,stack-production-t12-b005,86,23363,292,292,8.331379602214497,412.9743452414292,0.0,6.682164422894972,1.446107763429609,0.20310741588990563,0,0.0,0,1,0
12,stack-production-t12-b005,87,11697,135,135,3.2249667747535242,190.6317910912566,1.0386235662953962,0.9268976208724098,1.1811485037416247,0.07829708384408847,0,0.0,0,1,0
12,stack-production-t12-b005,88,253638,3127,3127,37.919953200220135,570.4002698445533,5.748980050911146,18.410414310601276,13.652358903415104,0.10819993529250607,2,97.84458498945642,3,0,0
12,stack-production-t12-b005,89,182379,2257,2257,20.952454142604218,588.7564215752384,4.150168734035066,0.22935885716299254,16.49654362120929,0.07638293019673224,1,115.67753621303547,2,1,0
12,stack-production-t12-b005,90,20838,245,245,30.029884806812646,350.119518927975,0.0,0.5126203607691195,29.34171295189482,0.17555149414873447,0,0.0,0,1,0
12,stack-production-t12-b005,91,84942,979,979,10.818362602856995,503.5421735577434,0.8045686869521472,9.53993990089212,0.23757209936957224,0.23628191564319045,3,2557.271320892358,0,1,0
12,stack-production-t12-b005,92,66257,812,812,9.14197315504934,765.5267279613444,1.8551444395425423,6.735418628397305,0.3991661268583357,0.1522439602511199,1,473.4146229774732,0,1,0
12,stack-production-t12-b005,93,716527,8712,8712,99.77103539864704,635.4113981072054,8.13922013632556,80.14467267378332,10.907938874343309,0.5792037141934495,2,68.68496687415835,0,1,0
12,stack-production-t12-b005,94,136827,1742,1742,20.57105050904408,432.4526621984419,0.023646208971181554,19.825159889053516,0.15425408588998835,0.5679903251294477,1,87.44833704144567,0,1,0
12,stack-production-t12-b005,95,38395,472,472,8.955966000109877,463.54866227621255,2.689877073726061,3.462807351675224,2.1340153226607868,0.6692662520477889,0,0.0,0,1,0
12,stack-production-t12-b005,96,181629,2289,2289,20.573044712332404,763.7500255804049,0.0,19.89157772641493,0.39153914584676386,0.2899278400707018,3,772.4045717976185,0,1,0
12,stack-production-t12-b005,97,8199,104,104,3.849641996955729,556.8630436358266,0.04808619275906227,3.4004520560440596,0.0716562594370771,0.3294474887155312,0,0.0,0,1,0
12,stack-production-t12-b005,98,325331,3988,3988,38.03940873361149,891.1093912342233,15.054369802608013,22.762466692429925,0.0,0.22257223857365963,9,1595.4164321986673,0,1,0
12,stack-production-t12-b005,99,77111,832,832,8.13363279842647,304.98773257499926,0.2570678966755173,0.21326777022693477,7.4158664727419,0.2474306587821623,3,494.08247825374,0,1,0
16,stack-pilot-t16-b000,0,75690,776,776,8.886299253370266,205.58372176513328,0.2545697560605657,8.081971908585366,0.1232307591544668,0.4265268295698896,1,282.5003762919107,0,1,0
16,stack-pilot-t16-b000,1,752761,8000,8000,141.01724126250315,562.3002388505905,1.292110213610423,83.15386338219615,56.215221580186366,0.3560460865095624,2,295.5823055115081,0,0,0
16,stack-pilot-t16-b000,2,360119,3641,3641,41.66928346339771,638.489468802296,6.444414554246382,25.4305213843993,9.356741606280144,0.43760591847149366,4,597.4673870581782,0,1,0
16,stack-pilot-t16-b000,3,11015,112,112,2.6200799711010028,313.88401237831914,0.8559412588269403,1.5097454481764316,0.07063963405744289,0.18375363004019102,1,0.1752178791217536,0,1,0
16,stack-pilot-t16-b000,4,532779,5620,5620,82.3483556806699,616.4534823729168,2.864234557538228,75.97182004629765,3.0438569698034432,0.4684441070304003,2,77.42849024988313,0,1,0
16,stack-pilot-t16-b000,5,273714,2813,2813,38.258906045137806,649.3887153407336,2.9914264326412545,31.292038317482906,3.2629432501011473,0.7124980449126764,1,50.63069683380927,0,1,0
16,stack-pilot-t16-b000,6,98495,969,969,10.663080215903454,423.80737557323715,0.7459143666461382,9.80370086578357,0.0,0.11346498347375492,1,498.03555098431224,1,1,0
16,stack-pilot-t16-b000,7,153044,1600,1600,17.094148713069888,682.2713174011684,2.2575556832420185,14.7487305477111,0.0,0.0878624821167148,1,128.60363009861823,0,1,0
16,stack-pilot-t16-b000,8,161722,1735,1735,22.14478653727654,453.599188936063,4.563218912723413,14.21636045579582,3.005466288726666,0.3597408800306989,3,136.2112431715154,1,1,0
16,stack-pilot-t16-b000,9,117449,1172,1172,12.904659659954852,332.4955128747605,2.8682332757658155,0.891408592176731,8.933918459173306,0.21109933283887475,3,1113.665786607987,0,1,0
16,stack-pilot-t16-b000,10,200473,2248,2248,22.54491267690171,606.557664275911,0.0,20.400848649180674,1.7323991503336453,0.41166487738752394,3,557.5637987628581,0,1,0
16,stack-pilot-t16-b000,11,350677,3682,3682,42.00117897988836,452.99834556988776,9.794488916330767,12.102409647207944,19.923024058238525,0.1812563581114113,2,1450.1259452101679,0,1,0
16,stack-pilot-t16-b000,12,359589,3670,3670,39.09856284831189,463.53138593619695,0.9706388870895507,37.911558634559974,0.0,0.21636532666259986,6,4332.500460188857,0,1,0
16,stack-pilot-t16-b000,13,575112,6091,6091,90.58890533639052,594.1838579060725,2.34480488169723,84.45946353866782,3.4016839621233963,0.38295295390074385,4,2286.7029867418237,1,1,0
16,stack-pilot-t16-b000,14,57039,604,604,8.354632532235668,482.93750474251874,0.997807985000981,2.322471371081633,4.841656815004333,0.1926963611487368,1,127.38041864058813,0,1,0
16,stack-pilot-t16-b000,15,187747,1985,1985,22.95593778402695,695.3074814546154,1.8286861989025924,15.505671012447657,5.125055123433704,0.49652544924295855,2,236.67886495771546,0,1,0
16,stack-pilot-t16-b000,16,586956,6310,6310,90.92991209903545,653.7347125555228,1.4318075019631658,74.30637990536178,14.821306787449956,0.3704179042598545,1,119.69929600729712,0,0,0
16,stack-pilot-t16-b000,17,202028,2169,2169,23.648564548450747,681.1934067115934,0.48945250567009296,22.700519587186164,0.14185099154201453,0.3167414640523072,4,2641.024879551903,0,1,0
16,stack-pilot-t16-b000,18,265245,2857,2857,29.250217443042832,575.0990942670156,26.868714368343042,2.225813500084655,0.0,0.1556895746152569,8,196.52807299945974,1,1,0
16,stack-pilot-t16-b000,19,88182,979,979,10.564773392972555,726.0471940175685,0.8800512993795285,9.574584988890704,0.0,0.11013710470228458,2,1621.0620298828694,1,1,0
16,stack-pilot-t16-b000,20,67968,700,700,7.175901809653077,614.3723764720971,7.099458573780256,0.0,0.0,0.07644323587279575,1,6.493877727727002,1,1,0
16,stack-pilot-t16-b000,21,234011,2190,2190,37.288856158711376,614.9618055731454,1.0131036733296075,28.182790555571717,7.742830804854906,0.3501311249553965,3,321.97416861804885,0,1,0
16,stack-pilot-t16-b000,22,119796,1287,1287,33.677473939669994,345.1634971363329,0.21468144061685587,25.84305464908833,7.331316287211822,0.2884215627529181,1,2.5391384737563114,0,1,0
16,stack-pilot-t16-b000,23,435696,4697,4697,57.62509364483674,228.50740882374276,0.0,57.31714851464156,0.0,0.30794513019484165,5,2307.7917123537595,1,1,0
16,stack-pilot-t16-b000,24,282651,3054,3054,37.59828098184074,374.2136605617165,1.3695461168804122,35.65677576417374,0.08534921930913697,0.4866098814778576,1,59.01027446013947,1,1,0
16,stack-pilot-t16-b000,25,145852,1502,1502,42.88979826460703,607.4103432052331,0.6238392977787167,8.183245039295322,33.82852776134203,0.2541861661908648,2,1657.4333672458051,1,0,0
16,stack-pilot-t16-b000,26,502159,5504,5504,123.31079803496164,247.72173018614208,0.29573000511234865,0.09697546456322925,122.35628678691775,0.561805778369023,1,126.4919835987553,0,1,0
16,stack-pilot-t16-b000,27,99516,1056,1056,14.603743347890969,552.4476225320099,3.6792961775812136,5.587067051506312,4.993179966812153,0.3442001519913225,0,0.0,0,0,0
16,stack-pilot-t16-b000,28,631966,6749,6749,72.2060239442484,532.3946046598453,9.473870126729553,52.22481043895432,10.099259910549268,0.4080834680147059,6,1380.4222054819065,1,1,0
16,stack-pilot-t16-b000,29,409317,4461,4461,60.38504474235547,477.35969134925506,0.0,54.362054486444805,5.6247300715229684,0.3982601843877044,2,92.99142350856283,0,1,0
16,stack-pilot-t16-b000,30,254663,2627,2627,28.062506230294098,693.1481037731701,0.2564233282980796,27.15762405205775,0.16036307168906205,0.488095778249021,4,1180.7349552155122,0,1,0
16,stack-pilot-t16-b000,31,187360,2018,2018,22.146148353172087,697.6989770539127,5.171350373824066,15.641982331360875,0.9727273074695404,0.36008834051766875,4,1470.4692948840643,1,1,0
16,stack-pilot-t16-b000,32,281285,2903,2903,46.63767943237212,625.8562353409807,0.7038586426584976,36.61718699117501,9.008682319700165,0.30795147883866736,2,277.6445488025734,0,0,0
16,stack-pilot-t16-b000,33,215820,2216,2216,40.789483949629044,479.94885761835326,0.9217314582692337,23.015760039243926,16.45556873538782,0.3964237167277919,0,0.0,0,0,0
16,stack-pilot-t16-b000,34,0,0,0,0.0,0.12330819025373785,0.0,0.0,0.0,0.0,0,0.0,3,0,0
16,stack-pilot-t16-b000,35,0,0,0,0.0,0.046563991978473496,0.0,0.0,0.0,0.0,0,0.0,1,0,0
16,stack-pilot-t16-b000,36,52368,532,532,5.451579077216532,839.3186105304228,0.6420914635508931,4.78860424805126,0.0,0.020883365614389544,2,1247.9671884772042,0,1,0
16,stack-pilot-t16-b000,37,13058,164,164,4.830023558795879,378.9980349081871,0.3185612868117236,4.0239577038368,0.0,0.48750456814735466,0,0.0,0,1,0
16,stack-pilot-t16-b000,38,65932,1706,1706,8.561729844564598,757.3896818920493,6.612068864472845,1.8205423125051539,0.0,0.1291186675865609,3,14.730891979018539,0,1,0
16,stack-pilot-t16-b000,39,197062,2060,2060,22.411051106096714,618.93354556533,0.4349146388919319,18.387745101204633,3.3672346463674567,0.22115671963261133,3,691.0150641556613,1,1,0
16,stack-pilot-t16-b000,40,404532,4186,4186,56.54148783756815,738.8886727882932,3.4797004445563293,51.54559567676433,0.9767457419602579,0.5394459742876487,2,103.266658459097,0,1,0
16,stack-pilot-t16-b000,41,321342,3264,3264,33.65281156815624,726.5492771033216,7.477318009744796,25.83907429246808,0.12153750548895914,0.21488176045437066,8,4598.330918853366,0,1,0
16,stack-pilot-t16-b000,42,1252236,13298,13298,188.83370948911457,406.5922332955096,7.9660255823592925,126.75021839797976,53.60648124539539,0.5109842633808217,1,178.92608728427388,1,0,0
16,stack-pilot-t16-b000,43,214241,2272,2272,26.75126201657254,621.9213447938856,2.1701972781122127,19.82335846150831,4.61888266621675,0.13882361073537403,3,670.8546672101099,0,1,0
16,stack-pilot-t16-b000,44,237780,2576,2576,37.61824536215308,273.7857934905261,0.4866207040172014,36.601353914414666,0.0,0.5302707437206583,1,77.12121236316912,0,1,0
16,stack-pilot-t16-b000,45,277300,2834,2834,35.74776838944451,826.1161106175958,0.06295106922098438,35.31070953172049,0.0,0.3741077885026128,3,819.4525327431584,1,1,0
16,stack-pilot-t16-b000,46,0,0,0,0.0,0.1512860123984865,0.0,0.0,0.0,0.0,0,0.0,3,0,0
16,stack-pilot-t16-b000,47,111416,1145,1145,17.53273963284481,483.0652551992217,1.2016931028932165,14.592788815368143,1.3121227361516503,0.4261349784317423,1,150.5604684654394,0,1,0
16,stack-pilot-t16-b000,48,13650,165,165,7.041857474462394,323.6800265702133,0.0,6.564269112868374,0.38981194229380256,0.08777641930022939,0,0.0,0,1,0
16,stack-pilot-t16-b000,49,147622,3645,3645,16.327814897992024,614.5086873899816,8.427692244516448,1.1461237860095252,6.509781483953881,0.24421738351213063,4,1369.7271210687163,0,1,0
16,stack-pilot-t16-b000,50,0,0,0,0.0,0.06986285140737891,0.0,0.0,0.0,0.0,0,0.0,2,0,0
16,stack-pilot-t16-b000,51,6979,72,72,3.619388862869746,634.4820531913936,0.15468071485587512,2.483683789745669,0.7949903415628796,0.18603401670532127,0,0.0,0,1,0
16,stack-pilot-t16-b000,52,721616,7504,7504,86.10519431006601,504.2104764971004,2.194170562586664,81.22758053572912,1.5793620988024486,1.1040811129481038,3,757.8597233692534,0,1,0
16,stack-pilot-t16-b000,53,15128,169,169,5.722353596384485,528.6700021647717,0.5796821841240778,4.7637217323348295,0.11544453598980908,0.26350514393578295,0,0.0,2,1,0
16,stack-pilot-t16-b000,54,208225,2177,2177,22.45945094790229,571.0700347648848,0.7315157298361228,16.29478553270238,5.118810563031551,0.31433912233207756,3,740.638114901378,0,1,0
16,stack-pilot-t16-b000,55,67864,689,689,8.277292628283709,541.9464203763231,1.9593749969505785,1.4248561937760087,4.672945735716511,0.22011570184063034,1,149.47609351153312,0,1,0
16,stack-pilot-t16-b000,56,177895,1911,1911,19.90387575057262,690.1730633317394,6.038917227900539,13.456838590285818,0.13664296722890867,0.27147696515735065,3,144.91019801475883,0,1,0
16,stack-pilot-t16-b000,57,168190,1980,1980,19.16995611701303,504.9493673743652,1.4722441411865872,11.652878225580055,5.928777238378689,0.11605651186771779,2,346.48896248054103,0,1,0
16,stack-pilot-t16-b000,58,989,9,9,0.4255984364459204,44.48320490147366,0.0,0.36322138234663726,0.0,0.062377054099282944,0,0.0,1,1,0
16,stack-pilot-t16-b000,59,202632,2176,2176,23.68578725824405,468.7252157273777,1.357270906213153,14.5696237137904,7.514581160684458,0.2443114775560817,2,143.2036437121705,0,1,0
16,stack-pilot-t16-b000,60,145921,1509,1509,15.747101651718255,373.85871405834877,0.5741632989009017,14.790741730714629,0.2794868917972053,0.10270973030549176,3,1131.0639390071804,0,1,0
16,stack-pilot-t16-b000,61,139150,1494,1494,15.275307946401494,728.48516671076,2.137328474900894,12.982297207441666,0.09958555986304418,0.056096704195858875,3,1962.764637641434,0,1,0
16,stack-pilot-t16-b000,62,8998,89,89,3.5414798664031952,543.4413965865749,0.19365101851526406,3.077924625001401,0.0,0.2699042228865316,0,0.0,1,1,0
16,stack-pilot-t16-b000,63,73889,804,804,14.283481117905936,615.4529979572865,1.3284526469747617,10.134630098773115,2.7037630837885014,0.11663528836955307,1,643.2412335839941,0,1,0
16,stack-pilot-t16-b000,64,69442,667,667,10.020948392668942,525.0492338019756,6.328840804801802,2.9491195204499263,0.26502323883687495,0.47796482858030437,2,17.061036873321576,0,1,0
16,stack-pilot-t16-b000,65,549804,6078,6078,59.56991844380425,870.4179274395213,14.083338061060237,45.266393213553016,6.380050763254985e-05,0.22012336868304136,5,578.027663354677,1,1,0
16,stack-pilot-t16-b000,66,204960,2133,2133,33.793933963552846,516.0674721354821,0.6704548619527516,32.3275639419051,0.2427615519882238,0.5531536077067108,1,78.44585905277022,0,1,0
16,stack-pilot-t16-b000,67,216312,2329,2329,54.21897797150197,709.473014568861,0.0,19.457800147854705,34.51907068121801,0.2421071424291773,0,0.0,0,0,0
16,stack-pilot-t16-b000,68,3440,40,40,1.694428694280456,481.4815989699155,0.019535765042323752,1.3191695173800326,0.19272202972570085,0.16300138213239812,0,0.0,0,1,0
16,stack-pilot-t16-b000,69,135206,1405,1405,16.69469003165048,641.2358593382301,3.1258079943419625,2.5073310656799777,10.586683602631936,0.4748673689965772,3,624.9933054621304,0,1,0
16,stack-pilot-t16-b000,70,0,0,0,0.0,0.2828764871810563,0.0,0.0,0.0,0.0,0,0.0,2,0,0
16,stack-pilot-t16-b000,71,12761,342,342,7.586605954238123,413.50682439828125,0.0,6.16264095181225,0.9135471796307684,0.5104178227951067,0,0.0,0,1,0
16,stack-pilot-t16-b000,72,2496,30,30,0.7549811131021857,476.6720168991154,0.0,0.5490324642657924,0.0,0.20594864883639327,0,0.0,0,1,0
16,stack-pilot-t16-b000,73,49018,567,567,6.792284519285808,634.1172271400407,4.460087555009854,2.0197039511718913,0.0,0.3124930131040516,1,20.029158999524164,2,1,0
16,stack-pilot-t16-b000,74,199896,2141,2141,26.303781475303982,463.9937484011556,1.79603791258767,18.13840463998649,6.289607607539905,0.07973131518968722,4,3265.2848129291033,3,0,0
16,stack-pilot-t16-b000,75,90833,926,926,11.420103459469127,538.0353151819753,0.6651888828075084,10.450515515401706,0.0,0.30439906125995936,2,291.61076329186153,0,1,0
16,stack-pilot-t16-b000,76,104179,1122,1122,22.19472205975562,683.4394321413879,0.9650158925664598,20.64326241036078,0.26698185540226405,0.31946190142617853,1,15.78315769137022,0,1,0
16,stack-pilot-t16-b000,77,248434,2649,2649,28.54354207762964,682.5261361160583,6.0469478663440634,15.877905486123765,6.26881938954073,0.3498693356208231,4,529.8242913872483,0,1,0
16,stack-pilot-t16-b000,78,2505,34,34,1.2311121422583695,108.18124198131825,0.14851791477857404,0.7022089950590953,0.35122968649011455,0.02915554593058514,0,0.0,0,1,0
16,stack-pilot-t16-b000,79,384817,4164,4164,41.32816938723234,719.5013680106329,17.47056405736593,23.60314309399243,0.09960502805006399,0.15485720782406448,6,444.92846738550105,0,1,0
16,stack-pilot-t16-b000,80,726906,7855,7855,104.74781890676829,603.359059663293,2.069656571156007,97.61110713841333,4.759748904054277,0.30730629314304425,5,1519.2864597495536,0,0,0
16,stack-pilot-t16-b000,81,199213,2134,2134,26.481798697311458,637.1040535859147,1.2933590392500491,23.47036625917611,1.2494048784852225,0.4686685203999623,2,355.12591698777754,0,1,0
16,stack-pilot-t16-b000,82,222449,2431,2431,23.572150694769107,673.1826503433571,2.364220449813337,21.119153639808243,0.0,0.08877660514750277,4,945.1529593244493,0,1,0
16,stack-pilot-t16-b000,83,170790,1750,1750,23.158363149763346,700.8468932950881,1.6368548937713643,19.268743793539166,1.8751287420734548,0.37763572037937876,2,107.80124668308589,0,1,0
16,stack-pilot-t16-b000,84,291816,3140,3140,33.1209754692604,604.5776802834638,5.466448541588728,16.92707857860787,10.364168042336152,0.36328030672758554,5,1026.9120844365698,1,1,0
16,stack-pilot-t16-b000,85,45728,505,505,10.592008309794553,432.85374317292644,2.9177051794404028,7.37472892304902,0.0,0.2995742073051367,1,2.0460034289492173,0,1,0
16,stack-pilot-t16-b000,86,109674,1170,1170,14.02419290950153,375.409745274011,10.464765383536811,2.797910147144762,0.19463430092218914,0.5668830778977952,4,79.80858885486705,1,1,0
16,stack-pilot-t16-b000,87,78680,804,804,14.298369614704427,506.43407182396953,0.009743151243679995,7.619370274117614,6.351768437627608,0.3174877517155116,1,259.82011939078484,1,1,0
16,stack-pilot-t16-b000,88,787637,8636,8636,90.64423184924604,677.6889113234937,1.9597039786299542,47.082195984649445,41.059746510437904,0.5425853755279169,8,1919.090699697375,0,1,0
16,stack-pilot-t16-b000,89,3823,56,56,1.8740317974877818,407.95129434975155,0.0,0.5424703030220144,1.0768444759760314,0.2547170184897326,0,0.0,0,1,0
16,stack-pilot-t16-b000,90,1764,24,24,0.19196638294969928,401.23419582876113,0.10426295742209696,0.0,0.0,0.08770342552760227,0,0.0,0,1,0
16,stack-pilot-t16-b000,91,297766,3067,3067,50.92012085814471,534.8424864921128,7.350376817736033,25.083069247166918,18.108310414728102,0.3783643785138488,2,57.1106301531636,0,0,0
16,stack-pilot-t16-b000,92,3015,29,29,0.7574299121407058,359.7960934640678,0.0,0.32572964095038515,0.16310777985745517,0.268592491332865,0,0.0,0,1,0
16,stack-pilot-t16-b000,93,96081,1017,1017,11.9454342373086,648.6268987768129,9.752878098278646,0.8475526004939411,1.216133349601092,0.1288701889348998,2,178.3966415213137,0,1,0
16,stack-pilot-t16-b000,94,71679,780,780,8.883922458341116,762.4303391603977,0.33266526132249485,7.28209052203019,1.1684156450838978,0.1007510299045433,3,904.7247504303812,0,1,0
16,stack-pilot-t16-b000,95,386535,4119,4119,55.34060371693584,268.67702963888246,0.09426078310394483,48.11753981091405,6.873132817899647,0.2556703050181328,3,592.3416100528955,1,1,0
16,stack-pilot-t16-b000,96,477567,5099,5099,83.15048869621577,712.3293193985006,2.246374085039147,59.50107369536008,21.067885909543627,0.3351550062746845,1,178.32583212924985,0,0,0
16,stack-pilot-t16-b000,97,369287,3859,3859,42.39708072720817,449.2391948155011,3.272534457011651,26.47761857522219,12.234202166652173,0.41272552832201437,5,985.6020054976141,1,1,0
16,stack-pilot-t16-b000,98,2604,26,26,1.4789929313108905,123.99345898656065,0.0,1.3533623642439352,0.0,0.12563056706695444,0,0.0,0,1,0
16,stack-pilot-t16-b000,99,0,0,0,0.0,0.07617941476928536,0.0,0.0,0.0,0.0,0,0.0,2,0,0
16,stack-pilot-t16-b001,0,298135,3296,3296,47.209880558622224,546.4299738538214,1.4193440509310797,37.52899149568275,7.934394701783468,0.3271503102248216,3,571.4320904938777,2,1,0
16,stack-pilot-t16-b001,1,198244,2059,2059,20.688094336021987,789.5177734778316,12.47536876130254,8.053058318626928,0.0,0.15966725609249302,4,289.8000206575057,1,1,0
16,stack-pilot-t16-b001,2,46255,473,473,13.09028527700921,415.9664637202717,3.344151248880066,4.285045905265292,4.8565852599385835,0.604502862925302,2,1.9629840244038306,0,1,0
16,stack-pilot-t16-b001,3,18187,205,205,7.675180037093397,564.5010113464746,0.24358238017462536,6.7811643573635365,0.454769406840569,0.19566389271466972,0,0.0,0,1,0
16,stack-pilot-t16-b001,4,71429,748,748,8.014597442614837,676.0968347416203,6.946985106274399,0.6467803079004852,0.0708458333992894,0.3499861950406463,1,6.927249685591334,0,1,0
16,stack-pilot-t16-b001,5,2792,31,31,1.171042089212372,27.512519512029787,0.1875196782600843,0.36727851119110255,0.5550568466912154,0.06118705306996952,0,0.0,0,1,0
16,stack-pilot-t16-b001,6,35653,390,390,7.616540015374596,463.48896534402724,3.0845539406768516,2.0474268637692603,2.2076509272791123,0.27690828364938525,1,2.338676728232468,1,1,0
16,stack-pilot-t16-b001,7,402129,4287,4287,48.5575591099549,667.4811659101297,1.289783825181727,46.18910030827373,0.5478836237962241,0.5307913527030484,3,498.0512170458725,0,1,0
16,stack-pilot-t16-b001,8,61488,654,654,6.502400141183419,827.0215707340103,0.0,6.457513041319509,0.0,0.044887099863888016,1,373.29131684601157,0,1,0
16,stack-pilot-t16-b001,9,63563,655,655,11.554676738589349,314.9330539180793,1.8606308573016621,8.040966671262407,1.4260749840686913,0.22700422595658876,0,0.0,1,0,0
16,stack-pilot-t16-b001,10,206984,2142,2142,24.822386796587715,572.3803411668821,2.775967142436653,2.1353763264389727,19.68569800775818,0.22534531995401255,6,2760.024767508569,1,1,0
16,stack-pilot-t16-b001,11,105192,1119,1119,14.932241475398126,408.5877774135077,1.8409969583879635,12.185718149605329,0.38569267616003344,0.5198336912447775,3,1646.0496112981107,0,1,0
16,stack-pilot-t16-b001,12,93825,1085,1085,12.901677427374885,343.6798329310885,4.365072387472627,7.780340201007211,0.0772155432132422,0.6790492956818377,2,625.3826422049165,1,1,0
16,stack-pilot-t16-b001,13,0,0,0,0.0,0.26321930649282876,0.0,0.0,0.0,0.0,0,0.0,5,0,0
16,stack-pilot-t16-b001,14,230893,2455,2455,46.24773880566151,495.0093852019798,1.3674238529120089,44.015246784141894,0.0731110998440272,0.7919570687632718,2,29.263967793134135,0,1,0
16,stack-pilot-t16-b001,15,212503,2226,2226,25.574957420597322,607.6300672914716,3.1137292974577524,18.379355966670747,3.819717001645465,0.26215515482311263,3,676.9536266043015,0,1,0
16,stack-pilot-t16-b001,16,64712,674,674,10.892455424913429,504.4250633970635,6.209597206016631,1.4474033109089532,2.977326967025178,0.2581279409626499,1,5.593258653568262,1,1,0
16,stack-pilot-t16-b001,17,105819,1116,1116,13.11299553548848,615.6013618734526,0.21915017917751495,12.567956356324002,0.22753554752125638,0.09835345246567796,2,786.1404773913883,0,1,0
16,stack-pilot-t16-b001,18,592021,6165,6165,106.89041230952522,353.5865306867111,0.0300615595351308,70.25678609582867,36.189487699134354,0.4140769550266875,2,446.08238834257963,0,1,0
16,stack-pilot-t16-b001,19,0,0,0,0.0,459.80127245976723,0.0,0.0,0.0,0.0,0,0.0,0,1,0
16,stack-pilot-t16-b001,20,124232,2621,2621,14.292384688252481,535.8218711861717,12.439717863900032,1.6599356519346884,0.0,0.19273117241768453,5,154.0896138659862,0,1,0
16,stack-pilot-t16-b001,21,221148,2363,2363,52.89026013158513,595.8572426172277,3.1914531629893665,29.18683154624763,20.257730278780315,0.2542451435677369,1,2.7653407597637405,0,0,0
16,stack-pilot-t16-b001,22,3789,30,30,1.0045985965313966,409.46192997195305,0.0,0.49309020283749305,0.18032944892729574,0.3311789447666074,0,0.0,0,1,0
16,stack-pilot-t16-b001,23,89968,915,915,11.351872327512472,759.5343474617948,0.6887821517168784,10.436835990329751,0.12739831872022478,0.09885586674563993,2,1553.0291590876452,2,1,0
16,stack-pilot-t16-b001,24,406304,4378,4378,58.390908552767186,663.5370080434434,12.897317368399246,25.695594774697746,19.58237829589317,0.21561811377720866,5,807.2543958924227,0,0,0
16,stack-pilot-t16-b001,25,180394,1737,1737,21.97938116535005,734.8874302888529,0.3786037579890734,21.52867394614585,0.0,0.07210346121524447,3,1591.3351404026698,0,1,0
16,stack-pilot-t16-b001,26,181268,1913,1913,22.14882438923957,757.4890229278518,0.0,21.92181347422161,0.0,0.22701091501787704,3,1501.8004284033173,1,1,0
16,stack-pilot-t16-b001,27,269157,2841,2841,38.844146581919034,557.3192681649051,0.23550155077431117,31.73349597846507,6.657763260264531,0.21738579241545278,1,54.47247963260418,0,1,0
16,stack-pilot-t16-b001,28,2463,34,34,1.7929247724474693,594.0510954954235,0.0,1.063803340057916,0.6185072682692407,0.1106141641203129,0,0.0,0,1,0
16,stack-pilot-t16-b001,29,136273,1384,1384,16.30457775256069,571.2340413352617,0.07691797467918327,15.759898167593342,0.09801377665462496,0.3697478336335244,3,701.7122631534093,1,1,0
16,stack-pilot-t16-b001,30,217251,2241,2241,28.79123843302997,323.69035155850344,3.718235661165478,21.15269984689745,3.4882779013551044,0.4320250236116671,1,112.49626103012459,0,1,0
16,stack-pilot-t16-b001,31,0,0,0,0.0,0.022616846748860553,0.0,0.0,0.0,0.0,0,0.0,1,0,0
16,stack-pilot-t16-b001,32,5181,53,53,2.4364112146793895,279.0389884184141,0.0864857923917633,2.0364702793109473,0.08873788623895962,0.2247172567377189,0,0.0,1,1,0
16,stack-pilot-t16-b001,33,157420,1772,1772,43.41186720046649,562.5843122675444,0.9839300960604674,18.87785012183378,23.424269029882478,0.12581795268992277,3,277.78696331454853,0,1,0
16,stack-pilot-t16-b001,34,260141,2760,2760,27.81592712055367,844.6259882511933,5.276350859226981,22.369253670172917,0.0,0.17032259115369308,6,3158.1630058332025,1,1,0
16,stack-pilot-t16-b001,35,22454,235,235,3.922343869944742,589.1811839678378,2.029858030995256,0.9430462034043785,0.7687728826022067,0.18066675294289478,1,9.42575617270917,0,1,0
16,stack-pilot-t16-b001,36,10331,86,86,3.568096894757407,487.32228318217517,0.35078234354957866,2.9189137366300884,0.0,0.29840081457773393,0,0.0,0,1,0
16,stack-pilot-t16-b001,37,70909,738,738,8.826900022241972,648.5333871927918,0.9248205127959037,1.5347628468216499,5.858450951179025,0.5088657114453669,1,62.57390395426149,0,1,0
16,stack-pilot-t16-b001,38,150045,1579,1579,15.452348919507552,190.94666759520575,0.0,15.391518718870415,0.0,0.06083020063709067,4,3054.2337359252733,1,1,0
16,stack-pilot-t16-b001,39,7999,90,90,1.7576896019688313,371.2441594803368,0.5506352339749863,1.0115858462294227,0.0,0.19546852176442162,0,0.0,0,1,0
16,stack-pilot-t16-b001,40,528955,5503,5503,61.178789563251534,565.199677758063,12.817479520606307,46.79704641880651,1.2461095844195698,0.3181540394188201,4,241.37776329415064,2,1,0
16,stack-pilot-t16-b001,41,138490,1446,1446,20.764815794180493,673.5357825669045,1.7727844920465476,11.40686860062608,7.374998632941141,0.21016406856668443,2,583.0102009440984,2,1,0
16,stack-pilot-t16-b001,42,887429,9386,9386,113.09699919630398,762.8468460780233,1.9371065995883598,63.49849883724647,47.26427292061836,0.3971208388502618,4,1300.6249192664263,0,1,0
16,stack-pilot-t16-b001,43,92472,942,942,9.640377014245878,571.0157385859009,0.042458143715039615,9.56110813023196,0.0,0.03681074029895196,2,1026.757080154342,1,1,0
16,stack-pilot-t16-b001,44,419566,4373,4373,52.548939249246864,787.2489047534142,2.6392134335262503,48.321528082257075,1.2018067767821776,0.38639095668182327,3,890.3104990074136,0,1,0
16,stack-pilot-t16-b001,45,112260,1205,1205,16.924167604082566,646.7551950054542,1.1757747209479248,14.431484540145295,0.959658963183756,0.3572493798056389,2,1049.909742707134,0,1,0
16,stack-pilot-t16-b001,46,456490,5025,5025,55.01284220061468,789.353796117585,0.376104195649884,31.839055765762982,22.354958140034423,0.44272409916686184,5,1110.988069663832,0,1,0
16,stack-pilot-t16-b001,47,46860,523,523,6.766972589019766,806.7904053925364,0.8747269884293654,1.7588235808289028,3.961087586404783,0.17233443335672116,1,383.49922850221196,0,1,0
16,stack-pilot-t16-b001,48,121623,1344,1344,15.896163255741493,832.7191971180969,0.517740611396863,15.108652969600612,0.12739166637402377,0.14237800836996767,2,760.9591554792685,1,1,0
16,stack-pilot-t16-b001,49,172317,1938,1938,23.15697359147642,797.7346636742421,0.830242499614421,20.980411142436363,0.8178868008415492,0.5284331485841689,3,425.1878171015842,1,1,0
16,stack-pilot-t16-b001,50,449193,4783,4783,55.556737039846034,709.2729843434124,0.0,53.575890891038405,1.4755844690535014,0.5052616797542566,2,492.60416683381067,1,1,0
16,stack-pilot-t16-b001,51,180434,1919,1919,22.807936538078064,557.9089619820714,0.7219250274804493,20.870734519489545,0.9619209006717016,0.2533560904364469,3,945.2351216603888,0,1,0
16,stack-pilot-t16-b001,52,111947,1239,1239,19.684048321221436,468.6963059946429,0.27548121110615703,17.895439490909872,1.1310025926742808,0.38212502653104075,1,170.6390743041293,0,1,0
16,stack-pilot-t16-b001,53,88742,1004,1004,9.97312184494072,569.2399709131608,8.945362242158547,0.7660443095671781,0.07265226715026074,0.18906302606470732,3,127.56292174163188,0,1,0
16,stack-pilot-t16-b001,54,159473,1700,1700,20.00376729331436,607.2552108418533,1.2526467001641322,17.620193800186012,0.5053233599101077,0.6256034330542294,1,91.26573913565616,2,1,0
16,stack-pilot-t16-b001,55,15581,162,162,6.766068607160962,541.2397106484351,0.02499185309640259,6.154353187306357,0.4703913849716628,0.11633218178654182,0,0.0,1,1,0
16,stack-pilot-t16-b001,56,12365,141,141,6.00816379443155,337.95587045093276,0.23308085012364332,4.235637533792101,1.3590146316164464,0.18043077889936276,0,0.0,1,1,0
16,stack-pilot-t16-b001,57,106692,1160,1160,11.613302732084884,496.4748323637599,0.0,11.546201159205108,0.0,0.06710157287980693,1,151.2796740508695,0,1,0
16,stack-pilot-t16-b001,58,82891,837,837,12.402431664878378,348.3163070924395,5.950341209778347,3.189713180384501,3.074775014288224,0.18760226042729794,2,26.87269014631827,0,1,0
16,stack-pilot-t16-b001,59,84839,892,892,11.352981306397218,398.73997844118713,0.5923157109470848,10.421522982025012,0.0,0.33914261342506846,2,1480.951800187755,0,1,0
16,stack-pilot-t16-b001,60,115869,1212,1212,13.44622209135191,780.0503654369452,1.7920848992606255,9.105064539003042,2.4722070817140174,0.07686557137412615,2,332.0685861833429,0,0,0
16,stack-pilot-t16-b001,61,192460,2055,2055,23.124912346935922,631.8234543713993,3.9930032247667935,16.483729863610975,2.3767642351758695,0.2714150233822463,2,244.7738109876038,1,1,0
16,stack-pilot-t16-b001,62,128287,1362,1362,21.036934628424866,572.6038651434246,0.6715036281028294,18.0987357290078,2.0370871525155962,0.2296081187986324,1,255.3973034609649,0,1,0
16,stack-pilot-t16-b001,63,136599,1468,1468,16.02354662143949,754.2884806890614,3.523466294463362,11.121111391075207,1.26258050734104,0.11638842855964554,2,1217.9289233966647,0,1,0
16,stack-pilot-t16-b001,64,362661,3980,3980,47.66098736389986,578.2898391058965,0.1825411412855747,3.0840830013034974,43.98990319329461,0.4044600280160849,2,351.0851082311727,0,1,0
16,stack-pilot-t16-b001,65,177579,1864,1864,21.23009313868246,669.4802939594404,0.4289312559007819,13.862456841992106,5.822761632191863,1.115943408597534,3,1042.846371287632,0,1,0
16,stack-pilot-t16-b001,66,77681,883,883,14.933567079533537,9.027473454023502,0.0,14.902557567700455,0.0,0.031009511833185243,0,0.0,3,1,0
16,stack-pilot-t16-b001,67,107607,1126,1126,13.85934376391443,668.2150162702204,1.2875162274164877,12.354013212058916,0.0,0.21781432443909854,1,212.18162495566784,0,1,0
16,stack-pilot-t16-b001,68,94169,1021,1021,34.00026777468977,411.9811315056157,0.0,13.713648619023502,19.947126128618827,0.3394930270475824,0,0.0,0,0,0
16,stack-pilot-t16-b001,69,135247,1519,1519,24.862130598683883,571.9766684992803,0.3439933678240816,17.88926900856681,6.190904873979115,0.4379633483138818,2,640.7066276302099,2,1,0
16,stack-pilot-t16-b001,70,155464,1703,1703,20.26258574243119,698.9008498139946,0.2544721982188166,18.448532470919233,1.2716840589746425,0.28789701431812853,2,476.9964193085022,0,1,0
16,stack-pilot-t16-b001,71,0,0,0,0.0,0.33159830450313166,0.0,0.0,0.0,0.0,0,0.0,5,0,0
16,stack-pilot-t16-b001,72,135204,1497,1497,15.807579843067064,481.5902204812361,0.39235869691085756,14.379112015147838,0.9819313415241869,0.05417778948407242,2,767.1001258928948,1,1,0
16,stack-pilot-t16-b001,73,4514,52,52,0.48165635912552257,368.976864280562,0.3135355628527573,0.0,0.0,0.16812079627276577,0,0.0,0,1,0
16,stack-pilot-t16-b001,74,105073,1087,1087,13.802154068039545,548.4088044033782,0.8186593963427429,10.897180068042177,1.8249443028033243,0.2613703008513552,0,0.0,1,1,0
16,stack-pilot-t16-b001,75,654,9,9,0.06713635844435131,36.56494301823625,0.0,0.0,0.0,0.06713635844435131,0,0.0,1,1,0
16,stack-pilot-t16-b001,76,3728,38,38,1.3468992855853448,172.30925534387293,0.03821342161439818,1.0739278031758204,0.0,0.23475806079512648,0,0.0,1,1,0
16,stack-pilot-t16-b001,77,451888,4687,4687,47.00115820038894,863.7633842276254,27.64246818792657,19.176969247319278,0.0,0.18172076514288588,9,1204.1147223084406,0,1,0
16,stack-pilot-t16-b001,78,68193,758,758,10.031874807663048,692.4157264702974,0.0,9.77016187070253,0.10429719013154681,0.15741574682894363,1,475.1511469514142,0,1,0
16,stack-pilot-t16-b001,79,139306,1518,1518,20.57627845248188,227.65088123847585,0.9957022588739038,17.810498813867206,1.4771691426603866,0.2929082370801496,3,1705.5674307172967,0,1,0
16,stack-pilot-t16-b001,80,354447,3724,3724,48.40402040456963,392.06394569284356,2.399262817849945,45.659098632799115,0.20403951653133845,0.14161943738929444,2,248.49734553589104,0,1,0
16,stack-pilot-t16-b001,81,95437,971,971,13.719346294374276,818.1344976660655,0.5865664151197516,12.90109651295544,0.0,0.2316833662990556,2,1299.0350804564746,0,1,0
16,stack-pilot-t16-b001,82,115181,1217,1217,17.738779518318157,537.1747941273078,0.9736574269194862,16.25252019950328,0.09365884484395792,0.4189430470514626,1,194.4978539273573,0,1,0
16,stack-pilot-t16-b001,83,97462,1053,1053,10.098805597089248,634.5754455491424,0.25026732569180443,9.400705389031717,0.0,0.44783288236573765,3,1372.1852232776066,0,1,0
16,stack-pilot-t16-b001,84,147360,1425,1425,18.03024317407229,591.1103911323329,0.06808385150561448,17.390491419806807,0.39728625689895125,0.1743816458607217,2,468.57565627245344,0,1,0
16,stack-pilot-t16-b001,85,275686,2852,2852,31.514337354487385,360.4584565040735,0.4000226264424102,29.476801295561256,1.52684024532428,0.11067318715937206,1,141.83879522334607,0,1,0
16,stack-pilot-t16-b001,86,87743,1009,1009,14.75388175720157,434.11117607729636,0.7748584923221624,10.873882992829275,3.0672698126037683,0.03787045944639241,1,101.61241394263008,1,1,0
16,stack-pilot-t16-b001,87,60588,626,626,6.924624643678169,309.26196997396147,1.59149057373263,4.737389098398437,0.40388316624739673,0.19186180529971428,1,548.9348470686917,1,1,0
16,stack-pilot-t16-b001,88,293127,3023,3023,38.68115141497739,740.5835312137403,0.8053734827016001,35.47578215587425,1.9457777191018977,0.4542180573000091,2,248.90511352212226,1,1,0
16,stack-pilot-t16-b001,89,275677,2974,2974,37.62894121701698,682.9638056783986,0.2907077008047318,34.15311452284437,2.9551565151588046,0.22996247820933224,1,59.93449808990902,1,1,0
16,stack-pilot-t16-b001,90,188817,1926,1926,19.935774114087284,196.64581322596158,0.6735061431675078,19.18647920772819,0.0,0.07578876319154228,0,0.0,0,1,0
16,stack-pilot-t16-b001,91,279198,2840,2840,39.719923257464345,590.9552504006604,0.4726294090824202,37.874602508517036,0.9526676393960543,0.42002370046885884,1,251.0508624021845,0,1,0
16,stack-pilot-t16-b001,92,9607,108,108,7.0750941112800865,624.5719932556968,0.01104868423510548,4.261163349847834,2.482885468516543,0.3199966086806106,0,0.0,0,1,0
16,stack-pilot-t16-b001,93,1075,19,19,0.189014999766587,247.990445771932,0.0,0.0,0.08503339792514453,0.10398160184144238,0,0.0,0,1,0
16,stack-pilot-t16-b001,94,1672,22,22,1.605431191042831,101.23177885924635,0.0,0.6152996130762176,0.9233106521005539,0.06682092586605916,0,0.0,0,1,0
16,stack-pilot-t16-b001,95,4298,47,47,1.0331000137627757,445.26354035750234,0.0,0.4068044735516878,0.2326506689460075,0.39364487126508013,0,0.0,0,1,0
16,stack-pilot-t16-b001,96,50172,520,520,11.356969992789828,55.38323265507091,0.0,11.251858767610823,0.0,0.10511122517899177,1,10.554791095209278,2,1,0
16,stack-pilot-t16-b001,97,234201,2539,2539,27.569353427501387,512.0268394179283,0.0929121233132475,27.192871304471502,0.0013175423157463229,0.2822524574009654,2,269.99795143734974,2,1,0
16,stack-pilot-t16-b001,98,28145,270,270,7.871771440131582,546.3778334705926,0.9494847517191738,5.721373102164422,0.8719153366673709,0.32899824958060875,0,0.0,1,1,0
16,stack-pilot-t16-b001,99,364566,3805,3805,52.972217568082186,536.386698354144,0.24779279834295692,45.43350341582722,6.825570927594526,0.4653504263176956,2,217.43256193388265,0,1,0
16,stack-pilot-t16-b002,0,7901,75,75,2.8542701619842297,681.2756840673889,0.12106383181654526,2.6239207337036987,0.0,0.10928559646398779,0,0.0,0,1,0
16,stack-pilot-t16-b002,1,146706,1576,1576,52.198845853359465,701.063820718482,9.382424859329866,5.1831855248015515,37.5098013687736,0.12343410045436815,1,32.987068170112714,0,0,0
16,stack-pilot-t16-b002,2,182786,1922,1922,25.690950464638377,544.0667955112293,4.4905901584511545,19.332749512594972,1.3097302488440619,0.5578805447480251,3,1511.734193380953,1,1,0
16,stack-pilot-t16-b002,3,643904,6987,6987,112.49090563734792,339.15242640952346,2.720727830752143,63.63244319489272,45.476686078925596,0.6610485327776228,1,160.70650404475376,0,1,0
16,stack-pilot-t16-b002,4,87876,930,930,9.04875190955677,179.57829541305054,9.01319527123179,0.0,0.0,0.03555663832499418,3,14.613809810554057,2,1,0
16,stack-pilot-t16-b002,5,2596,29,29,0.5585413855531902,622.3404529361608,0.010254820229283198,0.3211533048192905,0.0,0.22713326050461624,0,0.0,0,1,0
16,stack-pilot-t16-b002,6,4934,45,45,0.6586317659305334,325.4942043119753,0.2016787573961049,0.15377123707071405,0.0,0.3031817714637145,0,0.0,0,1,0
16,stack-pilot-t16-b002,7,119211,1294,1294,21.23550709493036,369.7178005181668,0.9749130143120818,1.9675549266543158,18.07022332410279,0.22281582986119944,1,25.720122209754322,0,1,0
16,stack-pilot-t16-b002,8,448327,4824,4824,52.12017706195738,831.1670548272546,4.127283934496171,46.972445414024214,0.6021602648579574,0.4182874485789362,3,182.1576582545827,0,1,0
16,stack-pilot-t16-b002,9,8687,98,98,3.68294368278475,230.66645244598612,0.6007069887231554,1.1708109546226524,1.8159189149927784,0.09550682444617234,0,0.0,0,1,0
16,stack-pilot-t16-b002,10,28254,288,288,2.9828026280623785,726.5319850472329,0.2958325266038546,2.6185386031103364,0.0,0.06843149834820046,1,689.9877670367141,0,1,0
16,stack-pilot-t16-b002,11,12149,104,104,2.6260356827154583,282.6604452960508,0.9466164014395957,0.5367875796328008,0.8856446446970949,0.2569870569459657,0,0.0,0,1,0
16,stack-pilot-t16-b002,12,0,0,0,0.0,0.03047530586627545,0.0,0.0,0.0,0.0,0,0.0,2,0,0
16,stack-pilot-t16-b002,13,202645,2123,2123,21.728095783032266,494.9472927673123,0.7781823096628442,20.813949833955753,0.0,0.13596363941343628,3,789.6949402290078,2,1,0
16,stack-pilot-t16-b002,14,206333,2118,2118,22.95933756300933,567.0494106243366,20.829614482141004,1.141445547747253,0.5330573886512866,0.4552201444698567,3,67.39756301523852,0,1,0
16,stack-pilot-t16-b002,15,378663,4139,4139,58.49873833370425,622.6984401187041,0.15265690076668847,56.73814477516116,1.1002769832850965,0.5076596744908819,1,133.2870185034551,0,1,0
16,stack-pilot-t16-b002,16,19176,186,186,7.465306451759384,571.9162246097831,0.0,7.063201434220332,0.14489729787419492,0.2572077196648559,0,0.0,0,1,0
16,stack-pilot-t16-b002,17,172951,1792,1792,24.661322929742354,491.32788467835354,0.5084536071753853,23.508342364557077,0.17302328185542137,0.471503676154533,2,136.5459616712329,1,1,0
16,stack-pilot-t16-b002,18,103117,1086,1086,16.134512775502404,637.5356231589603,0.08632078647557914,15.210608966197903,0.7662310592913855,0.0713519635376766,2,488.5876820263446,0,1,0
16,stack-pilot-t16-b002,19,12237,144,144,2.8695341563360337,324.6258141603778,0.8843104911182087,1.175076401287015,0.5650923676039383,0.24505489632687125,0,0.0,0,1,0
16,stack-pilot-t16-b002,20,30124,296,296,6.048959451890956,436.3680916119257,2.158514872123871,3.178033320420923,0.19838851890017395,0.5140227404460026,0,0.0,1,1,0
16,stack-pilot-t16-b002,21,222124,2333,2333,30.129097488667007,527.2550500748918,1.0104188617378127,28.310357238462196,0.4141548473289731,0.39416654113804295,3,819.1350479371242,1,1,0
16,stack-pilot-t16-b002,22,23463,245,245,7.634627953942061,751.2130879678539,0.8103834087258417,5.800620501527419,0.4546872351420461,0.5689368085467545,0,0.0,1,1,0
16,stack-pilot-t16-b002,23,81959,873,873,12.23138480204933,546.9344091497585,0.08495142223342762,11.814503711780798,0.10666413285616727,0.22526553517891795,1,174.96563625208006,0,1,0
16,stack-pilot-t16-b002,24,344179,3962,3962,38.64103210762918,583.8805485336419,0.5033585972299484,27.2069746510651,10.739910201816723,0.19078865751732016,4,1045.1670759202177,1,1,0
16,stack-pilot-t16-b002,25,61920,664,664,10.926414700549525,643.299706006474,5.2089531341225905,4.28978047512328,0.9976159928732117,0.4300650984304495,0,0.0,1,1,0
16,stack-pilot-t16-b002,26,284103,3049,3049,29.93652620554001,600.1961968478117,20.86266426755825,8.900301693404641,7.711860234849155e-06,0.1735525327167521,7,1277.0220625178258,0,1,0
16,stack-pilot-t16-b002,27,6124,77,77,1.2979950447625903,371.09071323379675,0.0,0.7402528500203971,0.0,0.5577421947421916,0,0.0,1,1,0
16,stack-pilot-t16-b002,28,109315,1129,1129,11.555750036379765,343.8444995364294,1.1462853161272792,10.309833818980762,0.0,0.0996309012716058,2,772.6676498573984,0,1,0
16,stack-pilot-t16-b002,29,145474,1517,1517,18.572284604562864,452.75626704846127,5.590070799523344,0.5366187526536805,12.101238497827016,0.34435655455881525,4,860.0981051907008,0,1,0
16,stack-pilot-t16-b002,30,179099,1883,1883,20.747312116943057,586.4824077199306,0.4856742116704766,19.30825735394829,0.7231046574088396,0.2302758939156044,3,949.3503564858123,0,1,0
16,stack-pilot-t16-b002,31,402160,4328,4328,47.72128620560532,673.1788168459298,0.9344934167912106,27.792626106512664,18.494395642685966,0.4997710396155048,5,629.9604575920229,0,1,0
16,stack-pilot-t16-b002,32,203274,2240,2240,22.864451332555277,734.3079219408161,20.719599904008863,0.46607971410321625,1.5060363543412614,0.17273536010184765,7,350.3890996764028,0,1,0
16,stack-pilot-t16-b002,33,408492,4365,4365,53.70278351932493,374.63535609191507,0.3511547370465836,53.03326961633417,0.0,0.3183591659434922,2,171.64386608689676,1,1,0
16,stack-pilot-t16-b002,34,103485,1070,1070,12.44949448634432,769.2386739646273,1.3422752182564324,9.819208597729325,1.1588907132942616,0.12911995706424537,2,1080.9951252245155,0,1,0
16,stack-pilot-t16-b002,35,280849,3018,3018,43.06205511812208,324.9307312863843,1.4350162056223628,41.1851069634846,0.0,0.44193194901525173,2,143.90040265401524,1,1,0
16,stack-pilot-t16-b002,36,200634,2161,2161,22.273214358952174,664.5988305163148,4.787651208849948,17.291389165612173,0.0,0.1941739844901112,2,99.42978980204305,1,1,0
16,stack-pilot-t16-b002,37,967954,10316,10316,144.55844300108396,393.81312073935067,1.252751216423181,97.68997046897067,45.022162295062145,0.5935590206270595,5,1052.3218475360136,1,1,0
16,stack-pilot-t16-b002,38,435706,4562,4562,59.81118659557548,565.5799465289265,0.8670065240706574,58.50571067869055,0.16101014483501785,0.2774592479792264,3,791.4316156696922,0,1,0
16,stack-pilot-t16-b002,39,72516,799,799,14.831578832025151,404.20693586419185,0.4224712093569766,10.71078410532727,3.3093606367256143,0.3889628806152762,1,338.88833856313425,0,1,0
16,stack-pilot-t16-b002,40,139860,1507,1507,15.202812009723502,465.5370979319478,0.0,14.993705596710328,0.09538744102428609,0.11371897198894504,1,141.4158903495819,0,1,0
16,stack-pilot-t16-b002,41,113660,1163,1163,15.642517458959334,421.91671177172685,0.13295131086593437,13.303466055070711,2.115292639351537,0.09080745367115872,1,146.67381533544116,0,1,0
16,stack-pilot-t16-b002,42,0,0,0,0.0,0.0,0.0,0.0,0.0,0.0,0,0.0,0,0,0
16,stack-pilot-t16-b002,43,6059,62,62,0.7201673491232896,485.5611787276232,0.5032404697213683,0.1050474495252729,0.0,0.11187942987664846,0,0.0,0,1,0
16,stack-pilot-t16-b002,44,62545,642,642,11.592270168863065,685.2226787300004,1.2006023432961919,6.888061756004712,2.8952203887056385,0.6083856808565641,2,409.4656091946719,2,1,0
16,stack-pilot-t16-b002,45,60169,629,629,8.37233783455002,453.3492849119971,0.1652467804456891,7.7083148380466495,0.2023947005145601,0.2963815155431166,1,491.4451356601001,0,1,0
16,stack-pilot-t16-b002,46,364547,3974,3974,59.515913302385044,5.27286741723921,0.0,49.62032247375529,9.74959226849624,0.14599856013357201,0,0.0,1,0,0
16,stack-pilot-t16-b002,47,198480,2143,2143,25.76607191603843,519.9514872053257,1.1768406328034453,2.0231044789687758,22.195795386588227,0.3703314176779331,1,21.584517597839433,0,1,0
16,stack-pilot-t16-b002,48,0,0,0,0.0,0.002842098052497022,0.0,0.0,0.0,0.0,0,0.0,2,0,0
16,stack-pilot-t16-b002,49,82383,918,918,13.163355787447319,534.5212596803077,6.197654886248581,5.782584126997222,1.022493872423277,0.1606229017782445,1,56.84931908599486,0,1,0
16,stack-pilot-t16-b002,50,426407,4537,4537,57.27938799706631,722.6420988925112,0.0,46.02688420446926,10.891559304179024,0.3609444884186011,3,199.54185642093745,0,1,0
16,stack-pilot-t16-b002,51,19773,216,216,2.400209531765021,572.5418340283494,2.0063055919591766,0.3346080551684736,0.0,0.05929588463736653,1,0.07863119358561278,0,1,0
16,stack-pilot-t16-b002,52,6249,56,56,1.5501874789271672,552.0736469678986,0.48787478679319224,0.9573349282535446,0.0,0.10497776388042791,1,0.056267945886108006,0,1,0
16,stack-pilot-t16-b002,53,365845,3937,3937,44.59732659999715,447.9228933787532,0.0,43.55253338174538,0.7867868111334246,0.2580064071180912,3,150.46887406656708,0,1,0
16,stack-pilot-t16-b002,54,163299,1651,1651,17.80490056595968,584.9225341357217,2.2956530864971216,15.388541594118204,3.479800761851948e-05,0.12067108733673114,1,117.3403133900793,0,1,0
16,stack-pilot-t16-b002,55,162506,1731,1731,21.16073471490662,820.8417419836519,14.640067009491059,6.324482033551362,0.00044968256224819925,0.19573598930208136,3,92.22494804264713,0,1,0
16,stack-pilot-t16-b002,56,365864,3873,3873,50.01923950273743,678.2437245184177,0.7966988983392691,48.699640865479815,0.14367976530229498,0.3792199736158946,3,675.7746026709061,0,1,0
16,stack-pilot-t16-b002,57,25888,256,256,3.4363492244433465,464.2228996196938,2.43958334034625,0.622494103438612,0.24820887651690826,0.12606290414159188,0,0.0,0,1,0
16,stack-pilot-t16-b002,58,61249,664,664,15.511275785870847,466.26979507550004,1.8144062980668003,10.126821170847279,3.5451296967075048,0.02491862024929219,1,2.692811231436909,0,1,0
16,stack-pilot-t16-b002,59,77502,900,900,8.958648103839431,677.5301028181002,0.34194556582175106,4.517434299358451,3.929594400313998,0.1696738383452863,2,499.27592220667026,0,1,0
16,stack-pilot-t16-b002,60,190972,2051,2051,27.7120902224313,754.64494628691,1.326187118712418,25.667254668075525,0.12061871876903751,0.5980297168745989,2,691.6050428300516,0,1,0
16,stack-pilot-t16-b002,61,2399,35,35,0.5607072271082252,313.9844135568283,0.011056992774949315,0.26384427121513454,0.07232880026458588,0.2134771628535553,0,0.0,0,1,0
16,stack-pilot-t16-b002,62,443989,5635,5635,48.99250889980381,843.9866574227299,2.3444191000300534,46.17454107913011,0.15985303036177356,0.3136956902819788,8,4925.244163055395,0,1,0
16,stack-pilot-t16-b002,63,308523,3258,3258,39.68079009233525,105.15755059542349,10.784179514713964,27.27270586279858,1.4999831197375357,0.12392159508513755,3,245.13995374099875,0,0,0
16,stack-pilot-t16-b002,64,226343,2465,2465,25.663908980484997,606.4917470780019,9.452652955195788,16.120221261602158,0.0,0.09103476368705829,4,164.56001560647087,1,1,0
16,stack-pilot-t16-b002,65,136976,1574,1574,15.710931313889809,445.5998410064834,13.466913448304505,1.749977656182864,0.0,0.4940402094024733,2,38.77637921140375,0,1,0
16,stack-pilot-t16-b002,66,18767,195,195,7.676348012619734,198.92674299603593,0.17851467712617497,7.304707776904821,0.0,0.19312555858872213,0,0.0,0,1,0
16,stack-pilot-t16-b002,67,21511,237,237,5.104752939965249,603.3016625525514,1.61821308626521,2.1543904387218618,1.0466823954053388,0.2854670195728353,0,0.0,0,1,0
16,stack-pilot-t16-b002,68,119044,1265,1265,18.835921052248903,410.25115463983377,4.5994248846658,12.67903606664811,1.2137974255208661,0.34366267541400464,2,325.1520732557568,0,1,0
16,stack-pilot-t16-b002,69,394707,4262,4262,45.417748036548964,668.5904824506127,1.8216893516050825,38.58512714842886,4.709816818038114,0.301114718477305,5,1247.1934527802377,0,1,0
16,stack-pilot-t16-b002,70,471180,5034,5034,63.08256607510178,615.7162236893572,0.3307882263530661,62.140254270579824,0.0,0.6115235781692089,2,328.89725901980995,0,1,0
16,stack-pilot-t16-b002,71,71829,758,758,9.085871041926112,488.51491066841965,0.60280791281714,8.279144881606427,0.08399007615480514,0.11992817134767969,1,351.7878443394101,0,1,0
16,stack-pilot-t16-b002,72,58986,668,668,16.682842972023035,543.9162774105681,2.0986287857546904,6.901596746428822,7.073909581582004,0.6087078582575114,1,88.16340117613485,0,1,0
16,stack-pilot-t16-b002,73,92107,976,976,14.048260229692417,904.0265758307382,1.0343880401753138,11.069909641843621,1.7011910175732083,0.24277153010026234,2,1465.364384203731,0,1,0
16,stack-pilot-t16-b002,74,0,0,0,0.0,0.0,0.0,0.0,0.0,0.0,0,0.0,0,0,0
16,stack-pilot-t16-b002,75,449235,4803,4803,54.799483573076124,557.7931687690174,23.277410595095024,31.031116624297216,0.0885069498726807,0.40244940381100436,8,1502.993151479535,0,1,0
16,stack-pilot-t16-b002,76,75866,762,762,9.046624014441512,562.9362195849275,1.3914592093839764,7.42450610816498,0.09562753513819189,0.1350311617543847,1,342.7725413090471,0,1,0
16,stack-pilot-t16-b002,77,2538,27,27,1.2846914064208468,451.0374627143433,0.10416134738424582,1.1521779347225447,0.0,0.02835212431405662,1,0.08906379824301844,1,1,0
16,stack-pilot-t16-b002,78,34438,372,372,5.319809369307545,88.78388363902982,0.33922935197575,2.0210042259944885,2.732664832458925,0.22691095887836651,1,348.7957036408986,1,1,0
16,stack-pilot-t16-b002,79,642151,6826,6826,112.80594480458652,325.64801622579876,1.3033508207400888,72.41367457437329,38.734436230064986,0.3544831794085741,3,956.0655503853798,1,0,0
16,stack-pilot-t16-b002,80,85713,915,915,11.15342968899943,462.84905959452465,2.8429722530188593,2.600028372082761,5.567463280309343,0.14296578358843234,1,328.6638638678564,1,1,0
16,stack-pilot-t16-b002,81,67465,698,698,19.001634237134205,429.44119442302417,5.276462943865252,7.899618506807769,5.29554986427466,0.5300029221864982,1,0.9809082512486691,1,1,0
16,stack-pilot-t16-b002,82,0,0,0,0.0,0.05457353591918945,0.0,0.0,0.0,0.0,0,0.0,1,0,0
16,stack-pilot-t16-b002,83,15708,163,163,3.15568678307937,639.8978317596764,0.9311002296091639,1.612045927299505,0.08554562342942518,0.5269950027412734,0,0.0,0,1,0
16,stack-pilot-t16-b002,84,41522,426,426,5.932236098257285,143.29732707111833,0.10546587901250974,5.69741524820022,0.0,0.12935497104452728,1,729.1740551683785,1,1,0
16,stack-pilot-t16-b002,85,0,0,0,0.0,0.09586456184479175,0.0,0.0,0.0,0.0,0,0.0,2,0,0
16,stack-pilot-t16-b002,86,81307,859,859,10.415371724502377,650.3596895870719,1.446062613020692,8.750904796410731,0.09928339387442975,0.11912092119657937,2,352.8079051852076,0,1,0
16,stack-pilot-t16-b002,87,281013,2974,2974,37.34872904271642,718.3209446252029,0.5625154330473427,35.82300782024744,0.3310024504753528,0.6322033389464998,4,1946.6874382327837,1,1,0
16,stack-pilot-t16-b002,88,217989,2553,2553,34.15157486023127,709.6989726041245,0.13675444929151045,33.64253720362893,0.10102314823961933,0.27126005907114487,1,32.623265373617485,0,1,0
16,stack-pilot-t16-b002,89,135946,1380,1380,16.51001653791258,546.0134076254382,0.33661862579074386,15.887959522366689,0.0,0.285438389755104,2,529.181446603954,0,1,0
16,stack-pilot-t16-b002,90,35074,359,359,6.249368086814753,356.29052704231435,2.8396019819952176,2.4804944282183214,0.5289547203374241,0.4003169562638076,1,6.046690052041644,1,1,0
16,stack-pilot-t16-b002,91,167987,1818,1818,20.043013837127386,196.35537984954365,0.34993403944897794,13.830116958800009,5.795110975855167,0.06785186302328322,2,526.9957443713424,2,0,0
16,stack-pilot-t16-b002,92,24802,260,260,5.052052869436576,667.1373636130927,1.5926869473322438,3.3377050726111293,0.0,0.12166084949319256,1,1.1478381940022941,0,1,0
16,stack-pilot-t16-b002,93,134303,1500,1500,15.540900213643946,387.13042568400607,0.20755227103749385,15.060809136303217,0.11019769520680711,0.1623411110964073,1,115.76442965952053,0,1,0
16,stack-pilot-t16-b002,94,370171,4065,4065,48.38752502210517,741.1439372714311,5.655438790638633,30.412840287159657,11.936539606583306,0.38270633772361895,4,369.2094464674254,0,1,0
16,stack-pilot-t16-b002,95,136490,1410,1410,14.201536799627334,660.6584213568726,14.145913150051248,0.0,0.0,0.055623649576052966,6,131.1213784310669,0,1,0
16,stack-pilot-t16-b002,96,163238,1793,1793,17.030724360232387,228.52123615773343,3.418014990221705,13.490455484320336,0.0,0.12225388569038055,4,3240.157839016825,0,1,0
16,stack-pilot-t16-b002,97,335778,3823,3823,39.97404058717985,560.8114452819884,0.5552296387465661,37.9339431268769,1.19874973057631,0.2861180909801773,3,718.5670969131203,0,1,0
16,stack-pilot-t16-b002,98,67911,737,737,33.94838758360882,632.3012661645529,0.7240649989455558,1.30866967743134,31.47530222379025,0.44035068344167405,2,728.2072476683661,2,1,0
16,stack-pilot-t16-b002,99,202775,2235,2235,52.30668920439661,421.0430510315317,0.3401758348151013,34.45218109546656,17.178666931706175,0.33566534240816176,1,297.4573853115624,1,0,0
16,stack-pilot-t16-b003,0,194671,2076,2076,23.077229633985326,375.62076003402797,0.0,22.63454853745556,0.08339483168310835,0.3592862648468011,1,73.33283551212475,0,1,0
16,stack-pilot-t16-b003,1,90657,984,984,10.221885978625405,423.9251174960894,0.8785359959998232,8.930593385174308,0.32368759882047016,0.08906899863082654,3,1319.6300801972452,1,1,0
16,stack-pilot-t16-b003,2,76742,786,786,8.83307847682901,116.03358246268158,0.6311638435971438,0.8225337956478143,7.305571699980671,0.0738091376033998,1,54.72129631531434,2,1,0
16,stack-pilot-t16-b003,3,497592,5339,5339,64.89603982155937,440.7995723572438,14.764366256254512,49.93038689912757,0.0,0.20128666617692514,5,85.12505749998397,0,1,0
16,stack-pilot-t16-b003,4,402478,4345,4345,54.35666160132806,702.892870007167,0.10742808322200126,53.91429608205296,0.0,0.3349374360528067,3,1463.7501863401726,0,1,0
16,stack-pilot-t16-b003,5,169932,1846,1846,20.16065440104462,580.554348105428,0.8354296795817897,10.737199658627077,8.322371380134356,0.26565368270144274,3,722.5255622787696,0,1,0
16,stack-pilot-t16-b003,6,236211,2407,2407,25.195349158316805,585.3467515891676,0.33899598608475967,24.739029397494345,0.0,0.11732377473738559,7,5154.550325194782,0,1,0
16,stack-pilot-t16-b003,7,21478,230,230,7.324971020271539,542.0649937342522,0.45124833584372526,6.388918250939355,0.29476401859632395,0.19004041489213605,0,0.0,0,1,0
16,stack-pilot-t16-b003,8,233266,2561,2561,26.42966611861879,638.3453075803372,3.179328080052789,22.934568334837042,0.0004455776961549418,0.31532412603295656,4,755.1275570148305,0,1,0
16,stack-pilot-t16-b003,9,242396,2508,2508,25.19606463669453,730.8580836766871,1.445695501609704,18.06512102805822,5.5884512064095855,0.09679690061706508,5,2678.4658702289075,0,1,0
16,stack-pilot-t16-b003,10,49482,516,516,12.177739629731365,197.91133378343577,0.15442901466687933,7.806333477981195,4.196996259962189,0.019980877121044852,0,0.0,1,0,0
16,stack-pilot-t16-b003,11,946,10,10,0.7503993871470485,45.27413833416413,0.03071542259969169,0.22956011120368203,0.43755135551873536,0.05257249782493929,0,0.0,2,1,0
16,stack-pilot-t16-b003,12,193013,2064,2064,21.077481596218348,790.1049411352712,5.776726149463258,15.126292478596568,0.0,0.17446296815858597,2,377.0518720668039,0,1,0
16,stack-pilot-t16-b003,13,32358,348,348,5.435882165355693,637.1186613334148,2.57830369060451,2.3182724467050093,0.08123154761960905,0.4580744804265635,0,0.0,3,1,0
16,stack-pilot-t16-b003,14,588,8,8,0.32133348226317404,590.940123422431,0.0,0.2903127277704698,0.0,0.031020754492704212,0,0.0,0,1,0
16,stack-pilot-t16-b003,15,0,0,0,0.0,0.03911015557969222,0.0,0.0,0.0,0.0,0,0.0,1,0,0
16,stack-pilot-t16-b003,16,334721,4494,4494,37.49007284090096,844.3300242815965,2.024813662470527,29.803407942178495,5.482521120607258,0.17933011564463025,3,999.4539492489924,0,0,0
16,stack-pilot-t16-b003,17,0,0,0,0.0,0.2150804708726355,0.0,0.0,0.0,0.0,0,0.0,2,0,0
16,stack-pilot-t16-b003,18,211506,2193,2193,22.78212594888533,704.5711193744099,10.0437842968381,12.277556884820228,0.0,0.4607847672268218,4,482.3028454018626,0,1,0
16,stack-pilot-t16-b003,19,478900,5177,5177,57.13144482985818,691.2885339932992,13.80474926738775,41.098502936335294,2.03625595095545,0.19193667517972413,7,866.3843661934543,2,1,0
16,stack-pilot-t16-b003,20,297467,3126,3126,32.019054368429295,824.1233275631354,0.34147928124841403,31.321431400002204,0.23642072624352295,0.11972296093562,3,823.1976470901401,1,1,0
16,stack-pilot-t16-b003,21,21244,221,221,3.7004262032560127,506.6714724889404,1.6166001497494817,1.503282731672357,0.12257517756188463,0.4579681442722908,1,1.5536626451335243,0,1,0
16,stack-pilot-t16-b003,22,120196,1306,1306,22.68786149799335,742.7117770611047,1.064253729289224,17.97475376660969,3.4529096417439726,0.19594436035052576,2,122.07814034518316,0,1,0
16,stack-pilot-t16-b003,23,199955,2416,2416,23.200463896330483,763.0590138889514,10.856697503471766,11.845612365789654,0.3973826389410533,0.10077138812822223,3,229.9001820180245,0,1,0
16,stack-pilot-t16-b003,24,105595,1084,1084,12.532826771315644,250.0461068204268,1.5090884942614555,10.42742613957433,0.269879484507328,0.32643265297252716,2,1073.0475627441801,3,1,0
16,stack-pilot-t16-b003,25,80430,924,924,8.300350853213445,179.5087036002567,0.7625813301363081,7.505467724668559,0.0,0.03230179840858245,3,2433.245795661157,2,1,0
16,stack-pilot-t16-b003,26,0,0,0,0.0,0.13330512098764302,0.0,0.0,0.0,0.0,0,0.0,2,0,0
16,stack-pilot-t16-b003,27,198480,2064,2064,23.283691467208936,533.3058214191183,0.040323150832556526,22.8232582256418,0.13829196509323083,0.2818181256413568,3,632.5395459542752,0,1,0
16,stack-pilot-t16-b003,28,70892,773,773,9.633024917399682,473.6619894367996,6.83951164443496,2.2886616301350386,0.20533883567804878,0.2995128071516387,1,0.9067220591235967,0,1,0
16,stack-pilot-t16-b003,29,1219514,13193,13193,161.84063724743874,501.7131302705651,10.209069864089756,123.46723507087394,27.516990345254484,0.6473419672186439,3,51.683127471370184,0,1,0
16,stack-pilot-t16-b003,30,306060,3135,3135,38.3507838024075,613.8959157199331,0.22829818852603573,36.55691913992512,1.1489316404822603,0.4166348334737794,1,75.38279897312852,0,1,0
16,stack-pilot-t16-b003,31,7851,79,79,6.167492396341319,422.44779632392977,0.20940133996854926,3.4903967186338605,2.33906630870407,0.12862802903481926,0,0.0,1,1,0
16,stack-pilot-t16-b003,32,103673,1162,1162,15.945908583798378,495.026152169971,0.331993278694342,15.508271252402743,0.0,0.10564405270125092,2,268.6002198006173,0,1,0
16,stack-pilot-t16-b003,33,175287,1833,1833,24.8314965853022,602.417353550243,2.4696224741017994,16.97689276721131,5.31408710434954,0.07089423963945886,4,3144.447480047141,0,0,0
16,stack-pilot-t16-b003,34,285366,2990,2990,32.410452453188675,570.4920271425628,1.9605422949902622,30.13269576960705,0.0,0.3172143885912419,2,337.2632159944551,0,1,0
16,stack-pilot-t16-b003,35,245599,2680,2680,28.812367743095262,582.5380045224284,0.45704550712960035,27.842982967953784,0.37573419005275355,0.13660507795912405,2,296.3801462766445,1,1,0
16,stack-pilot-t16-b003,36,450265,5038,5038,69.13062041237337,569.3762394865423,4.546547809356827,60.0850363191126,4.053172585101734,0.445863698802699,2,54.287417166408275,1,1,0
16,stack-pilot-t16-b003,37,336664,3636,3636,36.898493738047115,710.1995288155375,8.796184172310138,12.243012977808679,15.646397025980251,0.21289956194831314,4,325.2498801202464,0,1,0
16,stack-pilot-t16-b003,38,490935,5098,5098,58.15915957894173,548.6558569614059,0.49013781447634824,56.98846619828702,0.11583188208533102,0.5647236840933555,4,729.0290007450568,0,1,0
16,stack-pilot-t16-b003,39,82696,904,904,14.47968133655447,686.7549986579813,0.10325960646404203,13.813826038195964,0.0,0.5625956918944481,2,1155.9313661819087,1,1,0
16,stack-pilot-t16-b003,40,144083,1497,1497,18.389474749991464,610.9475467345811,3.558991909272876,14.015202214366552,0.32657150271006685,0.4887091236419351,1,159.87062180391632,0,1,0
16,stack-pilot-t16-b003,41,76899,824,824,8.853365025877475,466.7682553265855,0.3478517094977916,0.6665250999097907,7.779074321564227,0.05991389490564952,1,41.21361475317548,1,1,0
16,stack-pilot-t16-b003,42,133191,1420,1420,17.191563050395366,703.1311433166663,0.2797169007220892,16.25123034706457,0.2067165102544095,0.45389929235440035,2,766.7314358982019,0,1,0
16,stack-pilot-t16-b003,43,82764,843,843,8.905143644235258,625.7233324606467,8.201422277057883,0.4295868175722717,0.0,0.27413454960510164,2,21.12646095327308,2,1,0
16,stack-pilot-t16-b003,44,250524,2629,2629,29.71872065549402,803.1377748466064,24.816023941986675,4.138549588695128,0.2532810475656788,0.5108660772466069,5,215.12880778447703,2,1,0
16,stack-pilot-t16-b003,45,533740,5723,5723,71.14843628668447,699.8924148133161,9.16838550638134,42.017260615446496,19.467663412110227,0.4951267527460379,7,3128.55866874272,1,0,0
16,stack-pilot-t16-b003,46,21882,242,242,6.292866030593527,478.6231486277579,0.8911990033779823,4.969645007602594,0.0012612214907221642,0.4307607981222291,1,0.07858193666908518,0,1,0
16,stack-pilot-t16-b003,47,394004,4155,4155,54.641336614974975,374.516854222545,0.34323719615133613,45.936280947202974,8.173613727006945,0.18820474461349246,2,178.2899008293369,0,1,0
16,stack-pilot-t16-b003,48,214858,2460,2460,22.670670334242196,421.20645285836946,11.53404059876546,10.76133591005967,0.07352699503462645,0.30176683038279506,4,654.0754802169436,0,1,0
16,stack-pilot-t16-b003,49,14930,174,174,10.431290917338249,699.1106613166053,0.49331956748589906,4.195246804698286,5.386981794605783,0.35574275054827903,1,0.047851784757287,1,1,0
16,stack-pilot-t16-b003,50,540636,5778,5778,67.11645807280912,662.2561868067932,0.7701754907801804,33.6349444959021,32.179055029639294,0.5322830564873955,4,716.7870381330383,0,1,0
16,stack-pilot-t16-b003,51,127722,1303,1303,16.304993234148327,741.3169238262543,1.8770287053145394,13.960967916044547,0.14636967421029112,0.32062693857891394,1,169.56662571938904,0,1,0
16,stack-pilot-t16-b003,52,331,3,3,0.7510413065693403,0.05579380764538655,0.0,0.0,0.7508632942572149,0.0001780123121255892,0,0.0,1,0,0
16,stack-pilot-t16-b003,53,33351,327,327,10.222359632351703,273.0292452758475,0.8871421547451327,8.458314429791926,0.27613171007214987,0.6007713377424825,1,0.4179210157476857,0,1,0
16,stack-pilot-t16-b003,54,246298,2618,2618,27.138858869109583,613.6740912483233,1.2475522092517333,20.37138505695955,5.289649181712377,0.23027242118604885,4,794.1084837388046,0,1,0
16,stack-pilot-t16-b003,55,176743,1812,1812,21.059094605993817,183.83482578723957,0.15157061533645702,20.659842904380564,0.07550072276717401,0.17218036350968946,1,61.60970258499479,1,1,0
16,stack-pilot-t16-b003,56,412068,4378,4378,42.751596985453844,550.0175742723546,3.9976466076222748,38.58753894659987,0.0,0.1664114312316849,10,6975.2309616109615,0,1,0
16,stack-pilot-t16-b003,57,523663,5703,5703,65.07234799815794,636.0667507635708,17.522582203973318,42.41316298415398,4.601724343993867,0.534878466036965,4,550.5353774078385,1,1,0
16,stack-pilot-t16-b003,58,98983,1083,1083,15.342480064562663,421.1296362280918,0.7449860125912859,14.05384466947833,0.11909090250264853,0.4245584799903583,1,169.4370934485961,1,1,0
16,stack-pilot-t16-b003,59,190671,1985,1985,29.76884095868604,500.8685407090821,0.20631546283441257,26.78951587046484,2.5472801240547396,0.2257295013319448,2,164.8393776597697,0,1,0
16,stack-pilot-t16-b003,60,147237,1564,1564,18.5432196863768,425.93026345309715,0.44848037397401763,16.920960449583163,1.008619264540556,0.16515959827920676,2,458.739349677063,0,1,0
16,stack-pilot-t16-b003,61,262681,2707,2707,30.736486118869102,450.84043170071334,0.5089998895831944,27.954089136542056,2.0103205460309255,0.2630765467131868,5,1880.9647394591873,1,1,0
16,stack-pilot-t16-b003,62,630,7,7,0.5790208874920708,459.264404754436,0.0,0.0,0.5454207935035811,0.0336000939884898,0,0.0,0,1,0
16,stack-pilot-t16-b003,63,82542,878,878,11.080122028847235,703.9363994921042,2.9979352915538793,1.7741254192470706,5.71816163541293,0.5898996826333717,1,444.879863261848,0,1,0
16,stack-pilot-t16-b003,64,507403,5346,5346,63.931498187875064,408.00905364119455,0.93775346231353,44.93908542854986,17.507532102617883,0.5471271943948834,4,188.85329952559027,0,1,0
16,stack-pilot-t16-b003,65,56170,639,639,9.1030078262057,230.37874249534153,5.061868932401191,3.691500599935239,0.0,0.3496382938692793,2,1.5569697008290093,0,1,0
16,stack-pilot-t16-b003,66,148241,1505,1505,16.202786582318563,423.3618256409987,3.069358133942655,12.96352956371863,0.0,0.16989888465727215,3,2185.0730946506806,2,1,0
16,stack-pilot-t16-b003,67,146158,1590,1590,16.521207921838784,599.0845368975225,0.0,16.154273909126097,0.15940673487966706,0.20752727783311586,1,86.9405929825989,1,1,0
16,stack-pilot-t16-b003,68,193564,1925,1925,21.457317936114404,821.75150791029,1.2330707673189076,19.5405347979355,0.27712155687549966,0.40659081398453617,3,913.3029292339506,0,1,0
16,stack-pilot-t16-b003,69,3718,38,38,0.3869027014113354,293.8877077973073,0.38539365627579314,0.0,0.0,0.00150904513554203,0,0.0,0,1,0
16,stack-pilot-t16-b003,70,234001,2447,2447,29.350926293705907,685.4612288185132,1.8771298950894209,26.85049880310216,0.2571999160354608,0.36609767947897315,4,700.7113542278398,0,1,0
16,stack-pilot-t16-b003,71,370271,3926,3926,44.30172956309132,557.5782795856778,0.033702137410776795,42.899072283524404,1.210622725811214,0.15833241634503306,3,556.0031985415209,0,1,0
16,stack-pilot-t16-b003,72,227810,2395,2395,24.646490325800002,768.5018745980052,11.144910792720623,13.19538806037095,0.09478449869675387,0.21140697401176714,4,803.8448884275284,0,1,0
16,stack-pilot-t16-b003,73,46010,469,469,6.0477972631285954,496.20873501885757,0.4828034058436339,1.5809822181050777,3.929120868305553,0.05489077087431394,1,161.79407354589551,0,1,0
16,stack-pilot-t16-b003,74,553804,6053,6053,87.05840712901443,620.3402393480918,0.38022565715602824,63.86745615882584,22.360733234103705,0.4499920789292228,2,223.49505898574972,0,1,0
16,stack-pilot-t16-b003,75,156792,1619,1619,23.962140951654167,474.7418254494247,15.560590473656413,0.9206409240631501,7.21501635915299,0.26589319478172924,3,203.1851978075834,1,0,0
16,stack-pilot-t16-b003,76,33538,366,366,4.312237600529677,502.51349055085666,2.7909381785999012,0.9558876089877231,0.0,0.56541181294204,0,0.0,2,1,0
16,stack-pilot-t16-b003,77,15556,170,170,2.1489798366610944,601.7980496347909,0.8739758497786738,0.948010112241554,0.15151963744210661,0.17547423719875796,1,371.6247297371321,0,1,0
16,stack-pilot-t16-b003,78,59013,635,635,7.814672097891133,539.8257054005055,1.727025880130023,1.918101075855816,4.07077600443993,0.0987691374653149,1,453.116925954153,0,1,0
16,stack-pilot-t16-b003,79,158455,1656,1656,17.67582729930759,733.3170012139725,1.475588845234697,15.898171511611336,0.15553452483982255,0.1465324176217628,2,450.7769508424149,0,1,0
16,stack-pilot-t16-b003,80,12019,117,117,6.363264226595812,379.98428640807856,0.0,6.05996574524363,0.0,0.3032984813521832,0,0.0,1,1,0
16,stack-pilot-t16-b003,81,64664,741,741,8.41928533470712,236.543221795364,2.0266942084338226,6.218463572725246,0.0,0.17412755354805712,1,508.26336793512047,2,1,0
16,stack-pilot-t16-b003,82,49271,503,503,6.2440786632948635,369.2220569098286,1.2239020696157432,0.5225680457082262,4.3687422223169925,0.12886632565392597,2,144.58070981418777,0,1,0
16,stack-pilot-t16-b003,83,327904,3404,3404,47.675059073806274,670.7534443398473,1.2101111999991485,27.885301116809988,18.35084902462142,0.22879773237605472,6,1608.5317875732958,0,1,0
16,stack-pilot-t16-b003,84,225482,2436,2436,37.46784508321507,618.0935989097036,0.4540265185261983,36.44028417507252,0.1815169224919373,0.3920174671243394,2,36.92661813221354,0,1,0
16,stack-pilot-t16-b003,85,52671,536,536,6.640420915428325,536.3524273957303,0.571726635194278,1.1701864518806815,4.5679375662422785,0.3305702621110725,1,185.5625886619946,0,1,0
16,stack-pilot-t16-b003,86,589082,6527,6527,67.16647379883172,221.90866217235455,1.9641660136658314,43.05243418935939,21.75996148006101,0.38991211574508405,3,122.49975399449416,1,1,0
16,stack-pilot-t16-b003,87,10946,107,107,4.852330978708078,352.481423744984,0.10352311304497715,4.318207664387273,0.0,0.43060020127581955,0,0.0,0,1,0
16,stack-pilot-t16-b003,88,525458,5478,5478,79.10783276275562,507.6202198361769,7.5332109515172965,69.09016861340731,1.8478782713511945,0.6365749264795616,5,269.5587492966069,0,1,0
16,stack-pilot-t16-b003,89,122192,1233,1233,14.189649051746894,734.451746478988,1.6369860662157891,11.950968074931232,0.39983075354575703,0.2018641570541465,3,1801.9412549883548,0,1,0
16,stack-pilot-t16-b003,90,250353,2636,2636,32.08884468461475,657.500551448321,0.7107039281827926,22.180550426380822,8.920021379436282,0.27756895061467285,2,633.0697211755414,1,0,0
16,stack-pilot-t16-b003,91,146536,1601,1601,16.797775426217576,572.0053760439101,0.14771616522772327,16.545238489998187,0.0,0.10482077099166191,2,409.1374809257901,0,1,0
16,stack-pilot-t16-b003,92,375686,4046,4046,62.91661861292535,472.71501409830114,1.656386274726871,38.29210118224622,22.816726757154537,0.15140439879743156,3,917.6969564840209,2,1,0
16,stack-pilot-t16-b003,93,56137,660,660,20.96196935453874,546.4041017545336,0.017284296046731266,16.172761774608148,4.3916869769236655,0.3802363069601978,0,0.0,0,1,0
16,stack-pilot-t16-b003,94,266201,2787,2787,30.451350360027934,773.0752553569448,0.3336574668413008,29.001550521330774,0.8709502308865922,0.24519214096955752,3,591.8110491057612,0,1,0
16,stack-pilot-t16-b003,95,124772,1332,1332,14.610304207027161,739.648439331492,0.5291807454836922,13.347970968352868,0.49926740816954407,0.23388508502100952,3,639.6014211485419,1,1,0
16,stack-pilot-t16-b003,96,259737,2673,2673,37.97048240561337,464.0014138669427,21.547071548633916,13.11621324210955,2.650061312922844,0.6571363019469743,6,172.31051148267875,1,1,0
16,stack-pilot-t16-b003,97,410990,4396,4396,57.94839833211408,426.5004121466571,0.46255802366440824,56.67742659056519,0.31437909419400967,0.49403462369012485,1,40.22612185760299,0,1,0
16,stack-pilot-t16-b003,98,327361,3415,3415,35.08021789538444,706.8460164942894,1.8889434670900336,24.915835476701965,8.075889007332965,0.19954994425960862,4,1104.5162734057194,0,1,0
16,stack-pilot-t16-b003,99,116059,1218,1218,15.759917921327263,578.528879388086,1.3050402439636561,13.06601764162702,0.9523251171340235,0.4365349186025518,1,165.9600549404057,0,1,0
20,stack-pilot-t20-b000,0,258181,2410,2410,33.88034194759575,795.872171846825,12.257317920600638,20.503153881720966,0.7147054616725654,0.405164683601949,4,305.34413286324263,0,1,0
20,stack-pilot-t20-b000,1,13692,116,116,3.586851382686044,545.3107934214178,1.0767481535352574,1.9203381624726035,0.4812309361877851,0.10853413049039926,0,0.0,0,1,0
20,stack-pilot-t20-b000,2,353306,3407,3407,43.562766269658034,610.8271580044091,0.614516266795848,29.466410253938783,12.751382929400247,0.730456819522695,4,1170.126851555981,0,1,0
20,stack-pilot-t20-b000,3,170570,1592,1592,20.179805325551342,401.23035242295043,0.05000218770101924,19.454938903825166,0.07407589777540124,0.600788336249747,1,100.52042660532862,0,1,0
20,stack-pilot-t20-b000,4,0,0,0,0.0,0.00761520193918841,0.0,0.0,0.0,0.0,0,0.0,1,0,0
20,stack-pilot-t20-b000,5,11387,111,111,3.252369940858045,290.2417889847807,0.7154703337303091,1.1259505814233535,1.0493939694970322,0.36155505620735084,0,0.0,0,1,0
20,stack-pilot-t20-b000,6,57728,594,594,7.907447507287718,546.7520985622007,1.1118585823629619,1.9808455533488996,4.604162063599161,0.2105813079767417,2,376.77990679020473,1,1,0
20,stack-pilot-t20-b000,7,15053,133,133,3.453301668310417,438.8605268759337,0.9869539165890638,2.058107859169354,0.0,0.4082398925520006,0,0.0,0,1,0
20,stack-pilot-t20-b000,8,0,0,0,0.0,0.0,0.0,0.0,0.0,0.0,0,0.0,0,0,0
20,stack-pilot-t20-b000,9,148599,1409,1409,17.780042629397457,742.1463051308475,0.3063845924710432,16.748154744059093,0.4251053498555848,0.3003979430116916,2,304.88865081051864,0,1,0
20,stack-pilot-t20-b000,10,116448,1073,1073,16.570707045464616,615.6993062082503,11.177473707151151,3.3883724505291184,1.6394798011588136,0.36538108662551694,2,77.09590325308574,0,1,0
20,stack-pilot-t20-b000,11,269211,2533,2533,39.48270929193212,679.002381027431,2.88044223778131,21.61716906163361,14.86443840256671,0.1206595899506858,3,1046.6666842253887,0,1,0
20,stack-pilot-t20-b000,12,0,0,0,0.0,0.026396342866064515,0.0,0.0,0.0,0.0,0,0.0,1,0,0
20,stack-pilot-t20-b000,13,155257,1420,1420,24.114493505590605,571.9859655539143,10.944440459930362,12.7877365750237,0.07440817536371469,0.3079082952729669,2,35.92748439706705,0,1,0
20,stack-pilot-t20-b000,14,292751,2838,2838,37.26390981947036,613.5123930937717,3.0084477135891734,16.713057716875554,17.077310444592037,0.4650939444138419,5,1698.8706813921424,0,1,0
20,stack-pilot-t20-b000,15,147149,1409,1409,17.16072460215941,439.2340298227751,0.8160928213634931,15.34790343749454,0.8564007904769824,0.1403275528245035,3,1586.7646674658222,0,1,0
20,stack-pilot-t20-b000,16,172091,1670,1670,20.140651776820867,680.5667302681785,2.8046121182466646,16.167692920034053,0.6207166098174639,0.5476301287226064,2,163.38197975782484,0,1,0
20,stack-pilot-t20-b000,17,290767,2749,2749,31.816728860651285,866.5677242418324,20.34928538646424,11.218842004716944,0.0,0.2486014694700479,6,329.7644439600224,0,1,0
20,stack-pilot-t20-b000,18,202897,2548,2548,25.148951147774973,846.6125201983701,1.1659850289652485,22.879315788404753,0.9647210554476848,0.13892927495704185,1,127.7577083398379,0,0,0
20,stack-pilot-t20-b000,19,10392,102,102,4.420649764744561,530.5676622337255,0.05244105011154232,3.5740583558995236,0.42537770741000713,0.3687726513234798,0,0.0,0,1,0
20,stack-pilot-t20-b000,20,187198,1737,1737,25.89482553619147,617.4946439454058,2.827925488825311,22.50839605467324,0.4371573436437757,0.12134664904907827,3,1268.8573100644544,0,1,0
20,stack-pilot-t20-b000,21,534355,5098,5098,76.98389107228763,730.3593270057747,5.032789554758262,31.48975779749451,39.623829534389536,0.8375141856449153,6,1126.6548283143436,1,1,0
20,stack-pilot-t20-b000,22,2485,22,22,0.8909262794851138,566.3280441040645,0.0,0.7485285879653247,0.0,0.14239769151978918,0,0.0,3,1,0
20,stack-pilot-t20-b000,23,372693,3551,3551,69.69028696824982,128.67298745478723,0.09408964946483112,59.12143997109528,10.207027439113059,0.2677299085774996,1,300.5463556822329,0,0,0
20,stack-pilot-t20-b000,24,141872,1292,1292,22.078614145138943,420.8546630448472,1.1549319701792693,18.35448720152752,2.244934740087757,0.3242602333444507,2,138.2056179596272,1,1,0
20,stack-pilot-t20-b000,25,76504,743,743,10.486813541494499,111.20415015865859,2.5515725738209505,7.737465403842532,0.12951373909891117,0.06826182473216533,2,705.0027254216204,1,1,0
20,stack-pilot-t20-b000,26,124157,1170,1170,23.898612763515263,478.83927033576555,11.625918286368663,2.287092810109357,9.613107518728517,0.37249414830876343,2,116.24571476003584,0,1,0
20,stack-pilot-t20-b000,27,17498,169,169,7.691754282013311,635.0560204328361,0.7851023601226983,4.232752575343511,2.2713482081553025,0.4025511383917994,0,0.0,1,1,0
20,stack-pilot-t20-b000,28,8365,81,81,2.7766354545423813,247.52212256672212,0.3759089306888542,2.0554542568361645,0.31712183442323294,0.0281504325941357,1,2.0554542568361645,0,1,0
20,stack-pilot-t20-b000,29,138140,1301,1301,22.27472474922729,465.32768711396835,0.10273373731961943,17.023654435574368,5.041373551556284,0.10696302477712116,1,297.8657410051211,0,1,0
20,stack-pilot-t20-b000,30,761187,7356,7356,99.40915161768109,745.0429041852145,0.561739550887408,97.3666123674367,0.9923612913667057,0.4884384079903941,3,1514.6139874838757,0,1,0
20,stack-pilot-t20-b000,31,871298,8275,8275,173.45454126154038,432.6382028379501,0.2823026709471731,25.946072844053198,146.67828039106817,0.5478853554715891,3,520.8664801361001,0,1,0
20,stack-pilot-t20-b000,32,125039,1160,1160,15.148058653790113,511.9592394060029,1.722052121387974,13.006372529178002,0.0,0.41963400322409883,1,183.9562873226817,1,1,0
20,stack-pilot-t20-b000,33,490,6,6,2.069459872715657,128.13069757074666,0.00019409528363723005,0.0,2.0690428401220515,0.00022293730996770234,0,0.0,1,0,0
20,stack-pilot-t20-b000,34,134310,1260,1260,20.682882681538068,505.8702498881883,3.459569640858352,16.258671512192596,0.5030260083731264,0.46161552011401774,1,109.52993817102067,0,1,0
20,stack-pilot-t20-b000,35,0,0,0,0.0,8.29664816614851,0.0,0.0,0.0,0.0,0,0.0,2,1,0
20,stack-pilot-t20-b000,36,156618,1481,1481,17.409233978763346,570.6072649449902,0.05643248210571592,12.165199579131876,5.117911758452572,0.06969015907289937,2,461.4837405890571,2,1,0
20,stack-pilot-t20-b000,37,135049,1250,1250,14.579550933665397,609.7564580883273,0.12313110412660934,14.39184185414399,0.0,0.06457797539477822,2,785.6999156827915,0,1,0
20,stack-pilot-t20-b000,38,168745,1705,1705,18.664965320282853,764.866217392193,17.030313647767084,1.4002314124950317,0.0013209337685111677,0.23309932625231827,3,45.21460288572642,0,1,0
20,stack-pilot-t20-b000,39,10997,94,94,7.417310439788788,532.8515118853288,0.015347476289820056,3.6198993011487346,3.4486416742947767,0.3334219880554573,0,0.0,0,1,0
20,stack-pilot-t20-b000,40,139105,1295,1295,20.460014315242997,590.8586347530343,1.7444110694051884,14.258880000936518,4.165635208029344,0.2910880368719869,3,1058.3005836105847,0,1,0
20,stack-pilot-t20-b000,41,189130,1775,1775,70.44997253842139,520.6619215272443,2.5017146917426825,28.36580900321519,39.202729334294865,0.37971950916864594,1,2.2163800637661892,0,0,0
20,stack-pilot-t20-b000,42,303973,2845,2845,37.84331900547153,278.0892113400259,0.002780277566676314,37.69533440215734,0.0,0.14520432574738182,1,55.42439138704352,0,1,0
20,stack-pilot-t20-b000,43,106119,947,947,11.400963063710691,353.45661072446507,1.5412571996225752,9.800821710496637,0.0,0.05888415359146675,2,1617.36168250044,2,1,0
20,stack-pilot-t20-b000,44,104389,975,975,12.18537662636392,825.4579306246169,1.469516254162338,10.48796692032532,0.0849172152356914,0.14297623664059858,2,1254.6511908860568,0,1,0
20,stack-pilot-t20-b000,45,149350,1317,1317,20.359016576205214,463.0910651774817,3.0647494493186342,14.389245080077565,2.6823078807636733,0.22271416604536454,3,924.6068337483114,0,1,0
20,stack-pilot-t20-b000,46,12263,117,117,5.413345603664112,555.4709845523512,0.7502282951425556,2.4379824234434864,2.0523158943524322,0.17281899072564805,0,0.0,0,1,0
20,stack-pilot-t20-b000,47,61535,596,596,9.509306776823268,557.9036804409756,0.8352260446796099,7.943745615348174,0.3873214460836607,0.3430136707118425,1,614.2210788305063,0,1,0
20,stack-pilot-t20-b000,48,0,0,0,0.0,86.54221715344141,0.0,0.0,0.0,0.0,0,0.0,0,1,0
20,stack-pilot-t20-b000,49,309146,2919,2919,40.17808159873924,440.21041030797204,0.6362746410225686,39.07438535232374,0.0,0.4674216053932206,1,77.70836362456444,1,1,0
20,stack-pilot-t20-b000,50,4878,49,49,1.792902849726882,302.557095943458,0.08497832276851933,1.551957928906063,0.0,0.155966598052301,0,0.0,1,1,0
20,stack-pilot-t20-b000,51,157212,1543,1543,19.685145127035028,456.52344048769777,1.0101663526321751,16.82697710334222,1.5244852096693648,0.3235164613913529,1,161.7860356205863,0,1,0
20,stack-pilot-t20-b000,52,234905,2204,2204,28.243356186187558,380.71783120828206,5.2913818344316095,3.60834378447214,19.039399611554,0.30423095572980463,2,140.25098777833247,0,1,0
20,stack-pilot-t20-b000,53,318378,3014,3014,40.364870539392044,580.4375375407001,0.10685359709202673,33.523249261425725,6.055708071018333,0.679059609856193,2,213.0159366303609,0,1,0
20,stack-pilot-t20-b000,54,89,0,0,0.22672974943553773,0.07031714122422272,0.0,0.0,0.22669062498425774,3.912445127997014e-05,0,0.0,2,0,0
20,stack-pilot-t20-b000,55,236125,2187,2187,40.87423527442737,438.10619899566024,1.8691678875925832,38.695193594143134,0.0,0.3098737926916329,1,1.590934211955232,0,1,0
20,stack-pilot-t20-b000,56,56973,543,543,8.553417316530371,607.9289169126116,5.44007094422308,1.97075283754657,0.8961234164708003,0.24647011828995058,0,0.0,1,1,0
20,stack-pilot-t20-b000,57,246251,2420,2420,27.639892388870873,679.4448184668652,24.79777373199423,1.8890496463512818,0.3608494546133443,0.5922195559120268,4,57.69637756378762,0,1,0
20,stack-pilot-t20-b000,58,117686,1023,1023,25.137612221078328,563.9269817751689,0.0,13.176812741680454,11.875193203052955,0.0856062763450158,1,317.83305348271426,1,0,0
20,stack-pilot-t20-b000,59,181026,1677,1677,28.39811126943729,574.2535766744807,0.018822406252672827,27.29234724071976,0.4429925212789385,0.6439491011862898,1,136.84956954353615,0,1,0
20,stack-pilot-t20-b000,60,222125,2083,2083,25.388675368834573,649.1174971056172,0.4206376732798396,24.414992716905587,0.36437467494579323,0.18867030370349808,2,380.38895159677514,0,1,0
20,stack-pilot-t20-b000,61,466218,4452,4452,89.2521529204824,233.55663905751643,0.7649342564917126,41.145678847054974,46.85183100884473,0.4897088080903651,0,0.0,0,0,0
20,stack-pilot-t20-b000,62,198275,1857,1857,22.433777215426183,699.2074527769665,3.0325424890953663,10.621100644260991,8.58138104405055,0.19875303801930844,3,653.1876922653795,0,1,0
20,stack-pilot-t20-b000,63,143294,1343,1343,15.073122289256496,693.5957995601037,0.04986060601169785,14.90363735343028,0.0,0.11962432981445129,3,2435.293789352662,0,1,0
20,stack-pilot-t20-b000,64,4760,58,58,2.197381123748597,393.6410564225615,0.23994307740368162,1.521225133474104,0.3715266209019319,0.06468629196888641,0,0.0,2,1,0
20,stack-pilot-t20-b000,65,9107,78,78,4.938827575883347,372.32355457274974,0.1736789333186206,2.5350807396389428,1.9292972370112693,0.3007706659145111,0,0.0,0,1,0
20,stack-pilot-t20-b000,66,34982,286,286,4.228628648893096,563.1881854481334,0.0419796567354551,3.9055245790227984,0.08576720463679521,0.1953572084980756,1,150.11074042077922,0,1,0
20,stack-pilot-t20-b000,67,533,4,4,0.9217610920750043,0.1788249587843893,0.0,0.0,0.9215488843910862,0.00021220768391832162,0,0.0,1,0,0
20,stack-pilot-t20-b000,68,361207,3366,3366,59.43334981577856,694.3362205247624,7.651716513022308,33.224881193916765,18.25187025837284,0.3048818504672082,2,365.44430940869154,0,0,0
20,stack-pilot-t20-b000,69,257125,2425,2425,30.58991966329513,324.863946814272,0.7710112339280922,29.50434143702997,0.10560456105667981,0.2089624312801137,2,356.5173134810274,1,1,0
20,stack-pilot-t20-b000,70,76789,793,793,8.112139041756679,598.803613211133,0.2846722560285359,7.792957640369233,0.0,0.03450914535896648,1,299.54608658073397,0,1,0
20,stack-pilot-t20-b000,71,123139,1140,1140,14.59236628804729,406.2896794834726,2.8298574793681586,1.5904150865267082,10.117323715778115,0.054770006374397356,2,445.66779914675067,0,0,0
20,stack-pilot-t20-b000,72,234814,2235,2235,39.80873985707972,649.3803215011321,23.177871898002888,0.0,16.494481578275675,0.13638638080058713,6,232.0100754803487,0,0,0
20,stack-pilot-t20-b000,73,118227,1095,1095,16.496379473390803,616.980161191911,1.206664465731456,14.92911255291137,0.0,0.36060245474788244,2,1443.2607628136132,0,1,0
20,stack-pilot-t20-b000,74,285429,2682,2682,35.01434830476681,695.3474760731273,0.5862142195709891,34.0035203098755,0.0,0.42461377532024014,4,1444.3690298361407,0,1,0
20,stack-pilot-t20-b000,75,242441,2290,2290,30.62575615613599,771.5657093620575,2.271577551761592,27.648061291186664,0.3679596716156084,0.3381576415721266,3,1035.2189412540693,0,1,0
20,stack-pilot-t20-b000,76,141298,1362,1362,22.598990872317074,581.9839473606866,2.491755428247991,19.294712390630316,0.17935240608676395,0.6331706473522313,3,172.1617738751864,0,1,0
20,stack-pilot-t20-b000,77,101979,987,987,34.29847586896782,354.6415450039015,1.5185627855870887,6.2314494252332215,26.33809976874729,0.2103638894005416,0,0.0,3,0,0
20,stack-pilot-t20-b000,78,0,0,0,0.0,3.426922394936857,0.0,0.0,0.0,0.0,0,0.0,0,1,0
20,stack-pilot-t20-b000,79,3363,26,26,2.54330828367185,439.2762136242867,0.0,0.827736707414374,1.5630247736561607,0.15254680260131376,0,0.0,0,1,0
20,stack-pilot-t20-b000,80,73019,665,665,18.203665642785268,284.1466495711119,1.1859115664618016,8.83460617120009,7.947939572544883,0.23520833257850282,1,550.236832242225,0,1,0
20,stack-pilot-t20-b000,81,14948,141,141,5.896801698050208,495.1795955096344,0.40219587709274524,5.090383590965303,0.15165262818118208,0.2525696018109751,0,0.0,0,1,0
20,stack-pilot-t20-b000,82,645070,5969,5969,105.69969490131315,632.8522273426314,11.787981886165726,68.2499632112338,25.370160163868754,0.2915896400431664,4,1023.5116284465834,0,1,0
20,stack-pilot-t20-b000,83,7061,69,69,1.7980639943266903,334.1589585139258,0.26334087555373525,1.0685733830691788,0.08978746160391893,0.37636227409985756,0,0.0,1,1,0
20,stack-pilot-t20-b000,84,4100,41,41,1.0562175556488282,96.89533779644039,0.13552585810467285,0.6960853023175559,0.0,0.22460639522659961,0,0.0,0,1,0
20,stack-pilot-t20-b000,85,206015,1963,1963,24.11685497032321,502.27244590685603,0.8205107353765848,22.805029722147964,0.0,0.4913145127986178,1,86.06518652749342,0,1,0
20,stack-pilot-t20-b000,86,36106,320,320,15.572977631937052,575.3305120428225,2.7942721542509985,2.6460630082116268,9.847458251505621,0.28518421796886284,0,0.0,0,0,0
20,stack-pilot-t20-b000,87,247230,2307,2307,28.301277334200797,345.75771144752434,0.09595163432990564,27.79032022473848,0.21385363351510023,0.2011518416175021,1,107.73412746929726,0,1,0
20,stack-pilot-t20-b000,88,464413,4468,4468,58.45158284788581,613.6257391392234,29.85011484342807,26.914142027077567,1.093133555996328,0.5941924213839188,7,284.01527941654103,0,1,0
20,stack-pilot-t20-b000,89,1778,11,11,0.21738595593349885,428.63022997279467,0.21652338042314134,0.0,0.0,0.0008625755103572547,0,0.0,0,1,0
20,stack-pilot-t20-b000,90,929722,8808,8808,197.33697592461675,527.3258685735221,4.999455648157176,86.96731147432801,104.73442919547347,0.6357796066555456,2,57.61807980398176,0,0,0
20,stack-pilot-t20-b000,91,142785,1276,1276,22.255909302202372,570.6471436617104,11.554863937512954,9.849729440811643,0.0,0.8513159238777119,2,25.97736329966061,0,1,0
20,stack-pilot-t20-b000,92,200290,1864,1864,47.96782606869252,331.20044861147636,0.3285920582709572,27.118298255893368,20.26347005852052,0.2574656960074234,0,0.0,0,0,0
20,stack-pilot-t20-b000,93,0,0,0,0.0,0.0146020121028414,0.0,0.0,0.0,0.0,0,0.0,2,0,0
20,stack-pilot-t20-b000,94,443299,4197,4197,60.906473276709846,219.40233488854545,0.0,60.18753255340351,0.3260601429719827,0.39288058033440026,1,59.237222590034264,0,1,0
20,stack-pilot-t20-b000,95,10941,94,94,2.985651914356399,386.7608710622186,0.8748531770475642,1.6843824181161153,0.32885321951835067,0.09756309967437074,1,0.40519818917177014,0,1,0
20,stack-pilot-t20-b000,96,31732,277,277,3.9692357428333644,777.237464275017,3.119432260370321,0.788316783496839,0.0,0.0614866989662002,2,12.59260323727696,0,1,0
20,stack-pilot-t20-b000,97,9832,76,76,2.53191440158795,318.0225348814616,0.746682850143372,1.2728439195586816,0.414917678483107,0.09746995340279108,1,1.678226474925274,0,1,0
20,stack-pilot-t20-b000,98,272664,2779,2779,33.14254936647061,682.1537514624297,0.15326948530662945,32.75614591897681,0.0,0.23313396218699334,1,181.7665149152232,0,1,0
20,stack-pilot-t20-b000,99,109957,1026,1026,17.210794843043523,623.9053144992614,9.858272749531446,6.330234600394306,0.333587381272082,0.6887001118456367,1,46.92551111578853,0,1,0
20,stack-pilot-t20-b001,0,366002,3365,3365,44.00445598386919,635.0525755993302,6.9669007804703185,36.55546000783134,0.23917620382599125,0.242918991740909,3,187.86358109370724,0,1,0
20,stack-pilot-t20-b001,1,99285,982,982,24.015363887751406,418.95478008617243,0.7550898743548871,22.705314887615295,0.39848387659912987,0.15647524918228756,1,13.463124211094206,2,1,0
20,stack-pilot-t20-b001,2,3669,45,45,1.4695812260698788,237.1555019828154,0.1325680367843391,1.284930959450321,0.0,0.052082229835221205,0,0.0,0,1,0
20,stack-pilot-t20-b001,3,137906,1283,1283,14.36430149003698,657.6183818574024,2.189891542753876,11.955671434254487,0.0,0.2187385130285708,2,977.0588415123248,0,1,0
20,stack-pilot-t20-b001,4,204126,1933,1933,25.449119173895436,800.9355965110805,0.9804672806467742,23.881720333719517,0.2540133186372757,0.3329182408921656,2,425.6924860890599,0,1,0
20,stack-pilot-t20-b001,5,671,8,8,0.5674392268156772,480.36394701546527,0.0,0.5594934837558867,0.0,0.007945743059790346,0,0.0,0,1,0
20,stack-pilot-t20-b001,6,61266,565,565,6.35023587327708,702.6384237473779,0.08689078806643286,0.0,6.093810955513673,0.1695341296969736,2,534.4192119306742,0,1,0
20,stack-pilot-t20-b001,7,572647,5367,5367,95.43263907336782,563.2517912131677,1.4879012694026277,78.93011941738936,14.488790804028788,0.5258275825466876,5,623.432803217954,0,0,0
20,stack-pilot-t20-b001,8,454230,4155,4155,61.02986360107446,542.3833054925669,3.339574091413127,46.791538930388626,10.400775040958045,0.4979755383141755,3,411.2668707605215,0,1,0
20,stack-pilot-t20-b001,9,128311,1232,1232,14.046603402038233,312.35982044835436,4.752833179032896,9.158688226083143,0.0,0.13508199692219644,4,1893.9015674113678,0,1,0
20,stack-pilot-t20-b001,10,138619,1339,1339,24.586286286897327,596.0225737064486,0.007449008451792555,22.580120215028266,1.347938765973595,0.6507782974437435,1,175.0271342359264,0,1,0
20,stack-pilot-t20-b001,11,12710,119,119,1.5998572095675156,642.3725578316522,0.0,0.2987717532762417,1.212494547282022,0.08859090900925222,1,302.7249790231969,0,1,0
20,stack-pilot-t20-b001,12,196468,1842,1842,27.66602108684891,274.9704378466162,0.5440916923090384,24.9749128872212,1.4841376526801469,0.6628788546384409,1,111.15482863052576,2,1,0
20,stack-pilot-t20-b001,13,185472,1677,1677,19.81445072596976,153.92786515561716,0.7477068509389663,18.984234830538107,0.0,0.08250904449272627,0,0.0,2,0,0
20,stack-pilot-t20-b001,14,71550,670,670,10.664337269007962,586.1461843239205,0.13520690049061093,10.244948040323184,0.1783839133568108,0.1057984148373243,0,0.0,0,1,0
20,stack-pilot-t20-b001,15,7505,68,68,3.122046255207241,211.37236065769122,0.11192953345036638,2.3417083149593054,0.24920068531173456,0.4192077214858311,0,0.0,0,1,0
20,stack-pilot-t20-b001,16,150831,1392,1392,16.988779819559646,511.6422962859166,0.0,16.482665204443045,0.32601529894418485,0.18009931617248773,1,155.65785325661483,0,1,0
20,stack-pilot-t20-b001,17,10314,98,98,3.8822952877558086,426.263490410021,0.09005206643020908,2.9061092175271597,0.24244002524392272,0.6436939785545157,0,0.0,0,1,0
20,stack-pilot-t20-b001,18,123065,1217,1217,15.533407826623915,614.8120968800087,4.521940230846667,10.84178444338987,9.794606194191147e-05,0.16958520632551394,1,330.62582745739695,0,1,0
20,stack-pilot-t20-b001,19,174298,1560,1560,29.20630691598872,449.38778842454116,0.7561530450634628,17.614121419430603,10.515276812014815,0.3207556394799732,2,651.0532991603895,1,1,0
20,stack-pilot-t20-b001,20,188697,1796,1796,20.12844730248218,704.6953941762871,0.9407806426315362,14.619870105813558,4.28746644813941,0.28033010589775736,2,674.3529529913106,1,1,0
20,stack-pilot-t20-b001,21,352051,3297,3297,36.39890739327148,423.30680404616874,25.14326752029647,11.097867059750085,0.0,0.1577728132252382,6,1416.6067228311051,1,1,0
20,stack-pilot-t20-b001,22,12003,123,123,6.311998601326166,245.51347753834455,0.05103424682973208,5.050593555669252,1.0637241667500348,0.14664663207713372,0,0.0,2,1,0
20,stack-pilot-t20-b001,23,7978,71,71,2.998074630026637,504.9542190166429,0.14410453442612636,1.8663634182130409,0.4979009073886118,0.4897057699988568,0,0.0,0,1,0
20,stack-pilot-t20-b001,24,174740,1703,1703,21.357627726138087,613.233952580584,11.517646841482366,9.371696442581777,0.20987077642894292,0.25841366564485535,3,484.48986458051354,0,1,0
20,stack-pilot-t20-b001,25,140264,1309,1309,15.356175118939845,334.748855634343,1.5399082849887953,13.672239725649423,0.0,0.14402710830183332,4,2569.426720248683,0,1,0
20,stack-pilot-t20-b001,26,48073,460,460,6.29035104349635,451.45116549689993,4.837417933098008,1.414988111370576,0.0,0.037944999027738735,2,62.66481937724021,0,1,0
20,stack-pilot-t20-b001,27,101966,1022,1022,23.250512213348852,638.9789906582907,2.334017752215343,20.352286031140462,0.26700513043595736,0.2972032995570884,1,1.3232601463650682,0,1,0
20,stack-pilot-t20-b001,28,295495,2826,2826,43.71358284369499,485.0442755861943,1.2362658906458142,41.327039119788026,0.5362298929239213,0.6140479403372661,1,88.31385823931106,0,1,0
20,stack-pilot-t20-b001,29,12335,110,110,6.000652550865342,241.3966639452975,0.0,4.0708190452334065,1.8591040137544041,0.07072949187753852,0,0.0,1,1,0
20,stack-pilot-t20-b001,30,67672,622,622,7.1109465723293255,574.1035741973125,0.6166768852348701,6.444670631577988,0.0,0.04959905551644606,2,1080.7566849241357,1,1,0
20,stack-pilot-t20-b001,31,90210,864,864,9.923372424892715,148.88624514756748,0.0,9.845182187152899,0.0,0.07819023773992405,2,1615.1085655471393,0,1,0
20,stack-pilot-t20-b001,32,108237,1043,1043,13.014273450438923,562.1088674018921,1.8454348726027485,10.008537270314827,0.8411370645796268,0.3191642429417231,2,1391.55945395448,1,1,0
20,stack-pilot-t20-b001,33,138408,1284,1284,17.231461888342604,649.0102584112267,0.8565420055101509,15.66561570977724,0.5137430917548045,0.19556108130035696,3,1093.2759058341564,0,1,0
20,stack-pilot-t20-b001,34,193587,1816,1816,23.171326194591842,548.6198384794158,0.6394964097000361,21.461008457941265,0.6291183235407516,0.44170300340970403,2,333.26767254050895,0,1,0
20,stack-pilot-t20-b001,35,70899,702,702,7.851603248261597,505.780287497288,1.7087018747416083,0.18654775134120882,5.83060962424066,0.12574399793810964,1,466.9488862726563,0,1,0
20,stack-pilot-t20-b001,36,3477,27,27,1.5923407613580465,356.0129156458213,0.08056915308797817,1.2250281861985286,0.15669575072570296,0.13004767134583742,0,0.0,0,1,0
20,stack-pilot-t20-b001,37,35160,313,313,8.168226260224431,299.25974140867567,2.7158273649900275,4.3897272153379845,0.8555246660598641,0.20714701383655915,0,0.0,2,1,0
20,stack-pilot-t20-b001,38,112600,1118,1118,23.13905124197926,250.5717112021988,1.2602671409865651,16.260192746734905,5.064367124254865,0.5542242300029663,1,305.66764688797946,1,1,0
20,stack-pilot-t20-b001,39,165301,1568,1568,31.677679771184856,523.2763530592317,9.338142153205213,12.675727504725272,9.133436650822707,0.5303734624316926,3,8.11853184850417,1,1,0
20,stack-pilot-t20-b001,40,227816,2211,2211,24.474744621497457,558.1283795627637,7.447737215248733,16.803248898614275,0.0,0.22375850763436542,2,171.18626998778976,1,1,0
20,stack-pilot-t20-b001,41,472535,4585,4585,52.79300216864231,674.317183890096,39.87266363564306,12.353939284264444,0.07047213933947205,0.49592710939499046,9,506.39388355360416,0,1,0
20,stack-pilot-t20-b001,42,294734,2772,2772,39.13130443796812,687.1909014602641,28.91718302331348,4.500120414248272,5.242683982476555,0.47131701792992026,5,159.87354395144285,0,1,0
20,stack-pilot-t20-b001,43,181,1,1,0.11921454275069146,579.4039285123904,0.0,0.10827706710881557,0.0,0.010937475641875864,0,0.0,0,1,0
20,stack-pilot-t20-b001,44,476334,4478,4478,57.8032676432002,713.3841328550734,2.932387145776423,42.8281190859315,11.549613855305136,0.4931475561872922,6,1228.5450197724876,1,1,0
20,stack-pilot-t20-b001,45,56001,505,505,7.063576209999251,593.6549151748459,0.7267294957042714,1.5544445596891592,4.38761317709366,0.3947889775121702,1,407.0497324216936,0,1,0
20,stack-pilot-t20-b001,46,325360,2995,2995,36.40333476893923,509.1488134966582,0.0,35.48375718647429,0.6412184733433174,0.2783591091215845,2,263.99083542186906,0,1,0
20,stack-pilot-t20-b001,47,34345,315,315,7.9923018313000105,127.96306051159728,2.267223512930911,5.52469847085365,0.0,0.20037984751544363,0,0.0,1,1,0
20,stack-pilot-t20-b001,48,210950,1955,1955,48.91269485070913,198.9801742154425,1.4800360153878738,36.50810567291046,10.234053205857256,0.690499956553503,2,1.0181909979905674,1,1,0
20,stack-pilot-t20-b001,49,0,0,0,0.0,0.1588180423277663,0.0,0.0,0.0,0.0,0,0.0,3,0,0
20,stack-pilot-t20-b001,50,194295,1776,1776,20.2498776374313,613.3966679009224,1.8346726507873719,12.02581801365018,6.301892658779543,0.08749431421442197,3,794.0470180625686,0,1,0
20,stack-pilot-t20-b001,51,195836,1784,1784,43.676293007659666,645.0251386466426,0.42427045954220505,21.860295732063026,20.706390675222107,0.6853361408323896,0,0.0,0,1,0
20,stack-pilot-t20-b001,52,91601,856,856,10.368892513375345,658.1677734468506,2.5247805929920104,7.589727592372359,0.0,0.2543843280109644,1,428.32987778944465,2,1,0
20,stack-pilot-t20-b001,53,66508,651,651,7.445136575488477,496.0118099960405,1.3721745454143155,0.5488415703238161,5.4117705034603,0.11234995629009124,2,512.2642446707606,1,1,0
20,stack-pilot-t20-b001,54,7100,86,86,3.92825048513485,135.51002320704885,0.0,3.3443351237000343,0.3157636475422602,0.26815171389255893,0,0.0,0,1,0
20,stack-pilot-t20-b001,55,177369,1749,1749,19.247257804656694,818.68999434989,0.18395340211471875,18.893943915207345,0.0,0.16936048733460402,3,1260.1957440992594,0,1,0
20,stack-pilot-t20-b001,56,389819,3643,3643,51.27581495940409,714.7919380368543,1.7882169408656847,49.01796450683701,0.0,0.4696335117017018,4,373.9442351485623,0,1,0
20,stack-pilot-t20-b001,57,290338,2745,2745,32.51962619031944,544.1210803001389,17.083087338104107,2.3271454383458376,12.781892595689705,0.32750081817978716,4,91.05098058907899,0,1,0
20,stack-pilot-t20-b001,58,186505,1789,1789,26.357023601365754,763.4642597705706,5.621772306332736,20.18236876611055,0.32579698402332724,0.22708554489934238,1,8.39181753809951,0,1,0
20,stack-pilot-t20-b001,59,81290,770,770,8.559979781763548,419.77986946702185,0.5181174652451888,7.7849499240856606,0.0,0.2569123924326777,1,274.892402658172,0,1,0
20,stack-pilot-t20-b001,60,7174,71,71,3.033776497954037,515.4833233550163,0.14001180626873233,2.3609909073283006,0.2284183279643912,0.30435545639261,0,0.0,0,1,0
20,stack-pilot-t20-b001,61,473098,4419,4419,49.27366897828602,664.5724955501342,3.3541563261981047,45.692469966596335,0.0,0.22704268549158704,9,5312.336366039956,0,1,0
20,stack-pilot-t20-b001,62,50492,512,512,5.537170310522575,219.7752102285674,0.4591410896510221,4.941880012188834,0.0,0.13614920868270516,1,713.8511128355133,2,1,0
20,stack-pilot-t20-b001,63,262306,2392,2392,33.925973603716656,240.04139007601904,4.602741326643881,28.548649674534182,0.21593640317587415,0.5586461993626836,0,0.0,0,1,0
20,stack-pilot-t20-b001,64,12240,114,114,4.98795013189255,235.8697012653501,0.4082703679951726,4.317211116735962,0.0,0.2624686471614229,0,0.0,0,1,0
20,stack-pilot-t20-b001,65,14894,150,150,5.183687850418165,269.1511483308326,1.1849595377313953,1.1200935139709145,2.637633613001526,0.2410011857143288,0,0.0,0,1,0
20,stack-pilot-t20-b001,66,73827,706,706,11.40712515594578,199.01691004873857,1.2635312823987797,9.576463189084501,0.10541620687035902,0.46171447759215467,1,762.8506521051003,2,1,0
20,stack-pilot-t20-b001,67,139170,1308,1308,15.367966755451036,699.094385579907,2.4821185664303074,12.649107604058342,0.0,0.23674058496239223,2,184.13040979778913,0,1,0
20,stack-pilot-t20-b001,68,456,2,2,0.23074103608968835,22.422027158901876,0.030327025969353633,0.19796151925800132,0.0,0.002452490862333412,0,0.0,1,1,0
20,stack-pilot-t20-b001,69,256882,2421,2421,29.745538346897746,571.891236290447,9.861033261010268,19.577372635493237,0.0,0.307132450394225,3,624.4151088709223,1,1,0
20,stack-pilot-t20-b001,70,92057,897,897,13.835074137153253,479.6217418652376,2.0891000003619147,10.272287017489006,1.3460552019987517,0.1276319173036115,1,3.952648717713901,0,1,0
20,stack-pilot-t20-b001,71,238152,2183,2183,25.206980415698943,358.2720021263171,1.7193343841958324,22.692505098251555,0.402041109469792,0.39309982378167,5,3754.4000922321075,0,1,0
20,stack-pilot-t20-b001,72,13590,112,112,6.985031819980683,299.36039869745116,0.09125547668372413,6.280632436827659,0.35848625652761257,0.2546576499416865,0,0.0,1,1,0
20,stack-pilot-t20-b001,73,328105,3059,3059,39.87673263572055,542.8413643026825,0.3039621023785483,39.16776934157007,0.0,0.40500119177200994,2,548.7305875743252,1,1,0
20,stack-pilot-t20-b001,74,117639,1137,1137,32.01087249248373,379.59428936880823,2.8221593148684967,20.948804176544318,7.389914225936133,0.8499947751347648,2,14.575536852418322,0,1,0
20,stack-pilot-t20-b001,75,69236,540,540,7.827377125107565,677.2070813898107,0.49242458800582334,6.905008330258653,0.0,0.42994420684308016,1,202.98607956395347,0,1,0
20,stack-pilot-t20-b001,76,20353,193,193,3.893100897549807,148.91507870022122,1.6223784403962318,1.6778780621299347,0.2792852053153183,0.31355918970831587,1,0.6383908226057601,0,1,0
20,stack-pilot-t20-b001,77,318202,3135,3135,37.18137556985402,509.83397064208566,0.6467358860639898,36.25370708851307,0.0,0.28093259527703557,2,302.54662241706404,0,1,0
20,stack-pilot-t20-b001,78,6092,53,53,3.0345469692822724,380.32339701116183,0.2676677955860971,2.225106374648135,0.4664259662995508,0.07534683274848739,0,0.0,0,1,0
20,stack-pilot-t20-b001,79,703905,6717,6717,83.92876554715386,458.3420004354215,17.840184846051365,65.25798121726547,0.16687814547003654,0.6637213383659497,2,135.39873965453296,1,1,0
20,stack-pilot-t20-b001,80,48869,475,475,17.759934763104546,442.83550669524203,0.6879260866349076,14.512634795461052,2.2615326804298093,0.29784120057879887,0,0.0,2,1,0
20,stack-pilot-t20-b001,81,78087,1403,1403,9.094741399574703,517.8097876348746,1.3299197023941594,7.563588026968257,0.0,0.20123367021228372,1,335.4689018910853,0,1,0
20,stack-pilot-t20-b001,82,3880,33,33,1.6596949346420573,589.7319355457935,0.035991172986100245,1.2024482712388362,0.16505800323830044,0.25619748717882146,0,0.0,0,1,0
20,stack-pilot-t20-b001,83,176812,1593,1593,21.659370005046814,473.5896851760779,0.7300540821555977,20.520652804224977,0.32843670194500174,0.08022641672113562,4,3116.8803669102817,0,1,0
20,stack-pilot-t20-b001,84,15811,140,140,4.41350478007242,725.6316304296638,0.6802173612210268,2.0153776008947943,1.0946798052336817,0.6232300127229217,0,0.0,1,1,0
20,stack-pilot-t20-b001,85,4574,47,47,3.0543192075094034,405.0392097434282,0.024288913909067632,2.981645913921284,0.0,0.048384379679051646,0,0.0,1,1,0
20,stack-pilot-t20-b001,86,0,0,0,0.0,0.5730696910031838,0.0,0.0,0.0,0.0,0,0.0,2,0,0
20,stack-pilot-t20-b001,87,355064,3402,3402,39.37068778076531,661.7955099277665,27.125708137959002,11.90246863029416,0.0775746418912604,0.26493637062147835,5,280.3062717876677,0,1,0
20,stack-pilot-t20-b001,88,512813,4749,4749,65.74866484407367,527.2026295036165,2.538129729387852,60.41816248018864,2.4444599838187884,0.3479126506785389,4,1079.5056566113658,1,1,0
20,stack-pilot-t20-b001,89,195887,1860,1860,65.03055581868809,409.19859393333616,4.181459517131388,37.397727242680844,23.167111321178446,0.28425773769730284,1,1.265434829534648,1,1,0
20,stack-pilot-t20-b001,90,0,0,0,0.0,0.7692403914888639,0.0,0.0,0.0,0.0,0,0.0,0,1,0
20,stack-pilot-t20-b001,91,178405,1646,1646,20.24128907181149,748.8252198827959,5.994873347391428,13.248561987813073,0.5210616097192542,0.47679212688773354,3,500.06337403800774,0,1,0
20,stack-pilot-t20-b001,92,258430,2472,2472,27.18456478322502,457.43860090021553,5.848116262962472,21.220529514739823,0.0,0.11591900552285296,3,475.3128812196378,2,1,0
20,stack-pilot-t20-b001,93,291162,2669,2669,33.259400368640435,465.70484248899004,0.6877213098039754,32.21959997111626,0.0,0.3520790877205498,3,917.5242578521421,0,1,0
20,stack-pilot-t20-b001,94,9341,90,90,0.9818592231818549,298.06432227529365,0.9777136224275591,0.0,0.0,0.004145600754295512,1,0.4591736657869038,1,1,0
20,stack-pilot-t20-b001,95,123621,1179,1179,37.31479702575977,318.49571593198823,0.15303334447684225,12.947956376353206,23.608046706970462,0.6057605979592334,1,391.5929691339216,2,1,0
20,stack-pilot-t20-b001,96,104900,1005,1005,12.57169781431775,567.703673662496,1.3454418229486245,10.640838139275113,0.23069847295118961,0.3547193791427574,3,249.5849027063312,0,1,0
20,stack-pilot-t20-b001,97,58229,535,535,6.773832422111682,531.9543137640857,5.812914639550461,0.8427589385320289,0.0,0.11815884402917938,3,148.722800751546,3,1,0
20,stack-pilot-t20-b001,98,30009,258,258,7.987202401777628,356.76978510736654,1.191923245399176,5.490777161796587,1.0832814395616879,0.22122055502017107,1,0.13522854731471348,0,1,0
20,stack-pilot-t20-b001,99,9672,83,83,4.31865384993052,479.4431171218588,0.1700669377426189,3.878372912396685,0.11821144844725495,0.1520025513439573,0,0.0,0,1,0
20,stack-pilot-t20-b002,0,377074,3489,3489,41.55144330457938,806.9327621167449,24.80928372825539,16.330405257238784,0.0,0.4117543190856523,7,351.35673325659525,1,1,0
20,stack-pilot-t20-b002,1,201852,1921,1921,23.28287567966652,682.1180051196015,20.53851696305688,0.8018269466241463,1.6666560119865608,0.27587575799909475,4,203.2246797619395,1,1,0
20,stack-pilot-t20-b002,2,12888,103,103,5.578064437247468,604.35455061184,0.47973621291961255,4.088840572603203,0.6772126401574496,0.33227501156718725,0,0.0,1,1,0
20,stack-pilot-t20-b002,3,23267,254,254,4.0526026521265095,627.0355470945227,1.9242474810725123,1.9503958940165376,0.0,0.177959277037458,1,0.686970118799292,2,1,0
20,stack-pilot-t20-b002,4,94820,890,890,11.464920976989351,650.856644203716,0.46441424967254413,9.26371473615801,1.633652615300903,0.10313937585792,1,624.7909151837683,0,0,0
20,stack-pilot-t20-b002,5,280717,2560,2560,42.86354382552375,391.56792935106324,0.08153366401124815,42.09586462587016,0.3193921102447348,0.3667534253975221,1,40.26106818490416,1,1,0
20,stack-pilot-t20-b002,6,10703,94,94,2.8118362715805554,361.2707146376969,0.6163200086705306,1.7952625724640257,0.07664151151038823,0.32361217893560823,1,0.1968549841299873,0,1,0
20,stack-pilot-t20-b002,7,59088,523,523,8.196799324267706,584.4734029712397,5.501833725668409,1.2846497879339722,0.9485882286064395,0.46172758205888853,1,3.947155124634389,1,1,0
20,stack-pilot-t20-b002,8,511238,4804,4804,70.75256649346886,655.8693759047833,4.7900011917996945,46.24967571420649,19.221687516542474,0.4912020709204081,6,318.0149644555209,0,1,0
20,stack-pilot-t20-b002,9,199285,1814,1814,24.560839323920366,589.9289824876549,1.7696471438830548,12.302702485433382,10.212483705346537,0.2760059892575808,2,335.1952575374286,0,1,0
20,stack-pilot-t20-b002,10,405813,3727,3727,42.84295322626902,657.4325538042442,26.038835204448826,16.41441716957449,0.1793954026979918,0.2103054495474874,7,788.9116217948743,0,1,0
20,stack-pilot-t20-b002,11,0,0,0,0.0,0.12986318766343175,0.0,0.0,0.0,0.0,0,0.0,3,0,0
20,stack-pilot-t20-b002,12,395377,3675,3675,44.69389612556037,753.5564843335691,8.560190332169183,17.722698793831377,18.075726241174912,0.3352807583847533,3,217.20529589783263,1,1,0
20,stack-pilot-t20-b002,13,6708,61,61,3.321282218304434,411.1783612033047,0.0,2.8496147576200883,0.2485261438505404,0.22314131683380836,0,0.0,0,1,0
20,stack-pilot-t20-b002,14,332988,3166,3166,36.34977703292441,604.5340928097013,2.595020132396773,33.37706767716286,0.0,0.3776892233646936,3,718.0743044194255,1,1,0
20,stack-pilot-t20-b002,15,25025,232,232,7.0040152054242455,608.3350704898679,2.0523776356776176,1.9993732133957565,2.6684067409334062,0.2838576154174908,0,0.0,1,1,0
20,stack-pilot-t20-b002,16,117390,1030,1030,12.689882837614233,537.186034299165,2.2236057245758696,10.108603314333108,0.0,0.357673798705389,1,190.3048467897561,0,1,0
20,stack-pilot-t20-b002,17,0,0,0,0.0,0.38108109217864694,0.0,0.0,0.0,0.0,0,0.0,4,0,0
20,stack-pilot-t20-b002,18,4425,42,42,1.1544594710663039,32.73595305838537,0.37411732386924645,0.6705518126043444,0.09174594737123698,0.018044387221475923,0,0.0,0,1,0
20,stack-pilot-t20-b002,19,105239,977,977,16.213600323870576,684.9668905174564,0.7601576219634945,14.409106560520623,0.5752059937840386,0.4691301476024006,1,135.75249988685914,0,1,0
20,stack-pilot-t20-b002,20,537231,5186,5186,76.04337275643144,548.494729578872,7.3732922992537615,59.031211777864414,8.696340352980215,0.9425283263340843,3,411.30255220476073,0,1,0
20,stack-pilot-t20-b002,21,173868,1620,1620,19.664938542927477,528.9358188058079,1.1066381526014377,18.23372131250003,0.24585425807332933,0.07872481975271241,1,160.4739134210563,0,0,0
20,stack-pilot-t20-b002,22,135000,1216,1216,16.604390459744668,630.5730402743444,1.3574709488519618,14.58349677443123,0.1334201116260374,0.530002624835616,3,1870.3525011296815,2,1,0
20,stack-pilot-t20-b002,23,320435,3105,3105,44.68930558865438,44.35811654676429,0.6845516810318113,43.122233388512726,0.7390013036383607,0.1435192154716688,4,459.6857010422158,2,1,0
20,stack-pilot-t20-b002,24,264795,2461,2461,33.222775723567274,555.8165982043586,1.0228978463382612,30.56872448562807,1.3567387317179964,0.2744146598829387,3,802.8698279081204,0,1,0
20,stack-pilot-t20-b002,25,71763,662,662,16.005827501038667,361.8265629885953,0.32201060175303614,12.378149530311564,3.0322574942056235,0.2734098747684095,0,0.0,0,1,0
20,stack-pilot-t20-b002,26,31972,300,300,13.928839497447777,352.5784715952571,0.007704627050312467,11.632835389117758,2.059341462309021,0.22895801897073162,0,0.0,0,1,0
20,stack-pilot-t20-b002,27,5118,52,52,2.0394642768663473,359.34922950125747,0.18664475953877255,1.1063371188811288,0.5277124456006277,0.21876995284581813,1,0.02171201196042166,0,1,0
20,stack-pilot-t20-b002,28,133122,1231,1231,20.99138185686092,459.0605123694197,1.3918610713325716,17.757259388866885,1.7005907405031415,0.14167065615832974,1,274.9289873295123,1,1,0
20,stack-pilot-t20-b002,29,582168,5477,5477,76.77083492816281,569.2221622164228,0.7195039319652704,60.807417672894616,14.886766440035496,0.3571468832677618,6,1333.8254642087788,0,1,0
20,stack-pilot-t20-b002,30,353222,3135,3135,39.483659484618684,806.3103823815659,1.4030011843311383,32.79257886606949,4.987043745265915,0.30103568895232286,4,786.8134367671189,0,1,0
20,stack-pilot-t20-b002,31,0,0,0,0.0,0.12899867863598047,0.0,0.0,0.0,0.0,0,0.0,2,0,0
20,stack-pilot-t20-b002,32,23191,222,222,9.12727451754867,417.01471017381147,0.631828170786088,7.85229103311724,0.08774387035373366,0.5554114432916032,0,0.0,0,1,0
20,stack-pilot-t20-b002,33,16676,176,176,3.8963263837906643,294.9606370378508,1.381806842970878,0.6586163332740398,1.572209799745906,0.2836934077998346,0,0.0,0,1,0
20,stack-pilot-t20-b002,34,343479,3283,3283,49.91569821505986,608.9851045936382,13.76884498210208,34.581334839940155,1.3119559441552298,0.2535624488622832,2,195.87315878813672,0,0,0
20,stack-pilot-t20-b002,35,0,0,0,0.0,0.14576425373525126,0.0,0.0,0.0,0.0,0,0.0,2,0,0
20,stack-pilot-t20-b002,36,22732,209,209,7.1249762874650555,270.67223499429423,0.9430073920418873,5.119103029207849,1.0044502173695946,0.058415648845731465,0,0.0,0,1,0
20,stack-pilot-t20-b002,37,201621,1937,1937,27.119184001342948,623.3737776697221,6.512127364656267,19.681007692693075,0.4435462325327535,0.4825027114609552,1,188.02712015786767,0,1,0
20,stack-pilot-t20-b002,38,262936,2434,2434,43.36105478678862,429.8560944535327,0.41148671475246246,35.483488462398306,7.293840865653953,0.17223874398413358,1,164.98093815315377,0,1,0
20,stack-pilot-t20-b002,39,412172,3887,3887,46.48607293057953,757.1360434701623,4.983058078324325,40.72909210503548,0.23827790708492103,0.5356448401352417,3,544.9747923693965,1,1,0
20,stack-pilot-t20-b002,40,15025,172,172,27.454408229958478,688.7155899563888,0.4234078834024982,0.0,26.863365408322668,0.16763493823331665,0,0.0,1,0,0
20,stack-pilot-t20-b002,41,17879,154,154,6.271704060342999,116.41954363961213,0.7368001768248963,5.2330283184619475,0.0902354670506611,0.21164009800552014,0,0.0,0,1,0
20,stack-pilot-t20-b002,42,77687,4742,4742,10.476897387604,434.07639444189414,0.21533380092035478,9.878705007632202,0.07998434305955016,0.30287423599178115,1,137.03050840474708,0,1,0
20,stack-pilot-t20-b002,43,193486,1819,1819,41.613982061022526,619.9597366628336,1.1478971906903914,30.40247854336866,9.799321744175082,0.2642845827885404,1,246.87514124141256,0,1,0
20,stack-pilot-t20-b002,44,76053,693,693,14.302694811029045,338.86458834578656,1.938528145988617,12.222086754572587,0.07054563169003814,0.07153427877778118,1,11.906326196771802,0,1,0
20,stack-pilot-t20-b002,45,210204,2013,2013,22.595996694148205,599.8446721336244,1.6470765775929705,20.017897111844434,0.8359405099108699,0.0950824947997379,5,3359.821526699756,0,1,0
20,stack-pilot-t20-b002,46,309575,2974,2974,38.15393592876266,619.2754623582402,1.446536927313265,29.59904436358317,6.540634281453503,0.5677203564125538,3,730.1238756185875,0,1,0
20,stack-pilot-t20-b002,47,195295,1814,1814,20.6954953867884,688.1114876005273,2.68576416074031,17.845380229391637,0.0,0.1643509966563518,4,3029.9372173877937,0,1,0
20,stack-pilot-t20-b002,48,204144,1943,1943,24.78836974298645,453.46208614753675,2.0023288531217998,22.300715855398938,0.0,0.48532503446579073,1,89.45596017809144,0,1,0
20,stack-pilot-t20-b002,49,151135,1433,1433,20.515779948215894,468.6853874043063,1.0004137893729723,18.716648987430197,0.20526639519448509,0.5934507762182287,1,126.96635963414853,0,1,0
20,stack-pilot-t20-b002,50,26291,265,265,9.752647542524421,385.88730630095966,0.0,9.724630642340799,0.0,0.028016900183650384,0,0.0,0,1,0
20,stack-pilot-t20-b002,51,250015,2350,2350,31.66013785503179,428.23359375785367,0.0,30.272413820951957,1.0929762871292041,0.294747746950755,1,73.09411659504387,0,1,0
20,stack-pilot-t20-b002,52,360238,3467,3467,40.419186794993585,760.7671735867895,4.295257396230737,35.18690171841852,0.526705386866711,0.41032229347800087,2,305.1586117175024,0,1,0
20,stack-pilot-t20-b002,53,167804,1613,1613,33.06264362037237,452.2477307157412,1.9577214984427775,29.299660553565506,0.9184737732921349,0.8867877950717574,1,22.29573126374879,0,1,0
20,stack-pilot-t20-b002,54,135222,1288,1288,33.991934550492196,434.95936082947986,0.5645620345445469,15.465886979655384,17.796905174281164,0.1645803620115805,0,0.0,1,0,0
20,stack-pilot-t20-b002,55,137369,1318,1318,15.233951708771455,760.6252732764774,5.300613287632133,9.072163299838047,0.7929802580692922,0.06819486323192478,2,316.9143334022414,1,1,0
20,stack-pilot-t20-b002,56,205075,1931,1931,23.399082669315383,706.850149024192,0.8010273030042929,21.982943157003,0.43216483597461774,0.18294737333327843,4,2771.414598602003,0,1,0
20,stack-pilot-t20-b002,57,171529,1573,1573,48.14832052394046,433.7402782337301,1.6933569631892076,18.61577697452016,27.53882450435276,0.300362081878627,0,0.0,0,0,0
20,stack-pilot-t20-b002,58,27865,244,244,8.228976962340607,451.00642356032256,1.6827424292863977,6.001730363216552,0.0,0.5445041698376342,0,0.0,0,1,0
20,stack-pilot-t20-b002,59,217178,2075,2075,30.47318503609412,686.4710601752384,4.270873446983244,18.72769584287974,7.301676613754396,0.1729391324765918,2,659.9035911716624,0,1,0
20,stack-pilot-t20-b002,60,7605,70,70,3.818784170630814,366.7213382923276,0.09772036494269183,1.2763627829032202,1.9694261947045535,0.4752748280803464,0,0.0,0,1,0
20,stack-pilot-t20-b002,61,160334,1513,1513,20.711680368220044,435.73672822600554,7.1324533093386755,2.6937583006374552,10.379460582310335,0.5060081759336489,3,185.56079100127522,1,1,0
20,stack-pilot-t20-b002,62,521538,5290,5290,61.262375401258346,751.1424146796843,2.989238574830941,41.84134417871839,16.093202154307612,0.33859049340245034,2,375.58777796953314,0,1,0
20,stack-pilot-t20-b002,63,157556,1430,1430,16.56974085650396,868.7694727416069,0.5187760450701814,15.897559217518925,0.0,0.15340559391491118,3,1728.8720433026836,1,1,0
20,stack-pilot-t20-b002,64,144066,1368,1368,17.954585829089467,675.674077734918,2.9551488802415657,13.975246754605621,0.3913653469244309,0.632824847317788,2,1026.1691802479077,0,1,0
20,stack-pilot-t20-b002,65,348761,3334,3334,40.11123010203375,746.0232915665329,0.0,11.981935692979459,27.60271138323766,0.5265830258166253,3,708.58687185595,0,1,0
20,stack-pilot-t20-b002,66,169322,1521,1521,23.143111147609087,846.601888049816,15.909009977092946,6.13731662898374,0.5546747315347602,0.5421098099978161,5,361.77229631969163,0,1,0
20,stack-pilot-t20-b002,67,545645,5499,5499,80.24475601236836,521.1690014942695,9.806812758793638,46.05668278523948,23.51986911078268,0.8613913575532528,1,189.47912583451836,0,1,0
20,stack-pilot-t20-b002,68,0,0,0,0.0,116.20999766000664,0.0,0.0,0.0,0.0,0,0.0,0,1,0
20,stack-pilot-t20-b002,69,171758,1573,1573,23.718099166388974,534.0664067102573,2.2233759237969393,6.503536704893236,14.588217277699727,0.40296925999911637,3,869.2824615217919,0,1,0
20,stack-pilot-t20-b002,70,211159,1958,1958,22.5939976074121,692.9533044807375,7.2873360312248785,14.550361620061528,0.3463677094478044,0.409932246677859,4,684.8107417340298,0,1,0
20,stack-pilot-t20-b002,71,82573,1104,1104,8.632396071624884,803.3236343633197,8.43536375893639,0.0,0.0,0.1970323126885115,1,7.958486764983212,0,1,0
20,stack-pilot-t20-b002,72,336287,3187,3187,41.081959189928995,544.7906305603376,1.3237386519164764,38.80032995207647,0.47926118658392625,0.4786293993519294,3,956.0440462895825,1,1,0
20,stack-pilot-t20-b002,73,153078,1514,1514,20.37796904554692,745.5469181033977,3.0713565347202043,16.150972562315925,0.88192550744027,0.27371444107038834,3,382.8821525013887,0,1,0
20,stack-pilot-t20-b002,74,343856,3196,3196,35.99636537151097,757.183395016319,1.771825537423669,26.490015489180728,7.519860765061941,0.214663579844613,6,1825.6189023066754,0,1,0
20,stack-pilot-t20-b002,75,443345,4161,4161,57.860741084844975,611.9436655939263,1.2845454046086622,52.063750803836214,4.270304695131344,0.24214018126888195,2,454.6371305785494,0,0,0
20,stack-pilot-t20-b002,76,525522,4975,4975,56.859028570821486,787.6615242061941,34.87083969182749,21.127051219347646,0.36444970472803107,0.496687954917429,7,565.4944562410531,0,1,0
20,stack-pilot-t20-b002,77,558510,5195,5195,66.59128318727923,384.04374557804977,3.1601242575270403,41.63267337580926,21.492143492476384,0.3063420614676753,3,376.8888815150428,1,1,0
20,stack-pilot-t20-b002,78,282572,2612,2612,42.119993486479146,626.9207366167572,11.46141530401725,28.799053921993035,1.3841444701656123,0.4753797903031137,3,89.24535385167209,0,1,0
20,stack-pilot-t20-b002,79,327005,3094,3094,46.54181436370856,491.64813457664553,1.4662456063147398,44.36647592143519,0.37644798950423336,0.33264484645433356,3,244.09727589652806,1,1,0
20,stack-pilot-t20-b002,80,14909,159,159,9.335873481042142,693.7183681175502,0.031153816268060908,6.88325032915327,1.924088322999694,0.4973810126211115,0,0.0,0,1,0
20,stack-pilot-t20-b002,81,82842,889,889,11.392910437174702,687.0809163268044,0.0,9.555105635676092,1.6380483664834173,0.19975643501530782,1,252.56619660023006,0,1,0
20,stack-pilot-t20-b002,82,0,0,0,0.0,0.13045239695929922,0.0,0.0,0.0,0.0,0,0.0,2,0,0
20,stack-pilot-t20-b002,83,248962,2341,2341,30.19731100157145,352.58746866427765,0.0667911047349183,25.68002768095343,4.0843509368289155,0.36614127905383753,2,526.4158448730175,0,1,0
20,stack-pilot-t20-b002,84,9210,93,93,4.2693664272346785,171.0860725027393,0.0,3.1380045059571557,0.8920454685812729,0.23931645269625434,0,0.0,0,1,0
20,stack-pilot-t20-b002,85,217288,2099,2099,23.80414734562994,373.8517358934402,0.809551883353951,22.746804114251226,0.0,0.24779134802466088,2,392.3748780048651,0,1,0
20,stack-pilot-t20-b002,86,305855,2858,2858,40.59205837179584,640.831118415973,3.099438544914963,35.97411931018804,1.2549779568431827,0.26352255984994166,2,334.2676793889567,1,1,0
20,stack-pilot-t20-b002,87,414496,3894,3894,62.780351614525976,661.8481348644142,2.3827855358672014,41.377983398164936,18.52376421187224,0.4958184686221598,3,756.3227101977488,0,0,0
20,stack-pilot-t20-b002,88,0,0,0,0.0,0.042980076985259075,0.0,0.0,0.0,0.0,0,0.0,2,0,0
20,stack-pilot-t20-b002,89,680275,6269,6269,86.46780594118928,729.6777334673177,10.253754413999545,74.8249046170914,1.0454065932410956,0.3437403168573586,5,543.173633842022,0,1,0
20,stack-pilot-t20-b002,90,373099,3539,3539,41.69505919434316,748.3859780347523,5.092108639518254,36.36216087034663,0.0,0.2407896844781376,3,334.4898168670023,0,1,0
20,stack-pilot-t20-b002,91,422272,3945,3945,59.659184423247886,426.27632646461507,2.191674106772034,42.48509240324566,14.711548031357994,0.270869881871688,2,52.701539956852756,0,1,0
20,stack-pilot-t20-b002,92,146858,1407,1407,17.902556656587656,346.0942403022647,0.4547140854734535,17.130615175842493,0.19557155683469318,0.12165583843690131,1,125.69769643172101,0,1,0
20,stack-pilot-t20-b002,93,620751,5632,5632,94.14456047221468,541.73215364527,2.0912915123496543,75.43338058580204,16.340598645701007,0.27928972836275817,4,1027.0116171326026,0,1,0
20,stack-pilot-t20-b002,94,894153,8729,8729,120.175699456143,489.72783407620994,0.3708220227280914,79.19544516782692,39.97384360047094,0.6355886651148737,3,319.052875347038,1,1,0
20,stack-pilot-t20-b002,95,208325,1914,1914,39.206194967021595,365.01593340364167,0.8294585568509432,37.34867478172211,0.4190832367181991,0.6089783917305258,1,28.55247429002268,0,1,0
20,stack-pilot-t20-b002,96,0,0,0,0.0,0.0,0.0,0.0,0.0,0.0,0,0.0,0,0,0
20,stack-pilot-t20-b002,97,159278,1507,1507,17.246073722466967,183.08265933090394,1.0112928341591036,15.351616109355986,0.812105917685102,0.07105886126661998,3,2539.1027202603827,1,0,0
20,stack-pilot-t20-b002,98,40767,400,400,12.926634650831359,374.80210129011914,1.1858126108811307,9.97856646102116,0.9716271880079148,0.7906283909211484,0,0.0,0,1,0
20,stack-pilot-t20-b002,99,158157,1451,1451,24.95382120930885,651.6112470169684,2.5575297247694424,20.962695610673396,0.8887358657048026,0.5448600081609927,4,602.128525594185,4,1,0
20,stack-pilot-t20-b003,0,338236,3229,3229,41.993281486771394,502.5002100743207,1.5605255677136824,39.673871651542576,0.40717070822574897,0.35171355928895315,3,833.1902167550148,0,1,0
20,stack-pilot-t20-b003,1,45871,373,373,9.197561967846141,514.5023906656951,3.621422151048788,4.178384853736361,0.9488132353508263,0.4489417277101601,0,0.0,1,1,0
20,stack-pilot-t20-b003,2,231799,2381,2381,24.900122238505368,731.195987487916,0.8348688004766366,23.761284448009967,0.14428452166976058,0.15968446834895572,3,906.9855165368695,0,1,0
20,stack-pilot-t20-b003,3,169009,1601,1601,18.250231511215155,588.5648370314001,1.6699767236731669,16.1163495452826,0.0,0.4639052422594118,2,665.9075706378144,1,1,0
20,stack-pilot-t20-b003,4,24857,325,325,8.73746802559018,629.5429951701495,0.914284092449797,5.728895067271196,1.5539641141237006,0.540324751745473,0,0.0,1,1,0
20,stack-pilot-t20-b003,5,1320,10,10,0.36582322471537526,104.91310886045724,0.0,0.0,0.27211535375471685,0.09370787096065847,0,0.0,0,1,0
20,stack-pilot-t20-b003,6,75477,847,847,19.180651592848548,697.8355320686762,1.181725867593672,8.230685925092914,9.704010173070227,0.06422962709174479,1,411.0745299156591,0,1,0
20,stack-pilot-t20-b003,7,10404,119,119,4.138295815520719,336.59591536475546,0.17930635901112538,2.9209185278102723,0.5654827380039933,0.4725881906953275,0,0.0,1,1,0
20,stack-pilot-t20-b003,8,267649,2517,2517,38.92979573248088,384.8091880913678,14.456268946641876,16.98058781355058,7.205384697852243,0.2875542744359802,0,0.0,1,0,0
20,stack-pilot-t20-b003,9,100304,981,981,12.750036323774962,421.8001688828601,0.4571940745524811,11.699046811218432,0.08269733169072424,0.5110981063133868,1,249.03180992261917,0,1,0
20,stack-pilot-t20-b003,10,180845,1728,1728,22.126456205911747,589.572105072442,5.560550741688365,16.416908498322655,0.0,0.14899696590058312,2,177.7259197049721,0,1,0
20,stack-pilot-t20-b003,11,13755,142,142,4.055179072460479,197.33157808676023,0.7046708993573698,2.9181145591551285,0.09275417087155802,0.33963944307642857,0,0.0,0,1,0
20,stack-pilot-t20-b003,12,98679,955,955,20.887471380803298,633.9618476501512,0.11343328800562025,20.074047399106824,0.5386042286681914,0.16138646502268253,1,16.878827317893208,0,1,0
20,stack-pilot-t20-b003,13,33190,979,979,10.702093818609033,467.63481892212457,0.908478904758168,8.258977513968034,1.199058924405445,0.3355784754773914,0,0.0,0,1,0
20,stack-pilot-t20-b003,14,18716,154,154,7.019022066204271,270.8176261576,0.6164305175559699,5.505218581822987,0.34751547853738884,0.5498574882879297,0,0.0,3,1,0
20,stack-pilot-t20-b003,15,13326,111,111,5.31940698530098,386.5821090227773,0.6414053839913824,2.8725308993573435,1.4564356387472799,0.34903506320498195,0,0.0,0,1,0
20,stack-pilot-t20-b003,16,17692,152,152,5.0719875849313425,305.849407706653,0.9903108966436311,3.82642120059063,0.13558513031966868,0.11967035737740199,0,0.0,5,1,0
20,stack-pilot-t20-b003,17,147680,1309,1309,19.491607417154242,564.447929294267,12.792651763696734,6.341201169599458,0.07255553132745263,0.2851989525305698,3,83.39511092629473,0,1,0
20,stack-pilot-t20-b003,18,70303,627,627,9.220229074904585,346.1304886031481,0.6574228426578956,8.409725757082052,0.07764123313427262,0.0754392420303277,1,618.9456505653126,2,1,0
20,stack-pilot-t20-b003,19,432252,4053,4053,50.630526346007066,740.6971116616212,0.7538683260101839,48.109050505814146,1.561310336130191,0.20629717805266967,4,971.654280548418,0,1,0
20,stack-pilot-t20-b003,20,189906,1773,1773,25.31236122792288,698.929619925906,0.22056519763120633,14.097596882205687,10.606948901324072,0.38725024676192554,3,357.95788921938663,1,1,0
20,stack-pilot-t20-b003,21,405799,3960,3960,47.03958804384882,584.7481231546494,40.87782244467329,2.5232957882199116,2.89050095543098,0.7479688555247684,6,316.4081391624588,0,1,0
20,stack-pilot-t20-b003,22,96,0,0,0.4106782639517643,0.0,0.0,0.0,0.41063043172653124,4.7832225232983596e-05,0,0.0,0,0,0
20,stack-pilot-t20-b003,23,172477,1571,1571,23.089143849511515,490.0497729290631,0.8450415570313186,20.381104502628688,1.5375787824868894,0.3254190073647592,2,406.2725160968469,0,1,0
20,stack-pilot-t20-b003,24,105170,949,949,21.547936468696022,640.2906297678176,0.04914595651124215,13.856477324570175,7.271019592579961,0.37129359503464476,1,192.5427780359808,0,1,0
20,stack-pilot-t20-b003,25,156372,1431,1431,20.357692878940192,666.5337947807401,3.271874232890528,1.741335355823935,14.880743177277045,0.46374011294866874,4,726.4934388300738,1,1,0
20,stack-pilot-t20-b003,26,178041,1676,1676,45.58375893376839,360.93295451199185,0.060228335399752614,19.714604691345283,25.540084862910945,0.2688410441121321,1,106.95196522477161,0,1,0
20,stack-pilot-t20-b003,27,75414,709,709,11.707633549808351,480.07636038236024,6.428388485096388,4.791102533344315,0.11124897476111073,0.3768935566065764,1,1.3526157342039613,0,1,0
20,stack-pilot-t20-b003,28,5097,58,58,2.2375163505803686,738.4437596735329,0.2517824706599311,1.7413467247758945,0.11616831960236595,0.12821883554217792,0,0.0,0,1,0
20,stack-pilot-t20-b003,29,96529,868,868,31.773616735397475,539.516705877048,0.6910408435544516,7.453811442877495,23.58523340912961,0.0435310398358085,1,224.56790743163413,0,1,0
20,stack-pilot-t20-b003,30,7987,67,67,4.106431678904922,331.2726741960741,0.0,3.845972619620966,0.1288860686854605,0.13157299059849845,0,0.0,0,1,0
20,stack-pilot-t20-b003,31,158773,1504,1504,21.923852628007857,791.3061004832089,14.782263218715492,5.54810467434379,1.240313111919022,0.353171623029771,4,139.53510170629337,0,1,0
20,stack-pilot-t20-b003,32,366640,3514,3514,44.61065654863412,658.5854067394295,0.9136861363464724,12.832937100633792,30.329076176279614,0.5349571353741858,2,303.3476767305764,0,1,0
20,stack-pilot-t20-b003,33,75788,688,688,11.372610169201899,710.6253801403973,0.0,10.2186073383101,0.9674505870152643,0.1865522438765225,1,330.65774838473976,0,1,0
20,stack-pilot-t20-b003,34,632035,5975,5975,80.28319857317716,484.6707130021938,11.01323643121917,67.97318980740688,0.8741959728722577,0.42257636167907636,4,1023.3149031386727,0,1,0
20,stack-pilot-t20-b003,35,470260,4262,4262,51.25877787746338,855.8540234576163,2.939663324694975,39.37188308417903,8.629592157900696,0.3176393106890182,4,1125.9422107177163,0,0,0
20,stack-pilot-t20-b003,36,287725,2702,2702,30.569998426579684,686.3648478128691,9.772740172875142,20.666718245413577,0.0,0.1305400082909386,4,397.80621350840926,1,1,0
20,stack-pilot-t20-b003,37,47990,425,425,7.718622431913254,754.1685177824543,4.1249744625605365,3.277494229833678,0.07183355196320917,0.24432018755581464,0,0.0,1,1,0
20,stack-pilot-t20-b003,38,365695,3591,3591,54.276768102324816,545.3864384245612,2.802353803960612,48.958350581866064,2.1544504858469082,0.3616132306510888,4,234.60795521132033,1,1,0
20,stack-pilot-t20-b003,39,598883,5647,5647,92.22683596249355,595.611954759823,0.3188269564207826,77.27741529153856,14.055721134061047,0.5748725804731264,2,333.3496318528155,0,1,0
20,stack-pilot-t20-b003,40,89905,827,827,11.75836495941593,445.03024398926993,2.2644822578477672,8.485952746052227,0.5321962448670092,0.4757337106489906,1,490.19660434140263,0,1,0
20,stack-pilot-t20-b003,41,0,0,0,0.0,0.001395101033267565,0.0,0.0,0.0,0.0,0,0.0,1,0,0
20,stack-pilot-t20-b003,42,255752,2283,2283,39.50129001329387,615.8992461238148,0.5102272926720478,36.94846576573328,1.5538496959659,0.48874725892236276,2,256.35348605795986,0,1,0
20,stack-pilot-t20-b003,43,343328,3362,3362,48.222267001329975,662.8062978645125,0.6682193880469893,47.132213778662454,0.08267850176707725,0.3391553328534276,3,241.2676049866124,0,1,0
20,stack-pilot-t20-b003,44,268667,2596,2596,30.550350270117526,340.69167536447173,4.460942131035512,24.60886260573283,0.9732825796363613,0.5072629537126683,2,408.6266454909919,0,1,0
20,stack-pilot-t20-b003,45,363777,3365,3365,46.709338366274494,596.9898060430519,7.539742469413557,33.7437383184382,4.8526138917016,0.5732436867205174,4,178.42347378345926,0,1,0
20,stack-pilot-t20-b003,46,213177,2121,2121,41.676732422662525,550.9861724182857,0.06107432249252051,4.453688600166856,36.91756999817,0.24439950183331927,1,36.51060868278212,0,1,0
20,stack-pilot-t20-b003,47,130130,1243,1243,16.14786026166577,652.955864229188,6.478886440678407,9.182270405440086,0.07659684438658587,0.41010657116066873,2,552.0240686342969,0,1,0
20,stack-pilot-t20-b003,48,7759,80,80,3.0118092358081587,222.09896129144704,0.4106928997980047,1.836321572522479,0.6269317073438287,0.13786305614384511,0,0.0,0,1,0
20,stack-pilot-t20-b003,49,269340,2513,2513,31.375386238142323,790.6393071464818,0.057490807245656333,30.94726588259941,0.07091151497479586,0.2997180333223785,2,470.3812679045365,0,1,0
20,stack-pilot-t20-b003,50,91843,804,804,18.53591436207791,546.2081821791465,0.47398619207159715,5.3484044093033205,12.641500205196248,0.07202355550673833,0,0.0,0,0,0
20,stack-pilot-t20-b003,51,149348,1368,1368,16.931694668275664,483.5031641911262,0.42060528850430684,1.5544249210960288,14.706947159642429,0.24971729903295717,1,541.265313653681,1,1,0
20,stack-pilot-t20-b003,52,0,0,0,0.0,0.3024697279179236,0.0,0.0,0.0,0.0,0,0.0,4,0,0
20,stack-pilot-t20-b003,53,172379,1637,1637,24.956375559346736,614.6617793426942,0.0,19.351638286957165,4.904037713897038,0.7006995584925255,3,678.6928953907704,1,1,0
20,stack-pilot-t20-b003,54,98379,931,931,10.807794065801293,677.9607491660596,0.6801664512661828,9.967050045789616,0.0,0.16057756874544446,2,1262.1998480607936,0,1,0
20,stack-pilot-t20-b003,55,232555,2184,2184,28.651876721344106,381.19840553734826,0.0711179112859297,25.830557479637807,2.474344342317778,0.27585698810273646,1,103.78824241227343,0,1,0
20,stack-pilot-t20-b003,56,308,3,3,0.04028371133368005,307.55031707711106,0.04015307044131604,0.0,0.0,0.00013064089236400483,0,0.0,2,1,0
20,stack-pilot-t20-b003,57,147576,1380,1380,26.17702711011527,703.8495236614208,5.054663451695709,14.669541315387258,6.16863694720738,0.28418539582475394,2,372.30796991694706,0,1,0
20,stack-pilot-t20-b003,58,125159,1217,1217,22.371946378848587,47.31272923815765,0.0,16.293545927651156,5.928380812433313,0.15001963876420313,2,239.5428210746878,2,1,0
20,stack-pilot-t20-b003,59,59728,575,575,15.805838409889182,635.3081892385491,2.011298917935355,12.354573711438888,1.0472942943233647,0.39267148619160247,0,0.0,0,1,0
20,stack-pilot-t20-b003,60,59281,487,487,8.563584616000888,462.3885426615933,0.04277743747644161,8.42027919323382,0.0,0.10052798529057354,1,279.9346813757474,0,1,0
20,stack-pilot-t20-b003,61,342325,3331,3331,40.701208401017745,793.2381089723327,26.94781240225601,12.954278008299521,0.10843582535926544,0.6906821651027469,7,399.5471934714184,0,1,0
20,stack-pilot-t20-b003,62,97719,867,867,10.811612049672572,387.1133851540818,2.4334066462676898,8.23231045564442,0.0,0.14589494776042056,1,245.62690488993866,0,1,0
20,stack-pilot-t20-b003,63,385269,3629,3629,48.33534481621584,611.0579475745544,1.3032914461456742,46.74427295080204,0.0,0.28778041926788295,2,283.90170321743653,0,1,0
20,stack-pilot-t20-b003,64,0,0,0,0.0,0.21789343014825135,0.0,0.0,0.0,0.0,0,0.0,1,0,0
20,stack-pilot-t20-b003,65,161018,1511,1511,16.688633234218372,796.9107047344928,3.885065023629901,12.731012536451914,0.0,0.07255567413644096,4,2090.538008365238,0,1,0
20,stack-pilot-t20-b003,66,177595,1692,1692,20.06681305919872,608.4745237708869,0.2057885958343949,14.141742028534114,5.220152670840752,0.4991297639891279,2,298.57330428049954,0,1,0
20,stack-pilot-t20-b003,67,8449,88,88,3.4196116086192583,249.43037747022703,0.26593640086338566,2.423590722992344,0.4818022277086743,0.2482822570548567,0,0.0,1,1,0
20,stack-pilot-t20-b003,68,121880,1113,1113,13.502091980897095,753.1805526607048,1.3341573821057562,11.967063657427726,0.14597419407618872,0.05489674728748196,1,235.40072349337194,0,1,0
20,stack-pilot-t20-b003,69,371852,3626,3626,55.7720908409053,726.0866565583982,1.1474847999378972,49.28019022772021,5.015639600432666,0.32877621281458097,2,413.3478732494456,0,0,0
20,stack-pilot-t20-b003,70,804009,7536,7536,126.8571749350226,651.4555979773975,3.1957102626965015,86.84749637928905,36.152061743977654,0.6619065490589774,4,1387.4670448387851,0,1,0
20,stack-pilot-t20-b003,71,353545,3366,3366,52.29248677747253,173.31780700927285,8.669655358076099,39.285170870903926,4.178908114787191,0.15875243370515252,2,16.564145557974772,1,0,0
20,stack-pilot-t20-b003,72,96656,970,970,10.234681127694396,585.8052298976645,1.2023722376027803,8.592462129712585,0.0736743256529735,0.3661724347260876,2,651.4306472601186,0,1,0
20,stack-pilot-t20-b003,73,7346,61,61,0.9839003369260403,910.672042571343,0.6759750034695999,0.0,0.18326219003574806,0.12466314342069118,0,0.0,0,1,0
20,stack-pilot-t20-b003,74,326059,3002,3002,41.56868134576567,708.5760936972129,2.7283269460965225,27.962878842139943,10.479266404258533,0.3982091532704319,4,877.4570364225863,0,1,0
20,stack-pilot-t20-b003,75,820,8,8,0.4203645011131661,389.4713966900757,0.01712713452597947,0.3699300934947587,0.0,0.033307273092427765,0,0.0,1,1,0
20,stack-pilot-t20-b003,76,20982,214,214,9.323960236140037,344.9632370528731,0.24378133019055404,7.607358009314452,1.2012520282343595,0.27156886840067124,0,0.0,0,1,0
20,stack-pilot-t20-b003,77,197069,1893,1893,23.31060730370562,320.25030099153673,1.978712678167875,20.92127445858045,0.08615093070693547,0.3244692362503334,1,86.61181207147095,0,1,0
20,stack-pilot-t20-b003,78,153143,1447,1447,16.737835081843834,357.5685622962396,15.753635800769704,0.0,0.9151072649292473,0.0690920161448446,1,15.542765272770655,0,1,0
20,stack-pilot-t20-b003,79,421160,3896,3896,57.01864073975707,364.75482029215095,0.3195997522779734,24.315101602797572,31.900198396436092,0.4837409882459157,2,59.584760141190074,1,0,0
20,stack-pilot-t20-b003,80,127820,1221,1221,15.61055595547112,670.9886855190771,0.17276288323178995,14.463343002521638,0.9014410955624044,0.07300897415532843,1,171.07640011299537,0,1,0
20,stack-pilot-t20-b003,81,272630,2571,2571,49.99703222494271,495.54885682940915,3.1166613991137124,31.04668947985952,15.523273914391776,0.3104074315770361,2,288.91599285675943,0,1,0
20,stack-pilot-t20-b003,82,96179,867,867,11.566045072306688,502.99295696182764,0.9928724072765001,10.17718868143994,0.28150037076375156,0.11448361282648145,1,301.40720080962393,1,1,0
20,stack-pilot-t20-b003,83,482988,4747,4747,79.07375292635633,415.5718829230793,4.455391454948264,50.94716252459931,23.248396875237592,0.42280207157166133,3,501.861727718988,0,1,0
20,stack-pilot-t20-b003,84,76228,731,731,26.23211198975498,483.61030770655526,0.22156422300861905,14.105088296304821,11.343367904175183,0.5620915662663412,0,0.0,1,0,0
20,stack-pilot-t20-b003,85,861436,8403,8403,131.42095157668135,570.1507454349451,0.4151408626191777,96.64517568907048,33.92621247399566,0.43442255099697585,2,120.89106649776215,0,1,0
20,stack-pilot-t20-b003,86,5345,64,64,0.568321054594858,114.62368572583112,0.5658798985437384,0.0,0.0,0.0024411560511205413,1,0.5658798985437385,1,1,0
20,stack-pilot-t20-b003,87,328618,3011,3011,56.6757048649042,559.829316541264,9.32581397172501,22.47988196229558,24.428325893687575,0.44168303719618074,1,137.74967908495057,0,0,0
20,stack-pilot-t20-b003,88,75597,773,773,12.875623590731038,482.3969440601951,1.3768242417336927,5.601298828317226,5.700383800267703,0.19711672041231626,1,386.0748312158502,0,1,0
20,stack-pilot-t20-b003,89,0,0,0,0.0,0.370219729229575,0.0,0.0,0.0,0.0,0,0.0,4,0,0
20,stack-pilot-t20-b003,90,0,0,0,0.0,0.025973317300667986,0.0,0.0,0.0,0.0,0,0.0,1,0,0
20,stack-pilot-t20-b003,91,263155,2515,2515,53.29268180409258,435.0503491614114,2.8353077891033927,32.11825274752751,17.8096669859981,0.5294542814634651,2,116.64832774469296,0,0,0
20,stack-pilot-t20-b003,92,290747,2782,2782,48.75227632931963,344.0208330577316,0.481710980880274,40.65083701635867,7.381839769954601,0.23788856212582007,1,124.42027413401138,0,0,0
20,stack-pilot-t20-b003,93,114315,1124,1124,23.95299042355184,416.77452988441786,7.760319360512426,13.529035440112697,2.276012413620265,0.38762320930653044,2,4.249285831143174,0,1,0
20,stack-pilot-t20-b003,94,51783,428,428,13.490774272205691,523.2763896728567,0.9188707214532954,11.457795654643178,0.717326359324943,0.39678153678423156,0,0.0,0,1,0
20,stack-pilot-t20-b003,95,648646,6094,6094,110.72758092409902,527.1753229262806,7.939611136843697,81.89247050469724,20.336151535504023,0.5593477470551148,5,2166.584396760811,1,1,0
20,stack-pilot-t20-b003,96,143898,1390,1390,15.377653908577555,295.36208218008085,4.720624977218876,0.23625361280539892,10.333275253819846,0.08750006473351331,2,54.27815634475188,0,1,0
20,stack-pilot-t20-b003,97,28901,279,279,4.2203877998029,200.82763021488392,2.71812171929566,1.3448619385574148,0.0,0.157404141949821,1,2.220501647119245,0,1,0
20,stack-pilot-t20-b003,98,206657,1962,1962,28.18139965438009,646.9967256077972,0.0934152968273549,26.09838316826154,1.5574405440547707,0.4321606452362638,1,104.62994551574688,1,1,0
20,stack-pilot-t20-b003,99,1154653,11005,11005,176.81799150549324,651.4053718633754,5.4689863269832495,153.29275778850396,17.411561068295153,0.6446863217119475,4,250.68754361163712,1,0,0
20,stack-production-t20-b004,0,4433,37,37,1.3279693062856661,508.32043968933704,0.07228223145847276,0.2300670441367174,0.674712408132109,0.3509076225583668,0,0.0,0,1,0
20,stack-production-t20-b004,1,275726,2527,2527,28.923504440744654,823.7325020467312,16.117036967165966,12.682243746359083,8.304959919769317e-08,0.12422364416997846,4,221.20074037269987,0,1,0
20,stack-production-t20-b004,2,31139,297,297,16.682869740207927,362.5296707571844,1.6860887338528725,4.006701945122359,10.769866699761533,0.22021236147118387,0,0.0,0,1,0
20,stack-production-t20-b004,3,188367,1881,1881,21.92491807646465,512.5932982915277,1.11806539234994,20.353823833394486,0.10680151920678327,0.34622733151328844,1,48.59450860365945,0,1,0
20,stack-production-t20-b004,4,0,0,0,0.0,481.58824264131704,0.0,0.0,0.0,0.0,0,0.0,1,1,0
20,stack-production-t20-b004,5,8830,72,72,2.5596524748408718,534.1663734523269,0.08274665572308754,1.3511036587613034,0.4832539858149722,0.642548174541506,0,0.0,0,1,0
20,stack-production-t20-b004,6,11090,114,114,3.75330912940863,383.41829134123145,0.7626104496656809,1.22546377772494,1.570552589118961,0.19468231289904483,0,0.0,0,1,0
20,stack-production-t20-b004,7,58883,578,578,6.581158382066921,391.55982284044666,0.9425469094688506,0.40356812100912975,4.727299332564488,0.5077440190244488,1,160.56790904697732,0,1,0
20,stack-production-t20-b004,8,62884,595,595,21.271757072535284,381.1952766376271,0.2467319675889995,9.386046233670665,11.182910340878152,0.4560685303974375,1,858.3007276735182,2,1,0
20,stack-production-t20-b004,9,549869,5232,5232,62.19267154698534,635.5676767238588,16.877226796590936,44.837255741547764,0.0,0.478189008846509,8,697.9214347633815,1,1,0
20,stack-production-t20-b004,10,96767,888,888,17.805059719894263,604.3575565964527,1.5328367981217368,13.231569283253904,2.694778917904121,0.34587472061450614,1,912.3712228465434,1,0,0
20,stack-production-t20-b004,11,116485,1090,1090,16.621068280844884,566.1057471791607,0.855281140873082,12.258428978764275,3.2869759233789604,0.22038223782842176,3,266.9743288102364,1,1,0
20,stack-production-t20-b004,12,356018,3301,3301,40.4107251546057,576.4467656788614,0.41198166575045375,31.56516025596827,8.12137431310641,0.31220891977990417,2,153.01672766030185,0,1,0
20,stack-production-t20-b004,13,117991,1127,1127,12.654144198629142,613.8777126121221,0.0,12.601190742942372,0.0,0.05295345568682633,1,144.62690220418784,0,1,0
20,stack-production-t20-b004,14,25334,233,233,5.553710396079809,603.5964346988549,2.1245615088197543,2.7097693750170038,0.5757047155784676,0.1436747966645774,1,1.707005644765012,0,1,0
20,stack-production-t20-b004,15,241481,2338,2338,26.25449055457139,417.91475813849814,1.2811361337245284,24.584227281856055,0.07872021185539779,0.31040692713558266,3,1082.1813218978352,0,1,0
20,stack-production-t20-b004,16,296418,2858,2858,31.74061963415205,671.8535584757053,30.36885302193298,0.7248057788553979,0.3467966420848825,0.3001641912788417,8,206.29349806441647,0,1,0
20,stack-production-t20-b004,17,294934,2732,2732,33.60246561630653,415.4376931219945,1.6693741482827222,31.733612301565554,0.0,0.19947916645847244,1,97.51599288412822,0,1,0
20,stack-production-t20-b004,18,276826,2533,2533,30.981317466093202,614.6741421720361,15.199915814890733,15.256222385746277,0.16133345626076334,0.363845809195318,3,187.91567468278714,0,1,0
20,stack-production-t20-b004,19,184535,1759,1759,23.443960686857178,471.9032135370367,3.2135745522944057,17.999277305224343,1.9286760033501196,0.30243282598819976,1,109.61805757267297,0,1,0
20,stack-production-t20-b004,20,118707,1132,1132,14.44726917618305,298.4560536283075,1.9394585539210576,12.090073948029062,0.24346961665833078,0.17426705757457825,3,1603.2444750484651,0,1,0
20,stack-production-t20-b004,21,560665,5134,5134,59.776262097845425,810.4992995308536,3.1061020377685504,56.417822629417564,0.0,0.25233743065903463,9,5438.241946560039,0,1,0
20,stack-production-t20-b004,22,317820,2897,2897,35.12154335486205,641.275507689237,2.0318228296158996,9.500252419002706,23.15466260653637,0.4348054997070306,2,369.5054828688831,0,1,0
20,stack-production-t20-b004,23,225923,2114,2114,53.8102977373198,638.6110632488812,1.6931641865180576,26.879761222520255,24.90631100917503,0.331061319106484,3,2085.451906792834,0,1,0
20,stack-production-t20-b004,24,194192,1894,1894,27.263208652221604,608.6306874015659,0.1806844898576139,7.658553715328253,19.196291176308275,0.2276792707273995,1,187.50383316453485,0,1,0
20,stack-production-t20-b004,25,653444,6107,6107,82.30362556686643,632.6284858314133,0.007065410300388562,74.13814077504105,7.667915061170778,0.49050432035392066,4,590.3755965876642,0,1,0
20,stack-production-t20-b004,26,435969,4109,4109,47.632641341812786,851.287167468467,5.5762701584783585,41.53712267295894,0.29225034858245635,0.2269981617931212,5,1280.4294137035658,0,1,0
20,stack-production-t20-b004,27,49463,475,475,11.436071812624236,473.90825681299225,2.7868051502904634,8.087666586378873,0.0,0.5616000759549156,1,0.23437343109065364,1,1,0
20,stack-production-t20-b004,28,183450,1708,1708,20.240599268704333,514.017046412113,9.135941747770591,10.139357656603892,0.812358105516978,0.15294175881282016,2,1454.2256436409693,0,1,0
20,stack-production-t20-b004,29,103979,989,989,11.562078903147128,524.0321875427935,1.2789027592702533,10.019941266747901,0.13080375177742098,0.13243112535161056,2,558.3828178904313,0,1,0
20,stack-production-t20-b004,30,440477,4153,4153,52.224799031439076,611.4170741171947,1.4090782074165522,50.387944134154,0.0,0.4277766898685534,2,271.05810085735527,0,1,0
20,stack-production-t20-b004,31,199304,1872,1872,20.961708304685143,377.2332699699837,13.4955633941195,7.031137869071694,0.2837853886887144,0.15122165280518868,3,1547.7362292843725,3,1,0
20,stack-production-t20-b004,32,225683,2191,2191,36.882821437146276,530.3970563459039,1.2103110599713305,33.20925713047639,1.6442624744813656,0.8189907722172085,1,109.15826860982943,0,1,0
20,stack-production-t20-b004,33,262274,2441,2441,33.40766629831011,806.4778593623623,3.047108601733058,9.327705550297791,20.755481016739257,0.27737112954003607,2,191.28452995593574,0,1,0
20,stack-production-t20-b004,34,221994,2079,2079,32.93051571689195,440.32394255741025,0.0,32.076849792935285,0.5722115521457064,0.28145437181084376,2,225.98608029667207,1,1,0
20,stack-production-t20-b004,35,80423,773,773,8.774765840217661,657.1793419370449,0.0,8.694096779730886,0.0,0.08066906048673149,2,1118.152965985384,0,1,0
20,stack-production-t20-b004,36,477913,4624,4624,55.288942395493336,848.4054393073908,1.65574573426324,53.28412253517672,0.0,0.34907412605360516,5,1496.88135439211,1,1,0
20,stack-production-t20-b004,37,462120,4265,4265,53.0070400138688,829.0592777348497,0.5480059399675334,51.83342114719141,0.2941879105710541,0.33142501613871467,5,1429.0625256019766,0,1,0
20,stack-production-t20-b004,38,65971,656,656,7.276371177725692,754.086817716751,1.162263724349319,5.7447846262324,0.0887960827731149,0.28052674437090325,2,1617.6562278123474,0,1,0
20,stack-production-t20-b004,39,77190,699,699,9.250157125874985,653.6910650437816,0.215790318454079,8.804224746794667,0.0,0.23014206062627818,2,1217.7795368088073,0,1,0
20,stack-production-t20-b004,40,325982,3107,3107,38.98442364047115,588.2218523449479,0.03845260138135968,26.380519027977467,12.184919844145952,0.38053216696621406,2,120.8953611436359,0,1,0
20,stack-production-t20-b004,41,95806,884,884,10.603220049148169,338.88538906815626,0.5021863628193913,0.6726830605550731,9.209165440826489,0.21918518494722633,2,264.24838180705166,2,1,0
20,stack-production-t20-b004,42,155568,1514,1514,18.68060232952016,819.4386002098923,1.8468513816512657,15.856310897705306,0.871970819048002,0.10546923111564906,3,2366.34034013736,0,1,0
20,stack-production-t20-b004,43,0,0,0,0.0,119.86465369653831,0.0,0.0,0.0,0.0,0,0.0,0,1,0
20,stack-production-t20-b004,44,365257,3496,3496,57.09372089884,660.3826032410977,9.027107992364048,45.69932193705807,2.140291621843645,0.22699934757375131,3,105.91999918505107,0,1,0
20,stack-production-t20-b004,45,140673,1207,1207,32.12712727771176,442.29379999949487,0.375513676433191,27.115165523892315,4.4819507176234765,0.15449735976269527,1,496.0882883189538,0,1,0
20,stack-production-t20-b004,46,354357,3207,3207,42.33304616369776,458.78908144174005,0.665121887801162,40.622259248194936,0.5834053187405317,0.462259708961198,4,1617.226037656734,1,1,0
20,stack-production-t20-b004,47,14868,127,127,2.6558500413054658,414.39723791876634,1.2269959957053982,1.0242075658304657,0.20903027739768731,0.1956162023719196,0,0.0,0,1,0
20,stack-production-t20-b004,48,237998,2240,2240,42.82682856865792,566.5169006430466,0.7483145637789871,33.029328607450665,8.762550659028163,0.2866347383997566,1,82.10411880284155,1,0,0
20,stack-production-t20-b004,49,0,0,0,0.0,0.0830406255699927,0.0,0.0,0.0,0.0,0,0.0,2,0,0
20,stack-production-t20-b004,50,169049,1439,1439,21.397758611476277,480.99071002698383,11.659746315983286,4.349666021628309,5.038867142762347,0.34947913110220025,3,398.5104623223885,0,1,0
20,stack-production-t20-b004,51,0,0,0,0.0,0.14101991457573604,0.0,0.0,0.0,0.0,0,0.0,5,0,0
20,stack-production-t20-b004,52,40847,365,365,8.970042334454506,529.0266873039725,2.848700598936802,5.004174669898134,0.7047873112314846,0.4123797543880768,0,0.0,0,1,0
20,stack-production-t20-b004,53,2406,27,27,0.7163360372793065,371.93595649338397,0.0,0.23684287417893302,0.264396225924429,0.2150969371759444,0,0.0,0,1,0
20,stack-production-t20-b004,54,1965,17,17,0.9454941408232411,182.03063457750937,0.0,0.8517943172957985,0.0,0.0936998235274429,0,0.0,0,1,0
20,stack-production-t20-b004,55,5592,58,58,2.953109901917995,578.4803513533196,0.2798062931676761,1.554643975475983,1.04562262282343,0.07303701045090247,0,0.0,0,1,0
20,stack-production-t20-b004,56,77990,819,819,12.438075617728787,335.83144704734184,7.006529075011547,3.6705506626918805,1.6129073611082276,0.14808851891714556,1,5.844495600407562,1,1,0
20,stack-production-t20-b004,57,358659,3350,3350,41.79156833632113,438.8685569387508,0.797680653849979,40.57610263718322,0.0,0.41778504528805843,2,274.6766299370066,0,1,0
20,stack-production-t20-b004,58,40899,415,415,10.800103307365191,489.3531672808926,1.309252049728396,8.551647353223643,0.6651939878684061,0.274009916544758,0,0.0,2,1,0
20,stack-production-t20-b004,59,569790,5238,5238,64.28244582958953,729.0086431720151,1.9517076749291091,61.435513504314855,0.44012372516226606,0.4551009251834837,5,2049.5192863715997,0,1,0
20,stack-production-t20-b004,60,92797,867,867,12.26776403610646,318.61659304735804,1.9763859351942743,2.6016540303610327,7.018641301000184,0.6710827695509577,1,60.49358761931792,1,1,0
20,stack-production-t20-b004,61,176665,1676,1676,33.17488339574751,662.6581663536974,0.18174032148900585,29.177575562780568,3.022100394915673,0.7934671165621169,1,158.55926121100526,0,1,0
20,stack-production-t20-b004,62,63555,592,592,8.893282152767437,665.0505412315168,0.46001276195929786,8.033723011735505,0.22176399744967057,0.1777823816229238,1,593.7250618816327,0,1,0
20,stack-production-t20-b004,63,150648,1456,1456,17.372340223079547,690.7712337946347,0.3276262679283951,16.872783378050986,0.0,0.17193057710012843,1,115.17515082495729,0,1,0
20,stack-production-t20-b004,64,197956,1905,1905,24.279793265934092,824.5322850622471,0.021825692788367896,22.968699211431883,0.7737957411482057,0.5154726205657049,2,616.1736710150068,0,0,0
20,stack-production-t20-b004,65,126498,1206,1206,14.333708697934494,777.002767079512,0.3740607973043707,13.574983846067694,0.19990765065631422,0.18475640390623993,1,158.22189274845184,1,1,0
20,stack-production-t20-b004,66,774,7,7,0.0881884720279298,13.403369446351686,0.08789899104752312,0.0,0.0,0.0002894809804066498,0,0.0,1,1,0
20,stack-production-t20-b004,67,0,0,0,0.0,0.19331540676648729,0.0,0.0,0.0,0.0,0,0.0,3,0,0
20,stack-production-t20-b004,68,525944,5026,5026,59.61903528277421,633.1283398334203,4.374019327385423,54.58112030266728,0.0,0.6638956527206761,4,1339.2245063261987,0,1,0
20,stack-production-t20-b004,69,249855,2422,2422,27.753534567080603,514.1107044568712,1.4625643902494354,25.890718924325913,0.0,0.4002512525052683,2,349.8208056886989,0,1,0
20,stack-production-t20-b004,70,311873,2915,2915,36.04311433908887,781.5556216751902,23.194894655209822,12.09727192124434,0.549995779296296,0.20095198333856645,5,285.80457359181617,0,1,0
20,stack-production-t20-b004,71,17337,174,174,8.781994241844474,226.73352164525147,0.07921703222015028,5.767678231407899,2.756770320048744,0.1783286581676742,0,0.0,0,1,0
20,stack-production-t20-b004,72,101885,998,998,11.83014061299837,384.68495661087474,0.37896895072636566,11.177363750207915,0.0808385458367411,0.19296936622732955,1,251.72941923537496,2,1,0
20,stack-production-t20-b004,73,221938,2077,2077,30.24020335424827,641.9242262081143,16.26540501716842,10.057356261534087,3.451300829899324,0.4661412456465511,4,495.26864225297885,0,0,0
20,stack-production-t20-b004,74,317856,3121,3121,35.375417417164826,708.608313668204,0.32241970005401005,34.90218882284907,0.0,0.1508088942617877,2,341.26489532269693,0,1,0
20,stack-production-t20-b004,75,122844,1226,1226,14.974370781422873,322.249411035427,12.426231787448362,1.0947116367609624,1.3155830716168566,0.1378442855966808,3,64.80115326316235,3,1,0
20,stack-production-t20-b004,76,532646,5030,5030,71.84744346701028,527.8637231875284,3.939821011971308,59.23573296067644,8.168161159722281,0.5037283346401152,4,325.70832013041365,1,1,0
20,stack-production-t20-b004,77,53546,529,529,6.2360778909886125,490.8536391205692,5.325665078693237,0.6470370925818543,0.07515681539916841,0.1882189043143981,1,43.44630689185535,0,1,0
20,stack-production-t20-b004,78,483584,4527,4527,66.44975652246326,553.1886048100697,0.008825582143808705,65.57332348732737,0.47873756359901565,0.38886988939302186,2,92.40443955765468,0,1,0
20,stack-production-t20-b004,79,55499,494,494,12.267511490243306,255.2744421881034,4.351024875711856,4.0342885628002705,3.3421439733533873,0.540054078377758,1,4.451815891215371,0,1,0
20,stack-production-t20-b004,80,190076,1837,1837,21.334528646262655,594.3395659892544,10.319495363243796,0.9770570639559537,9.868739317635084,0.16923690142774644,4,854.8667718436524,0,1,0
20,stack-production-t20-b004,81,35756,354,354,12.143062396078648,550.3289088264933,0.03198551299238864,11.719468328944004,0.0,0.39160855414225715,0,0.0,0,1,0
20,stack-production-t20-b004,82,48010,430,430,6.4340414717889,515.5870141504347,4.76184045012458,0.6621024027607518,0.9887396749361227,0.021358943967443093,1,7.176940056586185,1,1,0
20,stack-production-t20-b004,83,463270,4403,4403,51.54672121915574,800.8585185193198,28.273997684086634,20.15482458911979,2.7360183135769494,0.3818806323718769,10,2956.405379982436,2,0,0
20,stack-production-t20-b004,84,7906,65,65,4.190624879494712,611.7842933903828,0.05359060128870116,3.8901458076560402,0.0,0.2468884705499694,0,0.0,0,1,0
20,stack-production-t20-b004,85,55589,545,545,9.506330244114897,418.36222491275294,1.1567800135893904,5.377079896197612,2.8018470762835506,0.17062325804435785,1,867.2183987007027,1,0,0
20,stack-production-t20-b004,86,0,0,0,0.0,0.0438727930013556,0.0,0.0,0.0,0.0,0,0.0,2,0,0
20,stack-production-t20-b004,87,292064,2855,2855,47.98974808234907,376.97647806518654,2.4843773035192105,0.4525630853787561,44.89793695580943,0.15487073764155046,0,0.0,0,0,0
20,stack-production-t20-b004,88,3431,28,28,1.2889262097523573,456.0729499184249,0.2036836379067162,0.4509459865464578,0.5399787945170829,0.09431779078209963,0,0.0,0,1,0
20,stack-production-t20-b004,89,636924,6028,6028,66.49669619238999,899.1570095394973,29.93172979439823,36.277695604783645,5.190516640141141e-05,0.2872188880418843,9,1892.8509191570345,1,1,0
20,stack-production-t20-b004,90,0,0,0,0.0,0.07276756585633848,0.0,0.0,0.0,0.0,0,0.0,3,0,0
20,stack-production-t20-b004,91,82681,772,772,10.398852543972339,711.0114446366541,8.117559724058546,2.039698985402083,0.1550811666620575,0.08651266784961262,2,21.946376790696263,1,1,0
20,stack-production-t20-b004,92,103915,1088,1088,10.857739410284475,378.2018527505705,0.37279441324850854,10.356831521688198,0.08135878734719881,0.04675468800063554,2,1222.7241234091784,0,1,0
20,stack-production-t20-b004,93,194857,1828,1828,22.969970444061822,519.4946876861869,1.733494982165046,19.05238110271664,1.9885197086478001,0.1955746505322125,3,412.62278997737275,0,1,0
20,stack-production-t20-b004,94,231234,2199,2199,25.282235449616064,651.7041645438715,1.2178455077574906,19.441776980483098,4.423069016710008,0.19954394466543904,2,466.8974351832446,0,1,0
20,stack-production-t20-b004,95,481506,4589,4589,72.82884476653815,501.13647894612654,0.817444923875984,66.03241443569455,5.217581655111159,0.7614037518564768,1,65.41685558021096,0,1,0
20,stack-production-t20-b004,96,689053,6425,6425,140.26937856283973,621.6902729911271,0.9210857835428262,69.97381770092761,68.81710873806767,0.5573663403009987,1,49.730019679057,0,0,0
20,stack-production-t20-b004,97,9496,105,105,4.97390840904795,632.1923411514018,0.24050808874844046,2.202036087544343,2.208842007820516,0.32252222493464605,1,0.314752560513494,0,1,0
20,stack-production-t20-b004,98,196726,1869,1869,30.2697408195478,457.97388639308787,12.90916961626117,16.292480431451057,0.7081916227900109,0.35989914904541304,2,15.10402870449033,0,1,0
20,stack-production-t20-b004,99,268223,2973,2973,33.29469679491549,639.694593024856,0.8637996401744155,31.918994889637904,0.15328279003188072,0.3586194750714477,3,800.1328106253069,0,1,0
20,stack-production-t20-b005,0,109147,1062,1062,25.299366572908998,172.09818928956756,10.888174235368183,0.0,14.362165368750903,0.04902696878969991,1,42.557777689667475,0,0,0
20,stack-production-t20-b005,1,366619,3432,3432,41.4992562309194,660.8133477068359,1.1719108270043979,38.942649427767144,0.9237171424617827,0.4609788336858961,2,327.9421007104549,0,1,0
20,stack-production-t20-b005,2,22431,227,227,5.722620455424263,406.3361864325968,1.4576108452649361,2.756316363266137,1.062587124166679,0.4461061227265097,0,0.0,0,1,0
20,stack-production-t20-b005,3,254572,2265,2265,28.674272546157507,659.9164923488037,3.0827492143514226,25.10129502497612,0.1807379683432373,0.30949033848658775,3,857.36031034962,1,1,0
20,stack-production-t20-b005,4,0,0,0,0.0,0.45695442675059894,0.0,0.0,0.0,0.0,0,0.0,2,0,0
20,stack-production-t20-b005,5,733704,6889,6889,102.80626276108643,543.89602017067,4.427720461788779,97.90615716681762,0.0,0.47238513247872144,2,129.3657676693906,0,1,0
20,stack-production-t20-b005,6,79534,708,708,11.189915822142634,376.2844731480451,0.5056233618254747,10.263885410189541,0.13382898255622422,0.286578067571407,1,351.3515418230061,0,1,0
20,stack-production-t20-b005,7,88641,867,867,9.902032388520338,444.4757507769417,2.6635013102107465,0.0,7.198963867329753,0.039567210979768695,1,222.81177487457373,0,1,0
20,stack-production-t20-b005,8,112178,1011,1011,12.326784208366355,360.0882835156838,2.0165662077993525,10.201026428718698,0.0,0.10919157184829674,2,1569.504261409445,1,1,0
20,stack-production-t20-b005,9,439621,4113,4113,60.445907802861164,571.3169765929697,0.050217557349839785,58.5768404497686,1.0147525760567078,0.8040972196856409,1,72.2009843281837,1,1,0
20,stack-production-t20-b005,10,114011,1130,1130,14.098334901874503,846.9850665486464,0.3295854283778401,12.82938150490764,0.7032896406217333,0.23607832796728506,2,1193.1472350613794,0,1,0
20,stack-production-t20-b005,11,19011,179,179,1.9959392068845923,456.7517134718282,1.8957052101944425,0.0,0.0,0.10023399669015223,0,0.0,0,1,0
20,stack-production-t20-b005,12,2629,25,25,0.4300661510481325,108.61223913931343,0.0842179425712142,0.15855333774311475,0.0,0.1872948707338035,0,0.0,3,1,0
20,stack-production-t20-b005,13,2560,30,30,0.33612241493570866,16.189052639355303,0.26331273115079135,0.0,0.07169670300390862,0.0011129807810085707,0,0.0,0,1,0
20,stack-production-t20-b005,14,4053,33,33,1.2870031210881288,425.4681620538623,0.2661670999469433,1.0189969728802453,0.0,0.0018390482609405925,0,0.0,0,1,0
20,stack-production-t20-b005,15,209376,1984,1984,21.79269061260298,938.8242725253218,21.697865642562608,0.0,0.0,0.0948249700404046,4,73.18080904209302,0,1,0
20,stack-production-t20-b005,16,0,0,0,0.0,0.17497212741000112,0.0,0.0,0.0,0.0,0,0.0,3,0,0
20,stack-production-t20-b005,17,582395,5581,5581,65.48787675300964,676.2593998962351,6.555003273095354,57.881107547844344,0.17762851629959187,0.8741374157707791,3,578.0865719566821,1,1,0
20,stack-production-t20-b005,18,10151,74,74,1.3346956460074704,389.18188650292444,1.0049221309717373,0.0,0.2814768695807288,0.048296645455004165,0,0.0,0,1,0
20,stack-production-t20-b005,19,164387,1598,1598,18.423341324625344,724.8476552391818,1.1529691153231865,12.78549071622011,4.047587274708242,0.4372942183736214,3,1001.8145268675377,0,1,0
20,stack-production-t20-b005,20,215969,2121,2121,29.467861790544305,331.0533345217725,1.0556419319917425,23.589777986200946,4.541589753320125,0.28085211903157364,0,0.0,1,1,0
20,stack-production-t20-b005,21,342363,3125,3125,42.77050071403974,602.2527853766597,0.08924867503768241,30.25117036799155,11.98990183093266,0.44017984007787386,2,93.60926267342984,0,1,0
20,stack-production-t20-b005,22,162436,1620,1620,33.27528090607574,232.93679462413127,9.218791832611004,12.185111089904469,11.567378850524598,0.3039991330355451,2,47.90604307466872,0,0,0
20,stack-production-t20-b005,23,32955,317,317,11.019809275592369,441.5538704828245,2.219107289869269,2.739460729341772,5.466348638112367,0.5948926182689551,0,0.0,0,1,0
20,stack-production-t20-b005,24,316068,3078,3078,44.94879643880385,486.91271658499926,0.12036974218628073,43.625519818177935,0.97410057470006,0.2288063037399202,2,167.9441187797592,0,1,0
20,stack-production-t20-b005,25,232006,2066,2066,25.125707505513684,765.5015456806877,23.50218095913904,1.2486918301110563,0.0,0.3748347162635193,4,271.2340988741762,0,1,0
20,stack-production-t20-b005,26,610144,5744,5744,130.04423017320855,441.5366973973965,7.33615075395824,59.39735841783181,63.00829035610741,0.30243064531185204,3,800.3664812905026,0,0,0
20,stack-production-t20-b005,27,450892,4315,4315,46.8476288739078,543.1310841277478,17.02610738424223,29.543151166128972,0.0,0.2783703235372244,9,4027.6220525164626,1,1,0
20,stack-production-t20-b005,28,0,0,0,0.0,0.020127565148868598,0.0,0.0,0.0,0.0,0,0.0,3,0,0
20,stack-production-t20-b005,29,149579,1282,1282,17.861910285707197,506.23065461506224,2.0427276855110925,15.2750088885285,0.4062884565355489,0.13788525513203004,2,672.0242800528815,0,1,0
20,stack-production-t20-b005,30,184229,1653,1653,19.308464446420018,361.60061349934324,18.817220124589774,0.36707328298462016,0.0,0.1241710388457337,4,270.85910936999574,1,1,0
20,stack-production-t20-b005,31,97626,964,964,10.172294260627208,796.2628816083962,0.011181015493140142,10.117516983581723,0.0,0.04359626155230704,2,897.2416581225243,2,1,0
20,stack-production-t20-b005,32,311583,2914,2914,32.58173396463771,641.6149969601762,1.6887886933638034,30.752766778060213,0.0,0.14017849321337655,6,2000.8808566831642,1,1,0
20,stack-production-t20-b005,33,36263,365,365,5.160465064508211,233.63718488844677,3.4917404185485275,1.5924878642896374,0.0,0.07623678167004554,2,1.8250168187174411,2,1,0
20,stack-production-t20-b005,34,231803,2064,2064,35.917114213963124,618.6628238613091,3.8129158883428027,30.373966386236095,1.53059338445928,0.19963855492517074,2,62.819837274958104,0,1,0
20,stack-production-t20-b005,35,88694,883,883,19.742318962787525,115.5118349453279,0.08105755753369143,16.869840341698932,2.649076594316881,0.14234446923808206,0,0.0,0,1,0
20,stack-production-t20-b005,36,9368,69,69,5.227432722970043,530.6995525557343,0.01270155695985642,4.86495941722626,0.13694943765221979,0.2128223111317072,0,0.0,0,1,0
20,stack-production-t20-b005,37,97508,899,899,21.481400622186264,537.7996564424075,0.1577317823006049,19.97757943693193,1.1189240108160448,0.22716539213775996,0,0.0,0,1,0
20,stack-production-t20-b005,38,236079,2218,2218,27.934058462178065,571.6276210095042,0.04117418801753199,26.92265879664474,0.6799659468833852,0.29025953063247695,2,374.68656704153096,1,1,0
20,stack-production-t20-b005,39,263386,2470,2470,34.21217518832044,497.94289466049696,1.2581346955506196,31.539011272423046,0.8727647028681438,0.5422645174788073,3,469.24937994068557,1,1,0
20,stack-production-t20-b005,40,382732,3620,3620,51.74932579187028,570.2905207600094,1.1922103972604836,50.28118509514719,0.0,0.2759302994627651,3,806.1883719798268,0,1,0
20,stack-production-t20-b005,41,8502,72,72,7.689714376549688,107.16795421929876,0.14602433835880124,0.47226481739052095,7.067477604261212,0.00394761653915027,0,0.0,0,0,0
20,stack-production-t20-b005,42,145396,1355,1355,16.7035733051383,688.7715217899081,0.22316820044921068,16.104861236577204,0.0,0.37554386811192786,3,672.185088129462,0,1,0
20,stack-production-t20-b005,43,211,2,2,0.15400266901462503,50.40174594280373,0.0,0.14531955288134668,0.0,0.008683116133278396,0,0.0,0,1,0
20,stack-production-t20-b005,44,40407,373,373,11.810042046704439,417.2870050296036,0.3727831317584039,9.855487635524355,1.0737770572105205,0.5079942222111496,0,0.0,1,1,0
20,stack-production-t20-b005,45,20948,212,212,8.201692006492433,240.2143959643339,0.5877914044755208,5.147436203314783,1.8011331820180323,0.6653312166840998,0,0.0,1,1,0
20,stack-production-t20-b005,46,0,0,0,0.0,6.312038825197924,0.0,0.0,0.0,0.0,0,0.0,0,1,0
20,stack-production-t20-b005,47,90448,854,854,11.980886020209498,671.0163166115492,1.5687695957566623,10.154665353558983,0.0,0.2574510708938826,2,440.83021341687953,0,1,0
20,stack-production-t20-b005,48,211345,1932,1932,26.113054015442764,626.3336651938281,1.3758445093261615,23.125885848583852,1.1720546985022813,0.43926895903030105,2,421.5010712903676,0,1,0
20,stack-production-t20-b005,49,351779,3296,3296,54.063680376411554,482.3076713837855,0.9440881576960775,32.682975750820205,20.000194626191522,0.43642184170448844,4,795.6286825969928,0,1,0
20,stack-production-t20-b005,50,37899,389,389,10.808592925415558,536.8501543791741,1.64999662022961,8.138277032078804,0.5826017642575607,0.43771750884960026,0,0.0,2,1,0
20,stack-production-t20-b005,51,20654,186,186,8.76975113699427,756.9850039487823,0.286646182284527,7.741513037158825,0.29870301509618,0.4428889024547185,0,0.0,0,1,0
20,stack-production-t20-b005,52,117291,1124,1124,14.092296812051353,513.7220892564228,11.906703247799927,0.9886085499426827,1.0476114784694346,0.14937353583930008,3,51.631476703953346,1,1,0
20,stack-production-t20-b005,53,172101,1603,1603,33.86233241807674,360.06888868984413,1.575739977050203,26.590410214368788,5.391513570337665,0.304668656320245,1,281.1120033743338,0,1,0
20,stack-production-t20-b005,54,249531,2424,2424,27.210563051474573,587.1950494395102,1.0112064319117806,25.570532246730433,0.12989729209584766,0.4989270807363695,4,2867.1863665555757,0,1,0
20,stack-production-t20-b005,55,18464,165,165,6.726177640360291,403.6030139799239,1.1226594874879565,2.6318021647231262,2.558444485099244,0.4132715030499718,0,0.0,0,1,0
20,stack-production-t20-b005,56,86086,833,833,21.614973960739746,433.485016004029,0.15178658262921224,18.125361216631283,3.1656005903798956,0.17222557109952072,0,0.0,2,1,0
20,stack-production-t20-b005,57,476114,4559,4559,72.84915969926524,606.839998301036,1.1561983116537462,67.01173798078939,4.402024835942319,0.27919857087988714,4,733.4617330289401,0,1,0
20,stack-production-t20-b005,58,291348,2761,2761,32.10014821622271,850.6414869432466,20.874462509915322,10.72668646140389,0.27112449619016843,0.22787474871354588,3,345.76505818293265,1,1,0
20,stack-production-t20-b005,59,17004,165,165,3.4832471282384145,516.6483810782319,0.7931223712516237,1.7488745692735392,0.29783218885131646,0.6434179988619376,0,0.0,2,1,0
20,stack-production-t20-b005,60,51297,473,473,5.359270271704153,330.0074745827122,0.01897602770001138,5.316917396603624,0.0,0.02337684740054138,1,292.2460231870192,0,1,0
20,stack-production-t20-b005,61,713932,6712,6712,108.93376740090584,656.2764023824323,1.0669810447171093,86.99863853570027,20.282848074576577,0.5852997459120656,4,314.05303369192455,0,1,0
20,stack-production-t20-b005,62,494902,4575,4575,78.24263938460363,666.4238094296737,1.5833642876039702,46.47506711721133,29.96110897929558,0.2230990004920655,4,1508.062982462742,0,0,0
20,stack-production-t20-b005,63,378417,3591,3591,42.46193159015556,666.2747698244135,37.75513653685624,4.402374271066718,9.512968972558156e-06,0.3044112692635184,6,124.10508075130679,0,1,0
20,stack-production-t20-b005,64,867,9,9,0.11107041748512232,406.598982557126,0.1106092281028116,0.0,0.0,0.0004611893823107528,0,0.0,0,1,0
20,stack-production-t20-b005,65,370328,3569,3569,41.15649187875248,670.1914782295613,3.8199748982012185,24.017161881258758,12.760279750795673,0.5590753484966159,5,1324.4397752005589,0,1,0
20,stack-production-t20-b005,66,70068,640,640,12.048215288197083,709.3351383729456,0.6291039898200794,9.877256316183153,1.2576876892708242,0.2841672929230259,1,779.2080104833142,1,1,0
20,stack-production-t20-b005,67,371693,3560,3560,40.538074599696266,775.1906078749213,34.46170357579325,2.202508621822062,3.6370652335781983,0.2367971685029948,8,951.1551212111808,0,1,0
20,stack-production-t20-b005,68,215925,2035,2035,23.719084536394732,725.1173830149098,21.802259404121685,1.702842575724162,0.0,0.21398255654879914,4,57.959951653298944,1,1,0
20,stack-production-t20-b005,69,272527,2558,2558,37.10524008506006,646.399427867311,0.38423785349368317,35.99868844867516,0.4178690447261033,0.30444473816497275,1,76.9658686029779,0,1,0
20,stack-production-t20-b005,70,149689,1443,1443,15.446667192959366,510.13191591574036,2.0977763514204226,13.281730892038878,0.0,0.06715994950003051,3,2371.11979282437,0,1,0
20,stack-production-t20-b005,71,159537,1507,1507,20.732545917069388,344.53003771617693,0.9557448467229863,19.24671073289351,0.24759597706325087,0.28249436038946124,2,286.6828975833783,2,1,0
20,stack-production-t20-b005,72,384323,3682,3682,57.78736402058708,435.64081649536064,0.1535484056267357,56.66876094938192,0.45579218485363526,0.5092624807246551,2,549.8399123198484,0,1,0
20,stack-production-t20-b005,73,27340,253,253,3.0861285149058353,421.0125880437875,2.812798420909802,0.08969046047843676,0.13942303427756997,0.04421659924002143,0,0.0,0,1,0
20,stack-production-t20-b005,74,579046,5451,5451,92.5521865365145,356.8579584861778,0.3236098767667644,71.87092744342443,20.098351120580052,0.2592980957438722,3,218.72489611593022,0,0,0
20,stack-production-t20-b005,75,5782,42,42,3.2394433416915285,655.0994571586124,0.22751019450674118,2.7467817353589226,0.22356499068337143,0.041586421142498775,1,0.07996941723646989,0,1,0
20,stack-production-t20-b005,76,21700,202,202,6.735026666746035,593.7996459438315,0.6720294314833989,5.516141909002727,0.09341963732003933,0.4534356889398715,0,0.0,0,1,0
20,stack-production-t20-b005,77,200661,1952,1952,21.983296164872527,524.5770771467279,2.7939885451649054,19.0845425627292,0.0,0.10476505697817741,4,408.28695940987205,1,1,0
20,stack-production-t20-b005,78,392891,3721,3721,44.55114607460454,384.11343138929703,0.6230353073457571,43.54121811170149,0.0,0.38689265555754376,3,611.1561011087645,0,1,0
20,stack-production-t20-b005,79,368076,3443,3443,41.34710256077937,593.1641390705847,2.8610254364045686,37.82773546626528,0.2726373363075254,0.3857043218019857,4,1528.3691334181385,0,1,0
20,stack-production-t20-b005,80,98779,862,862,11.387078920555131,441.5036206658939,0.708083085524452,9.776571385135597,0.521392943115643,0.38103150677939274,2,1175.0499657256464,0,1,0
20,stack-production-t20-b005,81,2084,23,23,0.25329736627957367,195.330947010848,0.25221385495515175,0.0,0.0,0.0010835113244220234,0,0.0,0,1,0
20,stack-production-t20-b005,82,2695,21,21,0.8820784171497423,751.5047842353775,0.0,0.6910503470381855,0.0,0.19102807011155715,0,0.0,0,1,0
20,stack-production-t20-b005,83,509592,4641,4641,67.99306566236474,485.5274649396819,2.8283860215305263,64.33160738860649,0.31602799374377355,0.5170442584840196,2,262.3924209030572,0,1,0
20,stack-production-t20-b005,84,113409,1057,1057,23.33718025375396,340.08355511615,1.375776136568281,9.543467305700688,12.352586607256457,0.06535020422863294,1,6.178022211751909,0,1,0
20,stack-production-t20-b005,85,198175,1820,1820,38.30996346000662,435.14785083786,0.3874408829445937,32.76388422261271,4.728413212805979,0.43022514164304365,0,0.0,0,1,0
20,stack-production-t20-b005,86,80327,913,913,12.532246036915346,519.119665368664,0.39042125710081216,12.027486359998235,0.0,0.11433841981618204,1,581.2402905677293,0,1,0
20,stack-production-t20-b005,87,335780,3204,3204,38.49590277117303,594.4397195894448,19.945519651218017,9.124013981346572,9.036199248931666,0.3901698896764361,5,968.1570390172523,1,1,0
20,stack-production-t20-b005,88,7469,76,76,2.0834784918090077,107.21201804239215,0.0,0.7518419061446013,1.3283802186285105,0.003256367035891722,0,0.0,4,0,0
20,stack-production-t20-b005,89,7551,55,55,4.234234524369166,338.4140010107604,0.0,3.8092604675829307,0.132326007278607,0.2926480495076319,0,0.0,0,1,0
20,stack-production-t20-b005,90,145164,1356,1356,15.897831142351883,805.3023623703036,4.328175058034507,11.380728301091999,0.0,0.18892778322538734,2,1457.4043018684733,0,1,0
20,stack-production-t20-b005,91,59432,576,576,8.74605382339299,677.105399829129,5.518001667931551,2.9143474002187304,0.0,0.3137047552427048,1,0.461677049404011,0,1,0
20,stack-production-t20-b005,92,326040,3137,3137,38.68936685749756,814.6451906804175,8.785304314155253,29.414734168467263,0.07222396731958725,0.4171044075553927,3,96.41934180751439,0,1,0
20,stack-production-t20-b005,93,2940,31,31,0.9909616795586471,353.07473898699857,0.0018003194992079747,0.7635465030250543,0.0,0.2256148570343856,0,0.0,0,1,0
20,stack-production-t20-b005,94,205380,1906,1906,45.924644062847634,570.5268543844724,0.29840712873329556,29.605993093261734,15.923331285507066,0.09691255534541682,1,152.08243051060475,0,1,0
20,stack-production-t20-b005,95,131735,1317,1317,16.121242996662488,698.718745841585,0.7215251426124353,14.71266847614502,0.48977955477676005,0.19726982312829108,2,816.932794801033,0,1,0
20,stack-production-t20-b005,96,16757,148,148,4.294955106299043,521.1879311755952,1.1513367159244476,2.6686587110766595,0.14257869087123254,0.33238098842670366,2,0.8624161458522029,0,1,0
20,stack-production-t20-b005,97,5668,54,54,1.8711316730917915,293.9135489206828,0.1913056867991086,1.1725786381782655,0.2645357517321827,0.2427115963822338,0,0.0,0,1,0
20,stack-production-t20-b005,98,11574,96,96,6.817683297573897,489.36114097763107,0.0027555181670805813,5.251491256052076,1.2813648612212205,0.28207166213352597,0,0.0,0,1,0
20,stack-production-t20-b005,99,140172,1238,1238,19.707466929257578,710.0573893654836,13.060612265741977,5.301198715049509,0.7937402955176367,0.5519156529485248,2,129.53359695257885,2,1,0
24,stack-pilot-t24-b000,0,3597,23,23,0.47313624377109276,173.0733300223435,0.1859740142741168,0.09390503423753671,0.0,0.19325719525943982,0,0.0,0,1,0
24,stack-pilot-t24-b000,1,20846,179,179,2.774527788777435,57.00780696122059,1.9970473642835134,0.36537306807599634,0.24975166172043828,0.16235569469748806,0,0.0,1,1,0
24,stack-pilot-t24-b000,2,10367,96,96,3.358137440020928,501.65222093901764,0.5880525653484452,1.6851138876673986,0.8323793759464024,0.2525916110586819,1,0.563972789041433,0,1,0
24,stack-pilot-t24-b000,3,286141,2373,2373,30.448241706026064,801.5756207519788,14.630989598155052,15.677465841875751,0.0,0.1397862659951143,3,272.49990133340674,0,1,0
24,stack-pilot-t24-b000,4,206458,1721,1721,26.627543952934353,462.9215203005326,0.0,26.118500398527335,0.12659420603995386,0.38244934836705313,1,95.89352524078795,0,1,0
24,stack-pilot-t24-b000,5,335116,2849,2849,47.801663920172466,538.0815221774575,1.7215064236754383,37.26244653643321,8.471573002498431,0.34613795756618315,3,932.0864903656758,0,1,0
24,stack-pilot-t24-b000,6,467812,4006,4006,77.13350341043916,463.63612216398576,0.3339525665537237,57.59267475518776,18.875869851314782,0.331006237383128,0,0.0,0,0,0
24,stack-pilot-t24-b000,7,4673,40,40,0.987534676492547,267.74018656494684,0.19329495157250845,0.17532491745885181,0.3459044663777604,0.2730103410834267,0,0.0,1,1,0
24,stack-pilot-t24-b000,8,930398,7806,7806,125.90719730750297,681.9614928577832,0.6945207215888369,123.37817033990375,1.342970633025658,0.491535612983154,4,397.298823460153,0,1,0
24,stack-pilot-t24-b000,9,8036,74,74,1.140221273646977,219.69835498807478,0.6294585016732173,0.30801577111401457,0.0,0.2027470008597445,0,0.0,2,1,0
24,stack-pilot-t24-b000,10,18245,139,139,5.5260571474463225,469.00880707374154,0.3672572939923779,4.87945496883242,0.0,0.27934488462151486,0,0.0,1,1,0
24,stack-pilot-t24-b000,11,185427,1496,1496,23.06837309143249,680.1095698010105,7.848829109941138,13.73364866360399,0.9587055000993132,0.5271898177880644,4,286.46033166428145,1,1,0
24,stack-pilot-t24-b000,12,443332,3855,3855,47.78961617251562,753.8528920226144,3.954473592451214,24.0910881301484,19.414378187735366,0.32967626218056134,5,1217.6048564929424,0,0,0
24,stack-pilot-t24-b000,13,418168,3552,3552,50.34524709160492,635.6257988553127,0.9318214808734425,48.86831860269494,0.2795102559375664,0.26559675209858236,4,557.7908473924163,0,1,0
24,stack-pilot-t24-b000,14,406385,3601,3601,76.73662684693811,580.1729104369067,4.579041774387408,40.507755295606735,30.853138428908185,0.7966913480358192,2,579.758829840741,1,0,0
24,stack-pilot-t24-b000,15,193652,1622,1622,34.58913284507424,444.6344560345398,0.9742693850920787,25.01111176629549,8.087888674051936,0.5158630196350033,1,110.77100828867339,0,1,0
24,stack-pilot-t24-b000,16,197153,1684,1684,22.016894259955478,649.1868115500968,2.062376137464444,19.85802067128151,0.0,0.09649745120981874,3,2478.91771053636,1,1,0
24,stack-pilot-t24-b000,17,80342,673,673,11.829447153750769,490.12185752201407,1.336257761086415,4.041361880951172,6.247122077059652,0.20470543465358917,2,821.0925426400997,0,1,0
24,stack-pilot-t24-b000,18,106848,894,894,12.716793248664748,430.0782980424753,1.8491872676354204,1.667324325388563,8.915044312953254,0.2852373426874816,2,524.981794448488,1,1,0
24,stack-pilot-t24-b000,19,247752,2156,2156,49.4409445723838,138.6283870081469,0.19750461833908084,23.335427347038937,25.631691534459446,0.27632107254593125,0,0.0,0,1,0
24,stack-pilot-t24-b000,20,552863,4653,4653,76.06327290091782,854.4777200637118,19.658612521569335,53.83721258963359,2.1074861447068542,0.4599616450082088,7,561.7578117296908,0,1,0
24,stack-pilot-t24-b000,21,7560,71,71,1.2122255523653738,13.742193474559063,0.6407776894193504,0.3597142586075961,0.0971608060390281,0.11457279829939812,0,0.0,0,1,0
24,stack-pilot-t24-b000,22,75355,662,662,46.01195095531439,482.12071899802186,0.19587139889130145,14.154729043807379,31.338735693944155,0.3226148186714748,0,0.0,0,1,0
24,stack-pilot-t24-b000,23,193041,1639,1639,37.51378989128792,581.2817090425858,0.07639550428814627,19.835559526783896,17.001478337612298,0.6003565226035835,1,186.50580541390275,0,1,0
24,stack-pilot-t24-b000,24,577546,4785,4785,75.15494320654865,346.6350608296475,0.021608481304342897,74.75742292466485,0.0,0.3759118005792647,0,0.0,1,1,0
24,stack-pilot-t24-b000,25,203639,1752,1752,30.336977514235038,298.942970390133,0.3512933022667586,29.77324633534448,0.0,0.21243787662391353,2,838.9488186604424,0,1,0
24,stack-pilot-t24-b000,26,90918,754,754,10.400272247427463,564.2632238589866,1.3203055489053175,8.56466534411987,0.0765940098590363,0.4387073445432359,1,485.39749276431195,0,1,0
24,stack-pilot-t24-b000,27,992305,8406,8406,122.3505955138941,638.9813095572162,0.6219006507899092,108.6092507987763,12.505554452960505,0.6138896113667225,5,573.1714409503729,0,1,0
24,stack-pilot-t24-b000,28,694046,5910,5910,94.83693847570798,862.0381504016117,4.183288266090867,79.11006136980295,11.114918571106758,0.42867026870706615,4,455.5947022688069,0,0,0
24,stack-pilot-t24-b000,29,0,0,0,0.0,0.07193355732306372,0.0,0.0,0.0,0.0,0,0.0,1,0,0
24,stack-pilot-t24-b000,30,21780,180,180,7.983246450479168,458.6715391734537,0.5516684156373366,1.4748931768227043,5.8157237218719295,0.140961136147205,1,0.43258280573501384,1,0,0
24,stack-pilot-t24-b000,31,15605,109,109,3.4801083027024924,397.32274568349095,0.07625315681063373,2.1608675591426163,1.1684318263572497,0.07455576039199133,1,90.50536495337768,0,1,0
24,stack-pilot-t24-b000,32,29060,251,251,13.806227871011451,473.4676229725694,1.460523887823165,5.45549971426783,6.453069009246889,0.4371352596735873,0,0.0,0,1,0
24,stack-pilot-t24-b000,33,0,0,0,0.0,0.28630906764010433,0.0,0.0,0.0,0.0,0,0.0,1,0,0
24,stack-pilot-t24-b000,34,217386,1787,1787,24.19757586349535,675.368695616711,22.060667264745106,0.9982593914004383,0.728657078501783,0.4099921288479969,3,160.0840479868126,0,1,0
24,stack-pilot-t24-b000,35,470058,3842,3842,74.61084805659284,639.5469077207396,1.8145996338976302,42.34067132387369,30.059235487889147,0.3963416109329873,6,974.5354163149035,0,1,0
24,stack-pilot-t24-b000,36,189140,1726,1726,23.33943068256842,527.5145396192357,0.029067647160634754,20.884472162679895,2.1215344484374725,0.30435642429043586,1,183.7003550874847,1,1,0
24,stack-pilot-t24-b000,37,71620,587,587,10.53435459094924,666.1819849902856,6.740387516997944,2.4151208948004523,0.9679316440578987,0.4109145350929054,2,6.285986428528501,0,1,0
24,stack-pilot-t24-b000,38,504688,4226,4226,65.75137282981134,716.7957121505101,4.768196192550092,49.05303283329033,11.512810007343882,0.41733379662719033,3,432.31284270881656,0,1,0
24,stack-pilot-t24-b000,39,183839,1491,1491,18.996483028343192,292.9679098435341,2.8377749786189503,16.068927155348916,0.0,0.08978089437545428,3,2044.2879787661238,1,1,0
24,stack-pilot-t24-b000,40,308597,2680,2680,47.41881859979937,441.76623919070664,1.1717499152981898,42.61846956343119,2.660277822504786,0.9683212985655704,1,71.97536356924323,0,1,0
24,stack-pilot-t24-b000,41,78,0,0,0.14996022888504215,0.3151648985076463,0.0,0.0,0.1499289851726644,3.124371237769511e-05,0,0.0,5,0,0
24,stack-pilot-t24-b000,42,130757,1091,1091,14.643312287955544,726.2545564967132,1.1155018064638014,13.160749664499583,0.21154570123144367,0.15551511576082105,2,826.6872232913286,0,1,0
24,stack-pilot-t24-b000,43,334089,2846,2846,69.13306402754993,462.9971790799228,4.654765595043004,44.092666251035226,19.697667127002873,0.6879650544689839,2,465.8665587532149,0,1,0
24,stack-pilot-t24-b000,44,843,8,8,0.2940360359184836,265.4482219126119,0.09432607766439619,0.0,0.199284893422373,0.0004250648317144751,0,0.0,0,1,0
24,stack-pilot-t24-b000,45,299100,2498,2498,32.71589122993549,743.1383704521579,16.91517372950907,15.211372217065158,0.4029280515278515,0.1864172318332219,5,342.6971239298336,2,1,0
24,stack-pilot-t24-b000,46,225067,2000,2000,26.2012122677576,617.288440941759,1.3765885781534528,24.335740899393546,0.1829965172073571,0.30588627300335886,3,1295.7640664417568,0,1,0
24,stack-pilot-t24-b000,47,158296,1322,1322,42.655113369857794,386.81051904873243,5.30737336158188,1.4016440266827885,35.545908370727915,0.4001876108648084,2,273.7967923406129,0,1,0
24,stack-pilot-t24-b000,48,160913,1384,1384,23.001682369193354,608.5427435695317,6.674379524813503,16.01914690034571,0.0,0.30815594403406743,2,782.7400829176585,0,1,0
24,stack-pilot-t24-b000,49,98462,810,810,29.26321786623236,605.2979172443709,0.23801359747679035,14.170058387299719,14.664205889345986,0.1909399921097347,0,0.0,1,0,0
24,stack-pilot-t24-b000,50,4007,28,28,0.6237771375745137,14.724711554064033,0.33252558232225343,0.2127016117359517,0.0,0.07854994351630849,0,0.0,3,1,0
24,stack-pilot-t24-b000,51,69599,565,565,12.621412249235222,518.3690619006068,3.0093750201646214,9.468554567204139,0.0,0.1434826618664746,0,0.0,1,1,0
24,stack-pilot-t24-b000,52,30715,290,290,5.521360590002768,266.5349261536321,2.2637533663392406,3.1771132100436716,0.0,0.0804940136198444,0,0.0,0,1,0
24,stack-pilot-t24-b000,53,572538,4844,4844,78.0790001311989,654.8229011859664,3.1937291093912457,67.31145538425271,7.076580986562732,0.4972346509922472,7,5412.483051175296,0,1,0
24,stack-pilot-t24-b000,54,260745,2228,2228,44.288565433617066,521.7726252980839,5.32862764502783,30.049541573269696,8.671358275715448,0.23903793960399272,0,0.0,0,0,0
24,stack-pilot-t24-b000,55,375075,3149,3149,39.680357434962296,887.1399202029928,1.9088372636236126,37.58753452463935,0.0,0.18398564669936585,4,1237.968999049568,0,1,0
24,stack-pilot-t24-b000,56,252,3,3,0.03693471807674157,4.457755086817245,0.036809212177453934,0.0,0.0,0.00012550589928763312,0,0.0,1,1,0
24,stack-pilot-t24-b000,57,243122,2038,2038,31.37442356422048,576.7203298044652,0.04849108741456026,30.40918433656643,0.2372925829495216,0.6794555572899497,1,118.4026024781835,1,1,0
24,stack-pilot-t24-b000,58,156907,1351,1351,26.576587483988245,364.3365636963746,0.17073262227412034,4.683117150387943,21.322254437433184,0.4004832738929568,1,17.046611813595074,2,1,0
24,stack-pilot-t24-b000,59,8001,78,78,4.360419064529887,143.7488743978577,0.0,3.1731589037890444,0.8360497750982177,0.3512103856426198,0,0.0,0,1,0
24,stack-pilot-t24-b000,60,330055,2788,2788,45.284952797600205,567.4897788427215,3.411595132426369,35.79211849269437,5.494765406511021,0.5864737659683158,1,108.08656039990709,0,1,0
24,stack-pilot-t24-b000,61,126071,1061,1061,14.518975260756328,594.0197738042998,1.3533921307209373,12.918708108420663,0.0,0.24687502161467859,1,281.7508284882191,0,1,0
24,stack-pilot-t24-b000,62,372,1,1,0.35686575484259475,0.0,0.0,0.0,0.35670816687608914,0.00015758796650560476,0,0.0,0,0,0
24,stack-pilot-t24-b000,63,0,0,0,0.0,0.04940053163591074,0.0,0.0,0.0,0.0,0,0.0,3,0,0
24,stack-pilot-t24-b000,64,220635,1787,1787,36.23875626257123,742.9925955800613,5.025266847119586,30.069490102626343,0.8752822116821335,0.2687171011429033,1,4.251446970747473,0,1,0
24,stack-pilot-t24-b000,65,196862,1633,1633,29.571657084694,658.8873203827732,1.1267811684492555,14.870263786729126,13.180764440492819,0.39384768902304024,1,892.9658646125071,0,1,0
24,stack-pilot-t24-b000,66,45576,381,381,6.059623341017344,669.6723672938556,4.466910372769984,1.2446845154145194,0.09001346259537968,0.25801499023749225,1,0.3455857905259327,0,1,0
24,stack-pilot-t24-b000,67,183964,1611,1611,23.20989772457066,187.48284947897685,0.3928420747256477,20.929883828014233,1.7388087989248646,0.14836302290599415,1,104.31743463679715,1,1,0
24,stack-pilot-t24-b000,68,287729,2450,2450,68.9600120151265,494.32617438662436,2.838863043613265,32.44286878743887,33.48274684883669,0.19553333523809804,2,404.9924330049494,0,0,0
24,stack-pilot-t24-b000,69,355289,2943,2943,37.49659820963818,670.9717249016252,36.22977092717965,0.8620299160319291,0.0,0.4047973664265746,8,240.937697231612,0,1,0
24,stack-pilot-t24-b000,70,513512,4358,4358,68.83346934743581,483.07379938733897,4.812988295806269,63.40946400237988,0.1174432224706834,0.4935738267791201,3,84.0475616406972,1,1,0
24,stack-pilot-t24-b000,71,115633,943,943,16.297491103768582,499.37452670207534,0.15071102480105397,14.871343013276295,1.1492406789361256,0.12619638675532835,1,340.4602581214174,1,1,0
24,stack-pilot-t24-b000,72,154841,1317,1317,18.553844151013877,271.29656938330714,2.8516319241040446,2.991899354350835,12.530456490752387,0.17985638180661445,2,118.1012809321184,1,0,0
24,stack-pilot-t24-b000,73,985948,8347,8347,116.44172927448244,441.900515421411,2.414802562432061,111.73883848010891,1.612007614933944,0.6760806170099728,3,305.0001448934562,0,1,0
24,stack-pilot-t24-b000,74,0,0,0,0.0,0.11838437370897736,0.0,0.0,0.0,0.0,0,0.0,1,0,0
24,stack-pilot-t24-b000,75,359318,3026,3026,44.81217482496421,627.8850294041446,2.811700288806288,41.50925307640158,0.17736034409608692,0.31386111566048513,6,4572.121826096048,1,1,0
24,stack-pilot-t24-b000,76,241109,2021,2021,31.022873608127544,750.552800323173,0.27325953845640705,29.240235126853786,1.1240664315871527,0.38531251123000687,2,362.05414222265256,0,1,0
24,stack-pilot-t24-b000,77,1389,10,10,0.8069073476452331,18.234801686159138,0.053233802615516954,0.4997047068750362,0.2458256575573614,0.008143180597319036,0,0.0,0,1,0
24,stack-pilot-t24-b000,78,92504,810,810,16.297192258347692,812.0357693622518,1.188384164381199,13.41094243937258,1.257254986083666,0.4406106685103035,1,473.34883131530194,0,1,0
24,stack-pilot-t24-b000,79,380638,3265,3265,41.61201880102944,833.6646476415998,22.562888046522975,18.625207675362425,0.0,0.42392307914374155,5,268.2833666801386,0,1,0
24,stack-pilot-t24-b000,80,251081,2089,2089,43.41239609976655,511.70128481259417,5.05718757175245,14.40429735731109,23.811078838222095,0.13983233248002702,2,360.19730630489676,1,1,0
24,stack-pilot-t24-b000,81,291586,2493,2493,52.78355706392272,797.5710130795876,10.047245747990868,18.649538067593884,23.94541318519031,0.1413600631475593,1,169.58414208718852,0,0,0
24,stack-pilot-t24-b000,82,190221,1623,1623,20.55671455528359,53.34911446785031,1.1262337699478437,11.36565422054379,7.891103361356928,0.17372320343503528,2,420.26649456210515,2,1,0
24,stack-pilot-t24-b000,83,321333,2773,2773,65.02262378703432,249.24011354560477,0.4073331736040487,32.703044960276735,31.262642160312296,0.649603492841114,1,457.58375846376936,0,1,0
24,stack-pilot-t24-b000,84,0,0,0,0.0,0.0,0.0,0.0,0.0,0.0,0,0.0,0,0,0
24,stack-pilot-t24-b000,85,17992,137,137,6.158399891375154,711.1898229482517,0.732341833509651,4.3960029149914135,0.8167563122187858,0.21329883065529817,0,0.0,0,1,0
24,stack-pilot-t24-b000,86,55085,466,466,10.304408436763145,671.2169334151852,4.320691729777676,3.544844940575217,1.615175103628365,0.8236966627818858,0,0.0,0,1,0
24,stack-pilot-t24-b000,87,17328,142,142,9.31180723308258,524.0801819154366,0.5772827571475494,6.074276480172443,2.3579792227428698,0.30226877301971533,0,0.0,1,1,0
24,stack-pilot-t24-b000,88,3432,33,33,1.2883743465112525,159.37067747019026,0.03790350719581427,0.9550022002987362,0.07219944112148369,0.22326919789521874,0,0.0,0,1,0
24,stack-pilot-t24-b000,89,508687,4317,4317,52.79306157976821,618.8477413949157,2.63075573893353,0.0,49.6832183526815,0.47908748815357455,9,2423.438593392132,0,1,0
24,stack-pilot-t24-b000,90,630240,5285,5285,75.88754132480777,527.7630428034635,3.3781095620536115,70.48390410200143,1.4206701405997961,0.6048575201535242,2,323.8427744693108,0,1,0
24,stack-pilot-t24-b000,91,2085,11,11,1.2555430330725452,209.45875158097215,0.052435464199106115,1.1806344919834828,0.0,0.022473076889956218,0,0.0,1,1,0
24,stack-pilot-t24-b000,92,373789,3225,3225,44.19453485196727,780.9885958308812,19.373128133861666,24.390627312715164,0.07748927861211996,0.3532901267785312,3,108.9901876914048,0,1,0
24,stack-pilot-t24-b000,93,392940,3284,3284,54.26531684159005,471.65815941025573,2.4967275592187814,32.79294148591692,18.657929887905834,0.3177179085483268,4,383.9708237215291,0,1,0
24,stack-pilot-t24-b000,94,803439,6712,6712,128.16486042783544,251.2195586180363,0.09733071936159983,105.74603157883857,21.68402118009954,0.6374769495357243,2,75.29740905039156,0,1,0
24,stack-pilot-t24-b000,95,408343,3433,3433,46.27913548365656,601.7430377033613,3.0430054062756673,42.50109041122723,0.38662055699569464,0.34841910915799584,2,222.8322400195703,1,1,0
24,stack-pilot-t24-b000,96,164596,1410,1410,32.112407553235656,379.2002970088556,4.988719472199211,20.094282644166224,6.628721136147122,0.4006843007231252,1,304.64285208534017,1,1,0
24,stack-pilot-t24-b000,97,394062,3329,3329,47.74767690104584,714.4876393683301,1.3562532566693526,46.17676936868699,0.0,0.214654275689198,6,1661.0331762250871,2,1,0
24,stack-pilot-t24-b000,98,69171,596,596,7.691030375747159,536.5267878510377,1.6520333956544202,0.5994980690298917,5.286657672734916,0.15284123832793775,1,312.18939137309184,0,1,0
24,stack-pilot-t24-b000,99,453426,3704,3704,80.54627429133285,606.1538883166477,0.8418179512755203,70.18648884778143,8.951429214764818,0.5665382775108078,1,185.1782120596074,0,0,0
24,stack-pilot-t24-b001,0,394008,3381,3381,56.85614417169139,574.3894199368681,1.0462270823885471,53.783848887395415,1.7427285867561295,0.2833396151516791,2,153.72260703840502,1,1,0
24,stack-pilot-t24-b001,1,341045,2749,2749,51.813334322710645,492.80198446449555,0.8255384190421945,47.367120315039216,3.343590749524963,0.2770848391042921,1,46.652139046177034,0,1,0
24,stack-pilot-t24-b001,2,87199,687,687,11.950380131339607,442.4495582653515,0.13223103144817253,10.83145901029131,0.8618447682747501,0.12484532132539772,1,45.85533568159921,0,1,0
24,stack-pilot-t24-b001,3,384655,3366,3366,41.86083051221688,752.5294055303115,4.020158733733558,23.737133470080305,13.827902439827916,0.27563586857490013,4,1523.9506025194062,0,1,0
24,stack-pilot-t24-b001,4,583,9,9,0.06429899860375508,0.017777233995730057,0.0,0.0,0.0,0.06429899860375508,0,0.0,2,0,0
24,stack-pilot-t24-b001,5,19517,175,175,2.8170138606743267,382.67921459188915,1.9076207387266757,0.842594362072532,0.0,0.06679875987512116,1,1.5339285749653266,0,1,0
24,stack-pilot-t24-b001,6,1844,20,20,0.7846156876495073,399.99091433495624,0.0,0.6588525804698975,0.0,0.12576310717961012,0,0.0,0,1,0
24,stack-pilot-t24-b001,7,147057,1205,1205,19.288428878685945,415.9720687810281,1.8805122175918714,16.79745763288473,0.454714720189269,0.1557443080203697,1,159.8564216730392,0,1,0
24,stack-pilot-t24-b001,8,183618,1562,1562,27.152173843501426,605.4290093078442,1.6802266659228478,25.261719111536806,0.0,0.21022806604194658,3,1397.332912064989,0,1,0
24,stack-pilot-t24-b001,9,818344,6952,6952,132.22385625694994,327.1130252150997,0.09025482973165226,117.22159624983277,14.267715073092832,0.6442901042931416,1,123.65904895288297,0,0,0
24,stack-pilot-t24-b001,10,188957,1562,1562,19.97519035482588,524.6549347006701,0.9462478560384556,18.747954260073207,0.0,0.2809882387141506,3,1880.8083956742466,0,1,0
24,stack-pilot-t24-b001,11,65205,514,514,9.475243088177184,406.68589564554395,0.5545971329737056,7.291117252721181,1.3526043187102914,0.27692438377201906,0,0.0,0,1,0
24,stack-pilot-t24-b001,12,661144,5500,5500,88.58861673962764,261.7101268530702,0.0,85.7479261358114,2.3335457741982015,0.5071448296170777,2,206.0359099891562,1,1,0
24,stack-pilot-t24-b001,13,85530,772,772,10.248719467162156,495.12646565911604,1.4130862269062228,8.623430096395394,0.0013168862326438102,0.21088625762784413,1,516.3210132456657,0,1,0
24,stack-pilot-t24-b001,14,351937,2999,2999,50.55743742710778,349.74671788198157,0.13097213721627826,44.31312683370271,5.5600320318099135,0.5533064243786234,1,64.14473526998717,0,1,0
24,stack-pilot-t24-b001,15,146845,1146,1146,18.594638012029314,518.3977010708802,0.5649449589807992,17.682355132181925,0.07531202201244014,0.2720258988540693,1,102.6618311472165,0,1,0
24,stack-pilot-t24-b001,16,146897,1242,1242,15.918580490680842,434.0001775557609,0.5103541470496834,15.33621204802118,0.0,0.07201429560997576,2,163.246367111919,0,1,0
24,stack-pilot-t24-b001,17,375606,3241,3241,40.00957968843066,896.6493491322599,8.25410636742688,31.307984363221035,0.0,0.4474889577829671,7,2073.0908684505916,0,1,0
24,stack-pilot-t24-b001,18,120668,1043,1043,15.390734640865599,270.776173764251,1.1344559840953865,13.035089971440122,1.0165832706916262,0.20460541463835272,1,555.2752957147652,0,1,0
24,stack-pilot-t24-b001,19,104951,976,976,13.539685001794867,601.0672815125811,1.9981831601394737,10.954174653733922,0.24329882233178068,0.3440283655896111,1,368.6749113815412,0,1,0
24,stack-pilot-t24-b001,20,516351,4391,4391,89.24557796674979,524.8931347155321,4.181620191831895,48.08376309543147,36.65424755203354,0.3259471274521349,2,855.9832651708138,2,0,0
24,stack-pilot-t24-b001,21,2073,25,25,1.239362686868693,652.2922523423389,0.0,1.2383558893761801,0.0,0.0010067974925146092,0,0.0,0,1,0
24,stack-pilot-t24-b001,22,204286,1716,1716,25.603966939528494,493.4140260891759,3.8970480111656998,20.16174626710169,1.2219025756702495,0.3232700855910031,2,226.79205276039445,0,1,0
24,stack-pilot-t24-b001,23,154383,1313,1313,18.738431298209395,268.4852456641466,1.3053633086617153,9.398273240740266,7.8357121544928265,0.19908259431478603,2,377.9105067334043,1,1,0
24,stack-pilot-t24-b001,24,397349,3374,3374,71.97567710565238,603.1869851464292,0.9766823375485043,47.26572289206545,23.29567995667493,0.43759191936418085,3,1258.8098014701486,0,1,0
24,stack-pilot-t24-b001,25,273801,2240,2240,29.167699472254046,719.0800415823298,0.0,29.033549562298923,0.0,0.1341499099553904,2,385.0564674088413,0,1,0
24,stack-pilot-t24-b001,26,226345,2045,2045,24.230700442000092,326.5515664905988,19.146741135419134,0.16939906764275747,4.731317797273574,0.18324244166466955,4,500.3138316894846,3,1,0
24,stack-pilot-t24-b001,27,149471,1279,1279,20.21464210820368,557.9755105436127,2.1709395529794393,15.581762304116902,2.0521499993885755,0.4097902517185769,2,1187.8654579725503,1,1,0
24,stack-pilot-t24-b001,28,332760,2810,2810,36.34752931481544,406.05127279772705,1.9939718158905255,33.88951018168452,0.1314729630630609,0.3325743541771681,6,4369.2742857367975,0,1,0
24,stack-pilot-t24-b001,29,252233,2112,2112,29.905209935847566,471.8673086024622,1.5256090699193625,20.455312408442182,7.734566138371395,0.18972231911488988,3,397.0458063603929,0,1,0
24,stack-pilot-t24-b001,30,220964,1852,1852,25.320334320156842,418.34382235536276,2.6435499035334793,21.924515980447495,0.30873426182915864,0.4435341743466136,1,156.63730177270196,1,1,0
24,stack-pilot-t24-b001,31,165213,1403,1403,22.744304900944243,506.7158176902242,3.20556829621902,18.6514657487363,0.26432768465929257,0.622943171329822,2,178.87782632100587,0,1,0
24,stack-pilot-t24-b001,32,0,0,0,0.0,0.17574071888520848,0.0,0.0,0.0,0.0,0,0.0,1,0,0
24,stack-pilot-t24-b001,33,180863,1623,1623,19.03488593342922,650.6231457606897,0.6740664456861463,18.247191553853582,0.0,0.11362793388950633,3,2153.302758576967,0,1,0
24,stack-pilot-t24-b001,34,509145,4279,4279,56.43406311112831,424.2046486276679,3.332734141418846,36.66191290354076,16.190031033270067,0.2493850328986016,4,539.4625251695923,0,1,0
24,stack-pilot-t24-b001,35,220428,1946,1946,29.79335825339339,449.31612992785443,0.5222963179289797,7.810025024084553,21.143928804604066,0.3171081067759891,3,357.4876945275371,0,1,0
24,stack-pilot-t24-b001,36,225628,1882,1882,27.57937113278819,563.7001064318348,0.3183030091387316,26.405150820959406,0.5435071917654568,0.31241011092465854,2,473.17616708663525,0,1,0
24,stack-pilot-t24-b001,37,216972,1832,1832,25.24936201822821,650.7743994518773,1.5577143742113895,23.311814155369085,0.0013152226194961258,0.37851826602795857,4,1026.746050580151,0,1,0
24,stack-pilot-t24-b001,38,13407,107,107,4.053364655437931,724.0642327596756,0.911701054993952,1.9686135324196812,0.9666202115604392,0.2064298564638594,0,0.0,1,1,0
24,stack-pilot-t24-b001,39,650759,5563,5563,102.30167319310894,531.943999229995,25.194415119955675,68.75971995566532,7.54105581521914,0.8064823022665615,5,302.0909004386099,0,0,0
24,stack-pilot-t24-b001,40,71059,572,572,13.903202862430403,525.7269218512927,0.09605593876169147,13.65402022894131,0.0,0.1531266947274369,1,13.65402022894131,0,1,0
24,stack-pilot-t24-b001,41,17498,175,175,9.087961439315713,511.34206022801885,0.8075350375943819,4.950925681818603,3.2536465443785563,0.07585417552417888,0,0.0,0,1,0
24,stack-pilot-t24-b001,42,6071,46,46,2.070732054706323,125.10397488429763,0.10825624093253546,1.5429979367589794,0.10436884392765933,0.3151090330871472,0,0.0,0,1,0
24,stack-pilot-t24-b001,43,361096,3057,3057,59.223759675249504,315.9583706419501,2.693894878698158,55.707792028935174,0.21322320249419136,0.6088495651216014,1,39.426902551688165,1,1,0
24,stack-pilot-t24-b001,44,23809,185,185,21.198323625085017,168.78852455366325,0.21501404370193178,3.0386379250912796,17.92923161446914,0.015440041822638927,0,0.0,0,1,0
24,stack-pilot-t24-b001,45,24824,218,218,7.192903280424353,548.7685751791154,0.030881440629294644,6.58856411728982,0.22936386855872115,0.3440938539465311,0,0.0,0,1,0
24,stack-pilot-t24-b001,46,243862,2146,2146,26.07822840082413,588.0223398526678,0.5431992741311329,25.257788791064073,0.0,0.2772403356286946,3,1058.463731158311,0,1,0
24,stack-pilot-t24-b001,47,122717,1107,1107,19.11989946911667,576.247371684054,10.508663487414598,6.695019250283508,1.3887551128300402,0.5274616185886446,1,12.098186823572178,0,1,0
24,stack-pilot-t24-b001,48,8474,73,73,1.2701141430188074,483.81351755307134,0.761865716920307,0.1069589726707818,0.25406346645650046,0.14722598697121728,0,0.0,0,1,0
24,stack-pilot-t24-b001,49,32601,289,289,5.92924590798219,507.42173040133287,0.6181522299955666,4.405730200809299,0.6555863177926113,0.24977715938471073,0,0.0,0,0,0
24,stack-pilot-t24-b001,50,219517,1917,1917,24.645761804145298,565.1247947764241,0.4086862196793512,23.98278343036413,0.0,0.2542921541019427,1,98.26474752370015,0,1,0
24,stack-pilot-t24-b001,51,48332,433,433,39.6020040159427,490.3411534009214,0.13521017857696818,9.797450267051431,29.374084052783452,0.2952595175309222,0,0.0,0,1,0
24,stack-pilot-t24-b001,52,935,10,10,0.10549338690113942,207.26714502349267,0.06976253237541923,0.0,0.0,0.03573085452572019,0,0.0,1,1,0
24,stack-pilot-t24-b001,53,287020,2332,2332,40.03340799190294,630.7319308662126,0.05269196849466916,35.06786923989134,4.330516200619698,0.5823305828969791,1,66.98835852615461,1,1,0
24,stack-pilot-t24-b001,54,57319,493,493,8.865438349074859,490.07366685014017,5.037114779721223,2.2516707758007897,0.9000901159035521,0.6765626776492805,1,0.8074926002756561,0,1,0
24,stack-pilot-t24-b001,55,467438,5650,5650,84.9225992925428,482.15968818697695,7.437065480723733,35.854275560014514,40.877521942058586,0.753736309745876,4,971.2268545872813,1,1,0
24,stack-pilot-t24-b001,56,70575,573,573,7.314648533715326,45.62996969043594,0.055475118400252044,0.0,7.223869341154325,0.03530407416072772,1,72.91599237260728,3,1,0
24,stack-pilot-t24-b001,57,179024,1519,1519,19.477149498700964,544.7920755968105,0.6914739363953233,18.505929332150053,0.0,0.2797462301556071,2,621.2736053102825,0,1,0
24,stack-pilot-t24-b001,58,213854,1871,1871,34.57078961503718,509.46586164182906,1.9694358020772424,26.88488757517784,4.965636340823649,0.7508298969588333,1,137.55097618953508,0,1,0
24,stack-pilot-t24-b001,59,342839,2774,2774,41.82597309541513,563.3945274546858,1.5556958814171893,28.8089427856779,10.830063334940446,0.6312710933801325,2,131.71904775410798,0,1,0
24,stack-pilot-t24-b001,60,214863,1859,1859,43.69239891160028,644.7841624171016,1.4901317552661697,24.03846942736766,17.9438934155239,0.21990431344227832,1,277.7121643012804,0,1,0
24,stack-pilot-t24-b001,61,27506,232,232,21.15554068510016,502.5246897188076,0.6625990226732711,5.365588993132292,14.74547120135421,0.38188146794033595,0,0.0,0,1,0
24,stack-pilot-t24-b001,62,308042,2646,2646,33.85778460172222,777.8468829911434,1.1156190113041986,32.09274227524046,0.20196105376635387,0.4474622614108331,5,2328.590430671136,0,1,0
24,stack-pilot-t24-b001,63,89790,763,763,17.059644324198498,307.92949376958103,0.8451103931961946,0.6599870382672179,15.510357935392475,0.04418895734244261,1,123.97193509123578,0,1,0
24,stack-pilot-t24-b001,64,850453,7356,7356,107.68258353921604,685.6304382418049,2.0836523472022117,71.15914032089258,33.74433203950131,0.6954588316197563,2,736.0496663848596,0,0,0
24,stack-pilot-t24-b001,65,565777,4812,4812,74.32092358272759,198.080313174941,0.0,61.23484353589182,12.80956330612722,0.27651674070794113,3,461.23238409879815,3,1,0
24,stack-pilot-t24-b001,66,22150,183,183,10.19170995135627,577.5020399640143,0.9808695024594736,5.427694197641699,3.669960338535077,0.11318591272002147,0,0.0,0,1,0
24,stack-pilot-t24-b001,67,0,0,0,0.0,112.180360037654,0.0,0.0,0.0,0.0,0,0.0,1,1,0
24,stack-pilot-t24-b001,68,315110,2653,2653,33.18866121473874,592.7008514067611,1.4016322151029816,31.597935959110025,0.0,0.18909304052584783,4,1670.8838639225978,0,1,0
24,stack-pilot-t24-b001,69,562949,4784,4784,81.86467476385667,543.8559589910477,4.500452494961327,75.95611750971773,0.7782253623536235,0.6298793968260843,2,256.2473987652565,1,1,0
24,stack-pilot-t24-b001,70,253943,2182,2182,29.422856303920586,666.5863997526059,1.8084176304067667,19.824412288740316,7.4572735744553125,0.33275281031838017,3,310.1534699270981,0,1,0
24,stack-pilot-t24-b001,71,129971,1111,1111,17.776481433339526,412.6494129326882,5.688914653315587,3.653216804155477,8.230348048421401,0.2040019274470587,2,175.9923727450241,0,1,0
24,stack-pilot-t24-b001,72,0,0,0,0.0,0.10810416468302719,0.0,0.0,0.0,0.0,0,0.0,3,0,0
24,stack-pilot-t24-b001,73,303885,2564,2564,32.403535909565946,539.6735943988961,3.434635148920894,28.818570977990326,0.0,0.15032978265460928,7,4486.513895942528,0,1,0
24,stack-pilot-t24-b001,74,484751,4062,4062,69.66034187187088,792.632940145171,1.0531909398232662,67.25905024358552,1.0382972872506415,0.3098034012109691,2,831.7181961768688,0,1,0
24,stack-pilot-t24-b001,75,3537,21,21,0.7812355500472254,560.481608854052,0.0,0.4662449865566032,0.0,0.31499056349062243,0,0.0,0,1,0
24,stack-pilot-t24-b001,76,6509,51,51,3.3533646137040742,334.07288879933844,0.22270474693347095,1.6313850742584464,1.3030115491437755,0.19626324336838175,0,0.0,0,1,0
24,stack-pilot-t24-b001,77,449798,3805,3805,47.96635933855816,774.193757157645,3.1542769841235048,44.39899870410636,0.0,0.4130836503284705,6,3776.2457641010774,0,1,0
24,stack-pilot-t24-b001,78,262033,2334,2334,34.809395329417264,537.3376854951659,0.11763513211812017,34.273228319380365,0.001316207139097969,0.41721567077964794,1,77.3058930235324,0,1,0
24,stack-pilot-t24-b001,79,188160,1626,1626,23.577295787506163,565.2014435405451,18.42635239528799,4.558338742578826,0.1663278051200905,0.426276844519167,2,18.11708938407393,1,1,0
24,stack-pilot-t24-b001,80,245777,2097,2097,26.921635381472267,505.5322550245131,3.906843256389885,12.041630853815498,10.837322614314022,0.13583865695286745,4,730.4250856169886,1,1,0
24,stack-pilot-t24-b001,81,84608,725,725,13.844095774331384,611.0110295465031,7.10207651589875,6.333448380978781,0.0,0.4085708774538044,1,2.336988080884403,0,1,0
24,stack-pilot-t24-b001,82,402010,3382,3382,48.64252216378346,598.5264530594183,11.390246690312262,35.93355943670361,0.5002073186096823,0.8185087181582917,3,92.21064758349972,0,1,0
24,stack-pilot-t24-b001,83,64973,574,574,18.22425282906063,548.226928460727,3.5739693137172788,11.722123047110244,2.273829687048419,0.6543307811846958,0,0.0,1,1,0
24,stack-pilot-t24-b001,84,361860,3052,3052,46.44412668208056,246.53120219605282,15.407582921881263,5.054009503702787,25.494268550621676,0.4882657058751525,1,20.33890133461872,0,1,0
24,stack-pilot-t24-b001,85,237287,2034,2034,28.156744405913344,693.1505096022433,0.9126114164312833,26.49778399743111,0.6299446773425643,0.11640431470864367,2,447.3574384172648,0,1,0
24,stack-pilot-t24-b001,86,214263,1811,1811,26.028174833711038,510.68098888926414,1.6967673014805456,24.024999608138685,0.0,0.30640792409163464,1,98.98465990935348,0,1,0
24,stack-pilot-t24-b001,87,22954,196,196,3.743219059050289,391.54417309876743,2.036128403828997,1.3090695594952422,0.14228955537510046,0.25573154035095497,2,1.3835524400832422,0,1,0
24,stack-pilot-t24-b001,88,458582,3809,3809,71.80225751827992,514.2931233566097,0.6175114636444595,63.19009860483347,7.769912455136364,0.22473499466522434,2,376.6044655606494,0,1,0
24,stack-pilot-t24-b001,89,643705,5584,5584,87.76610359957554,564.0318378999121,5.54550084684718,79.8396070406745,1.9762780507480784,0.4047176613057043,2,100.03457924359267,0,1,0
24,stack-pilot-t24-b001,90,137399,1146,1146,22.290317906600265,644.0324873686603,2.316378659973891,18.36961224120994,1.2965622386182076,0.30776476679830306,2,344.64808202303936,0,1,0
24,stack-pilot-t24-b001,91,416336,3434,3434,56.65932562455479,447.4830428019023,0.7168525729278926,55.61444707908121,0.0,0.3280259725462921,1,55.61444707908121,0,1,0
24,stack-pilot-t24-b001,92,1550,12,12,1.0073682957024315,203.5873363341844,0.010851795542224088,0.9390315445911028,0.0,0.05748495556910492,0,0.0,1,1,0
24,stack-pilot-t24-b001,93,320526,2711,2711,39.142033819701496,655.1790387491549,3.4261371130537643,34.240558520869754,0.7308735241815825,0.7444646615962921,2,854.8324264331889,0,1,0
24,stack-pilot-t24-b001,94,232261,1983,1983,25.837453211088285,681.4210768341329,23.73713978196272,0.9158916137140523,0.8925855596262409,0.29183625578568223,6,316.0514081707778,0,1,0
24,stack-pilot-t24-b001,95,579973,4870,4870,70.06057493898115,440.97926633884424,1.3089274795894608,68.22689983979757,0.10258754566893913,0.4221600739247093,1,82.57630062651434,1,1,0
24,stack-pilot-t24-b001,96,88208,724,724,9.496457906816486,323.58099078706556,0.45506890392480076,8.993432146148123,0.0,0.04795685674348337,1,298.675185695999,0,1,0
24,stack-pilot-t24-b001,97,221152,1902,1902,29.59512049472334,553.7108188367978,0.9943933448025621,26.651183319143975,1.6311647619495488,0.3183790688271681,4,2673.454547538623,1,1,0
24,stack-pilot-t24-b001,98,210293,1826,1826,25.86842099375328,480.11031746405723,0.0,19.472306773914205,6.152454998226592,0.2436592216124603,1,296.8422602409761,0,1,0
24,stack-pilot-t24-b001,99,128296,1099,1099,14.59732372182049,693.2307940683673,1.1097177169330328,13.148058095315687,0.13794870445053675,0.20159920512132304,2,1405.5997413692858,2,1,0
24,stack-pilot-t24-b002,0,267396,2361,2361,40.62278598783735,636.9098263775234,5.796863703052026,34.07731018607146,0.33847246044933854,0.4101396382646588,2,44.66550679802952,0,1,0
24,stack-pilot-t24-b002,1,8676,75,75,2.428278127349188,391.2020499723272,0.7330915857089411,1.208171857719094,0.45955832073923375,0.027456363181921736,0,0.0,1,1,0
24,stack-pilot-t24-b002,2,96010,824,824,12.874648471242848,554.256028807683,0.6094118111764285,2.9555178741046575,8.726011914929831,0.5837068710319144,3,397.0503167895884,0,1,0
24,stack-pilot-t24-b002,3,465077,3899,3899,56.19967496269737,450.7227469277677,3.171589468806069,51.94219050543424,0.3331050000160758,0.7527899884413656,3,675.2307869156209,1,1,0
24,stack-pilot-t24-b002,4,316135,2658,2658,39.90121855954017,650.3972607798801,2.4128355205158423,34.673582426479015,1.5477954588750436,1.2670051536699651,2,89.89027515092344,0,1,0
24,stack-pilot-t24-b002,5,2271,23,23,0.5665087568503508,173.4896531244538,0.20558975481149336,0.33961671391944037,0.0,0.021302288119417267,0,0.0,0,1,0
24,stack-pilot-t24-b002,6,16259,159,159,2.425340798362659,405.84115610110126,1.3145528574114618,0.38895925387407715,0.3715944793766539,0.3502342077004713,0,0.0,0,1,0
24,stack-pilot-t24-b002,7,161176,1361,1361,33.6793833072731,453.7389513792095,0.48837980771256745,32.40231148975629,0.6433283625974582,0.14536364720682624,1,16.884478490985476,3,0,0
24,stack-pilot-t24-b002,8,56995,494,494,17.291220690907185,331.6564512306436,3.35096056188072,9.082020218623823,4.392424944393497,0.46581496600914235,0,0.0,1,1,0
24,stack-pilot-t24-b002,9,608544,5148,5148,81.73245682257556,401.8861041075611,0.11398712388656393,80.07307814860627,0.4908987053303566,1.054492844752481,1,140.73201407468034,1,1,0
24,stack-pilot-t24-b002,10,184371,1525,1525,44.88099234429254,602.9771214911818,2.3447139948859714,24.982513808024887,16.94633926286639,0.607425278515346,2,218.26601906116358,0,0,0
24,stack-pilot-t24-b002,11,107867,970,970,18.170431941462933,577.7892908666684,0.5708375298522262,15.93683167106276,1.1562798456315453,0.5064828949163268,1,390.7708336481364,0,1,0
24,stack-pilot-t24-b002,12,454409,3821,3821,48.45169108505213,727.0442141325233,27.553454358306833,20.323469719701702,0.28739466257225443,0.28737234447145804,5,206.3559889248666,1,1,0
24,stack-pilot-t24-b002,13,27001,226,226,6.22433301173683,497.32638183978,1.7321640172499142,3.766914465176228,0.42037433429686644,0.3048801950138268,0,0.0,3,1,0
24,stack-pilot-t24-b002,14,309739,2537,2537,47.92677337255262,699.5294137157815,0.0,47.33830330928963,0.1424040490128391,0.44606601424997483,1,42.725994307591954,1,1,0
24,stack-pilot-t24-b002,15,60609,500,500,6.410428001496732,276.0093860905867,6.177615373423635,0.0,0.1616105865832651,0.07120204148984015,1,12.2473549360423,0,1,0
24,stack-pilot-t24-b002,16,28904,236,236,8.15969679421964,544.2147737806812,1.9154533307386485,4.554452612012369,1.3822942516706007,0.3074965997980219,0,0.0,0,1,0
24,stack-pilot-t24-b002,17,348472,2992,2992,51.2208764369038,617.0321734025327,0.0,49.70013441501175,1.1820977666705232,0.3386442552212532,1,48.11388720221844,0,1,0
24,stack-pilot-t24-b002,18,428831,3620,3620,51.516813011558845,399.6103756054667,0.3747235258214159,44.02383432419102,6.746695452199248,0.37155970934648885,3,1221.760321888606,0,1,0
24,stack-pilot-t24-b002,19,403354,3409,3409,53.05243306087726,179.17419693223874,0.9254554270969099,42.21870743248682,9.601950686873742,0.3063195144193341,3,507.7096037309457,1,1,0
24,stack-pilot-t24-b002,20,167641,1452,1452,28.94483572180543,524.6826457827007,0.8729073694797589,26.034220443835405,1.5628856238690787,0.47482228462116677,1,25.161880399347236,0,1,0
24,stack-pilot-t24-b002,21,49366,414,414,6.184609280910404,456.0588444371948,2.6043207481043606,0.5587752248789002,2.562274867062799,0.4592384408643233,2,1.7439490346308548,0,0,0
24,stack-pilot-t24-b002,22,140244,1195,1195,26.380817681930118,358.35717669651524,0.7335160746239927,23.714708943662725,1.51468020322817,0.4179124604151822,1,21.530968226912172,1,1,0
24,stack-pilot-t24-b002,23,2704,22,22,0.7943224906020067,203.89943998227992,0.09881453596800653,0.36751147765016867,0.17135053632046038,0.15664594066337129,0,0.0,0,1,0
24,stack-pilot-t24-b002,24,439391,3750,3750,70.69125184135174,447.69568484172,0.5728604731260601,57.16640044246535,12.237443457474388,0.7145474682853687,1,5.797969634263086,0,1,0
24,stack-pilot-t24-b002,25,63226,557,557,12.634560493595226,543.3800000296762,0.2757775212521927,9.788746384909649,2.2780653085060294,0.29197127892735786,1,878.442671072191,1,1,0
24,stack-pilot-t24-b002,26,324715,2770,2770,62.91892007416365,390.3019646032885,3.7031548771310887,41.92266543976103,16.82505299844794,0.46804675882376817,2,949.627995110348,0,1,0
24,stack-pilot-t24-b002,27,804030,6860,6860,109.0698474405383,314.95585353744957,2.076235617754312,95.58620252550111,10.763167332848203,0.6442419644368351,3,170.22207538995303,2,1,0
24,stack-pilot-t24-b002,28,102216,851,851,15.03760703098799,394.4825223565699,1.978287273934094,9.768830210024664,3.1261482651157024,0.16434128191350164,2,1474.4556736104096,1,1,0
24,stack-pilot-t24-b002,29,117906,1009,1009,14.703001138661202,112.31897338477427,0.3999734146111149,11.559573400810608,2.56107630521818,0.1823780180212894,2,1770.9046146458998,1,0,0
24,stack-pilot-t24-b002,30,188498,1598,1598,28.021082522881347,485.3034328027058,0.4898908615580199,26.795244886375443,0.4438402420273633,0.2921065329206108,1,119.21636076489567,0,1,0
24,stack-pilot-t24-b002,31,115048,859,859,23.3067153430958,613.3694283943269,0.0,19.356093337724033,3.490752472793247,0.4598695325783759,1,209.14290190667842,1,1,0
24,stack-pilot-t24-b002,32,470986,4606,4606,55.07285758567804,577.9782671393025,1.679148760979294,41.07435536490358,11.76327682470025,0.5560766350948784,4,822.566626275735,0,1,0
24,stack-pilot-t24-b002,33,146373,1249,1249,43.91887722654236,834.7691909262467,2.1799096973321133,8.166581195705113,33.500901404589555,0.07148492891586153,1,20.231698724971366,1,0,0
24,stack-pilot-t24-b002,34,272,1,1,0.3291803954648289,500.9908592691553,0.005373502342232925,0.15761531454165834,0.16606988315652416,0.00012169542441356062,0,0.0,0,1,0
24,stack-pilot-t24-b002,35,11029,102,102,3.929074031354525,594.5111662978771,0.24422705947889098,2.906292252160938,0.294516696147039,0.48403802356765807,0,0.0,0,1,0
24,stack-pilot-t24-b002,36,291278,2403,2403,31.893159832558396,274.2308847402167,9.198609653941132,22.551925554240924,0.0,0.14262462437640788,3,130.63848092827143,1,1,0
24,stack-pilot-t24-b002,37,136595,1145,1145,18.668040321377273,467.1754562868216,3.019076672914255,4.541216345443104,10.703946879411374,0.4038004236084899,1,52.32348572922585,0,1,0
24,stack-pilot-t24-b002,38,1455,10,10,0.47512606744708313,76.4797265464853,0.0,0.36448598439596935,0.0,0.11064008305111304,0,0.0,1,1,0
24,stack-pilot-t24-b002,39,13949,96,96,6.86560239845519,461.4232174323744,0.0,6.489741058801769,0.14861036739239353,0.22725097226102892,0,0.0,0,1,0
24,stack-pilot-t24-b002,40,86834,742,742,9.685397658099514,742.49359964491,0.7621949134073457,8.802189129039203,0.0,0.12101361565299276,1,452.74021245527246,0,1,0
24,stack-pilot-t24-b002,41,18318,157,157,8.566673263660137,157.85308495441507,1.1652339627497657,3.014771470424762,4.169877632871235,0.21679019761438567,0,0.0,0,1,0
24,stack-pilot-t24-b002,42,55473,491,491,12.288863730652562,324.9330657832493,4.908575179792801,1.4703336257172168,5.366830973545231,0.5431239515973688,0,0.0,1,1,0
24,stack-pilot-t24-b002,43,168789,1517,1517,18.186359595690764,796.1391708805643,1.304827472350452,16.779581765472585,0.0,0.10195035786770403,3,777.7109455833281,0,1,0
24,stack-pilot-t24-b002,44,52218,417,417,21.163794465533776,377.48828005369563,0.1568165629070314,12.76511652169539,8.21012467621517,0.03173670471628557,2,10.688156711526156,0,1,0
24,stack-pilot-t24-b002,45,97205,791,791,15.113213584811932,479.8612897429727,0.005228365668595135,14.761892337991576,0.10135357481703977,0.24473930633473565,1,345.8139200953978,0,1,0
24,stack-pilot-t24-b002,46,76058,696,696,17.128645687019713,669.7109117109214,0.34319641851473254,15.936382686403933,0.41678770365433593,0.43227887844667856,0,0.0,0,1,0
24,stack-pilot-t24-b002,47,304701,2562,2562,37.731194542847504,550.5203956790352,1.9495307407613158,34.52227260242251,0.8871936481755256,0.37219755148831135,3,1850.8899485990735,1,1,0
24,stack-pilot-t24-b002,48,148896,1192,1192,20.136141568648934,462.1818514831866,0.13114127878083084,18.715541669406857,1.0876121438567141,0.2018464766046183,1,140.8443260678756,0,1,0
24,stack-pilot-t24-b002,49,316541,2880,2880,35.67711903896605,309.92053818868015,0.4434887829833081,34.41278455281407,0.5865068870316463,0.23433881613712831,2,333.69995135376325,0,1,0
24,stack-pilot-t24-b002,50,442,2,2,0.052092285608618026,600.6950374913099,0.05180614162524301,0.0,0.0,0.0002861439833750306,0,0.0,0,1,0
24,stack-pilot-t24-b002,51,162698,1367,1367,26.512941138906605,600.1169671833651,13.457146356570888,11.096336749588204,1.6403141401810615,0.3191438925665888,4,39.683964111628995,0,1,0
24,stack-pilot-t24-b002,52,744004,6333,6333,94.63208264103812,617.5963358875501,2.6999622160446806,91.06856507206642,0.0,0.8635553529264709,3,270.93101641143005,0,1,0
24,stack-pilot-t24-b002,53,425,3,3,1.1905168180756418,126.96349983644443,0.0,0.1328683253394729,1.0574584409314411,0.00019005180472736387,0,0.0,2,1,0
24,stack-pilot-t24-b002,54,15749,129,129,2.8251711742407686,517.0044229980875,1.1717106978104779,1.3132800566346532,0.0,0.34018041979563757,0,0.0,0,1,0
24,stack-pilot-t24-b002,55,113335,909,909,12.974813045149881,496.9702825377656,0.38012970188394957,12.424907387561193,0.0013175821902677853,0.1684583735142842,1,347.18195737372355,0,1,0
24,stack-pilot-t24-b002,56,567128,4872,4872,73.61695221151415,631.1649475766868,2.468119417144057,69.5286059174327,0.8894838354212742,0.7307430415166442,7,1882.6364233738996,1,1,0
24,stack-pilot-t24-b002,57,412019,3547,3547,43.0972225316999,894.9966781145434,17.822011817193825,24.852858205887394,0.0,0.42235250861858475,7,1428.5830390749506,0,1,0
24,stack-pilot-t24-b002,58,914517,7809,7809,132.98874607271904,668.4384468756712,19.75478848287909,83.00022732662148,29.66495631662267,0.5687739465944709,6,802.1757450729853,1,1,0
24,stack-pilot-t24-b002,59,468137,3961,3961,87.93781366013506,613.0467897581375,1.1728382513100246,53.34996006160831,32.78996187907113,0.6250534681455276,1,141.63095724963455,0,0,0
24,stack-pilot-t24-b002,60,223210,1898,1898,29.392715276944237,585.1616945991375,0.11170160313900203,28.151869730522165,0.5315492664065546,0.597594676876528,1,112.36659424516058,0,1,0
24,stack-pilot-t24-b002,61,267706,2300,2300,29.37130246225474,486.5615992561223,0.37104788865071103,28.793900906475695,0.0,0.20635366712860237,2,340.42291803939764,0,1,0
24,stack-pilot-t24-b002,62,506705,4382,4382,58.34725655174362,496.10901571876076,1.9943973993449142,55.80163962421259,0.14201040849911806,0.40920911968695783,4,599.5879253128032,0,1,0
24,stack-pilot-t24-b002,63,84637,752,752,15.322760453818834,150.37865008395912,2.483303357848972,6.269372843594738,6.288106155920321,0.2819780964546876,2,457.47594972465726,2,1,0
24,stack-pilot-t24-b002,64,85486,707,707,9.25654230090299,621.9933590786515,8.794175879098614,0.4202704425185857,0.0,0.0420959792857958,2,94.14761261253904,1,1,0
24,stack-pilot-t24-b002,65,2434,16,16,0.2665903565343864,32.9147337866211,0.2653661673117351,0.0,0.0,0.0012241892226511608,0,0.0,1,1,0
24,stack-pilot-t24-b002,66,0,0,0,0.0,0.0,0.0,0.0,0.0,0.0,0,0.0,0,0,0
24,stack-pilot-t24-b002,67,55940,481,481,5.845939055099101,332.7540096581652,0.3713661115197647,5.433488546100416,0.0,0.0410843974789205,1,696.4225823096257,0,1,0
24,stack-pilot-t24-b002,68,350718,3051,3051,37.297634386772025,864.5821108237485,2.630518221994324,34.37838195084941,0.07234032008636859,0.21639389384231983,5,1242.9947866186767,0,0,0
24,stack-pilot-t24-b002,69,355616,2991,2991,43.22404359178265,519.1396132802655,23.4666125401012,15.702848948531775,3.683508513688145,0.3710735894615086,6,1593.3171282933497,1,1,0
24,stack-pilot-t24-b002,70,6826,54,54,1.9074429531270716,393.25409192638307,0.15239193896535286,1.3403157863048136,0.0,0.41473522785690703,0,0.0,0,1,0
24,stack-pilot-t24-b002,71,115062,992,992,13.768368192057888,778.2145569023245,3.597163409936078,9.40984509877673,0.5101424953791138,0.2512171879659982,1,406.9657981769724,0,1,0
24,stack-pilot-t24-b002,72,425347,3509,3509,64.02412512384757,277.9827033918321,1.2714836523302335,60.04200620345541,1.8647868830867083,0.8458483849752165,2,54.69829958197128,2,1,0
24,stack-pilot-t24-b002,73,28477,217,217,3.1288380911903237,470.43073733253726,2.8122975311308123,0.10989210421166717,0.0,0.2066484558478419,1,2.9253347656334534,0,1,0
24,stack-pilot-t24-b002,74,223409,1888,1888,40.19184065874448,519.1103399728446,1.9857593227310795,25.281230138131757,12.6999119954462,0.224939202435435,0,0.0,0,1,0
24,stack-pilot-t24-b002,75,286381,2383,2383,46.798440213443094,499.3158113494009,2.035955762301514,39.34094775050607,5.080718705801116,0.34081799483468755,0,0.0,0,1,0
24,stack-pilot-t24-b002,76,274852,2232,2232,30.091330469182463,647.2949434032299,9.261593811768147,0.0,20.668666229911484,0.16107042750275696,2,226.53974958081415,0,1,0
24,stack-pilot-t24-b002,77,1069566,9026,9026,128.87195726447854,334.8182099547744,3.88384904634287,121.42468427782005,3.0397019588264134,0.5237219814897086,2,92.9757589369086,2,1,0
24,stack-pilot-t24-b002,78,53673,457,457,14.300551822115693,43.0680633171471,0.0,0.0,14.274194936417318,0.02635688569839107,0,0.0,0,1,0
24,stack-pilot-t24-b002,79,86029,793,793,8.95185326251122,514.707091179893,1.4807387613754774,0.0,7.2005440059626595,0.27057049517305154,1,206.85341017693878,0,1,0
24,stack-pilot-t24-b002,80,707814,6113,6113,106.16303441454245,394.21991961911186,3.127809268417734,76.30055590847442,26.38796654829349,0.3467026893558569,0,0.0,0,0,0
24,stack-pilot-t24-b002,81,118704,949,949,13.946139285320458,484.2157489878131,0.989097863938687,0.7440828112551117,11.913209593754845,0.2997490163718305,2,183.08532972624454,0,1,0
24,stack-pilot-t24-b002,82,18382,143,143,7.230149628608762,336.01405182399867,0.12305553875095519,6.071047505146908,0.2592243993494776,0.7768221853614338,0,0.0,0,1,0
24,stack-pilot-t24-b002,83,153971,1334,1334,16.445863223467025,813.8247395072327,0.35314905392091617,16.017805472234883,0.0,0.07490869731133273,2,362.0050423906018,0,1,0
24,stack-pilot-t24-b002,84,727907,6170,6170,79.63059924782947,670.5449935342494,47.59778880879459,31.534858929840578,0.0,0.4979515091937154,10,597.3838456120067,1,1,0
24,stack-pilot-t24-b002,85,11382,101,101,4.266028645317773,614.4416658462488,0.1919900289763474,3.762087797996742,0.09688499003823381,0.2150658283064552,0,0.0,0,1,0
24,stack-pilot-t24-b002,86,162952,1334,1334,22.247563737923443,512.0754164585061,0.03554337155009417,19.009508998001643,2.7811007794529274,0.4214105889187135,1,149.11677636352047,0,1,0
24,stack-pilot-t24-b002,87,678894,5841,5841,87.34685674138602,774.6261929077808,0.7297089287079942,85.7434786494541,0.32652686518486007,0.54714229803874,4,1133.8110179457894,0,1,0
24,stack-pilot-t24-b002,88,6041,50,50,3.0465942600811537,645.1907085990227,0.0,2.3293820958313063,0.5149347180134334,0.2022774462364103,0,0.0,0,1,0
24,stack-pilot-t24-b002,89,425664,3505,3505,64.10369158677376,632.62018439001,3.093517983666361,48.39104531625037,12.12105967967578,0.4980686071815085,4,1599.6569440209742,0,1,0
24,stack-pilot-t24-b002,90,154856,1304,1304,20.25509694428718,630.8104986026145,1.399840826227129,16.848058300099236,1.559497970704598,0.4476998472563431,1,182.97979660468252,1,1,0
24,stack-pilot-t24-b002,91,186609,1550,1550,24.59967081453057,620.1013812413988,2.134660240597495,19.260546234247524,3.009519001928141,0.1949453377573082,3,2474.107045216054,0,1,0
24,stack-pilot-t24-b002,92,66216,578,578,8.463607928402487,724.5720019147464,0.23000205422990785,7.940423305768965,0.0,0.2931825684035532,1,800.7406839597953,0,1,0
24,stack-pilot-t24-b002,93,109399,917,917,13.819623796683578,505.3297061863378,4.667889184880055,2.4493396822385876,6.30460138369747,0.3977935458673997,4,336.7408460051608,0,1,0
24,stack-pilot-t24-b002,94,276810,2384,2384,35.63222933800634,603.6757319382231,3.404363657464861,30.97178860007564,0.537518433470831,0.7185586469951915,1,91.28075796427333,0,1,0
24,stack-pilot-t24-b002,95,52332,473,473,6.758988291872896,698.198487008665,5.163271028913411,0.41149739772129124,0.9735602897144418,0.21065957552373232,1,12.629809542399483,0,1,0
24,stack-pilot-t24-b002,96,225334,1929,1929,29.109731687705228,442.5078115957176,4.647402698656321,23.54977080477579,0.07098554187723494,0.8415726423958368,4,1997.231541188953,0,1,0
24,stack-pilot-t24-b002,97,243890,2120,2120,27.91528884038591,550.5507123635093,6.7776339807597425,19.8617352390837,1.0916522948340779,0.18426732570830745,2,235.2992342013172,0,1,0
24,stack-pilot-t24-b002,98,303904,2591,2591,41.95620152110518,531.7776799033926,1.3612343888011336,39.626550490238806,0.4373706020451209,0.5310460400199083,1,80.92359064281099,0,1,0
24,stack-pilot-t24-b002,99,216139,1866,1866,23.8516421409959,625.9427597357579,2.5164844445630576,14.671209663081953,6.127896028330051,0.5360520050207567,2,440.70302986454584,0,1,0
24,stack-pilot-t24-b003,0,5872,42,42,8.65926931851223,178.605058325849,6.073206652246199e-05,2.1516197555403096,6.391045971503537,0.1165428594018649,0,0.0,0,0,0
24,stack-pilot-t24-b003,1,475040,4108,4108,54.08466371218795,653.9105456821893,0.07166186120606033,53.65801302803429,0.0,0.35498882294807466,2,243.34247320551182,1,1,0
24,stack-pilot-t24-b003,2,225986,1935,1935,28.585327857583998,646.4410966218531,22.358572507659154,3.4912360673763487,2.386230231122677,0.34928905142589545,4,54.604712874745324,1,1,0
24,stack-pilot-t24-b003,3,91586,744,744,9.84535971953849,211.2671023109982,9.323526995255886,0.08382881772854489,0.3486704333081434,0.08933347324590893,0,0.0,1,1,0
24,stack-pilot-t24-b003,4,107913,988,988,13.531527463901373,533.6639195357327,1.4344930320112872,2.1367006814100478,9.89251938101005,0.06781436946994096,2,556.6994046525515,0,1,0
24,stack-pilot-t24-b003,5,33212,282,282,10.426880764998161,607.3878795802857,1.1285440086873815,6.071004597535193,3.1088554630568552,0.11847669571875397,2,65.54607305600396,0,1,0
24,stack-pilot-t24-b003,6,16221,114,114,7.284104874346319,81.35703035465357,0.04588704456353433,6.608140138378417,0.2610502522875322,0.36902743911683805,0,0.0,0,1,0
24,stack-pilot-t24-b003,7,20695,158,158,4.7791786244610295,467.26083582298685,1.349289885948933,2.8861670145214475,0.19656775609837496,0.3471539678922666,0,0.0,0,1,0
24,stack-pilot-t24-b003,8,225489,1877,1877,31.873028093728504,768.9061031203357,3.7392924419831775,27.38353105750123,0.07981265479429567,0.6703919394497342,3,1219.5718606765522,0,1,0
24,stack-pilot-t24-b003,9,79978,683,683,8.497798816337765,729.7793355358858,0.9237837531564493,7.299340984129492,0.19180391538793629,0.0828701636639054,1,471.4522628486896,0,1,0
24,stack-pilot-t24-b003,10,16009,138,138,8.144868487032882,612.3946750630056,1.2248892001341165,1.0937883783280995,5.593861238344289,0.23232967022635245,0,0.0,0,0,0
24,stack-pilot-t24-b003,11,395194,3350,3350,49.38040537156509,751.3593146314172,2.6316047988116003,46.141073312933045,0.09138511719356757,0.5163421426268725,4,1203.397261771074,0,1,0
24,stack-pilot-t24-b003,12,0,0,0,0.0,0.11751073101913789,0.0,0.0,0.0,0.0,0,0.0,2,0,0
24,stack-pilot-t24-b003,13,736874,6202,6202,120.55783121782667,469.14518192109296,0.9867588560986539,25.452427047377064,93.34922061143838,0.769424702912997,2,838.3135652886453,1,1,0
24,stack-pilot-t24-b003,14,115235,932,932,19.36686994465226,460.6657009242688,1.1612129704382894,7.076128610389219,10.57262238627738,0.5569059775472596,2,786.98839006689,0,1,0
24,stack-pilot-t24-b003,15,426209,3673,3673,57.90636264055275,687.4798418139487,0.05597761265479019,57.223368387012165,0.0,0.6270166408864093,1,57.02602474752707,0,1,0
24,stack-pilot-t24-b003,16,316233,2715,2715,61.74082058391293,227.27853917421763,1.9423686735740449,34.69805810689363,24.65061015357315,0.44978364987176117,3,721.0696145838457,1,1,0
24,stack-pilot-t24-b003,17,13575,109,109,4.251440203883331,456.5074654263347,0.0,3.2909091071095418,0.15975504176640243,0.8007760550073799,0,0.0,1,1,0
24,stack-pilot-t24-b003,18,460319,3874,3874,63.61822015747568,382.0931310841545,0.0,62.85178597877293,0.3492143198764097,0.4172198588258011,1,60.21258073349998,2,1,0
24,stack-pilot-t24-b003,19,3044,24,24,0.9908418186181549,376.6975750356582,0.0,0.7818784633002451,0.0,0.20896335531791083,0,0.0,0,1,0
24,stack-pilot-t24-b003,20,117920,1004,1004,12.766412199767414,341.3701150602254,12.11716444850653,0.43923995813361216,0.0,0.2100077931272469,4,18.665922365629022,1,1,0
24,stack-pilot-t24-b003,21,116527,999,999,26.110568477179726,556.3133396589203,0.04100517988115905,2.1640871175305847,23.82590516993418,0.07957100983373071,1,23.46415751114996,0,1,0
24,stack-pilot-t24-b003,22,222291,2009,2009,34.1993076098808,601.626544830473,0.9347172832058296,27.554293317835985,5.03387425031687,0.6764227585222944,2,280.93225384442235,1,1,0
24,stack-pilot-t24-b003,23,639897,5325,5325,89.22111463852173,773.4635285000924,11.734069738384564,76.75464716484785,0.27673377865539805,0.4556639566343187,8,294.9408682624336,0,1,0
24,stack-pilot-t24-b003,24,56108,455,455,6.777030760789799,351.7548961941464,0.0,1.1718260527392204,5.559053135738133,0.04615157231243126,1,548.8255670732863,0,1,0
24,stack-pilot-t24-b003,25,233967,1944,1944,34.10264540967398,648.9861984606896,1.6395002932781895,22.054484198647963,10.2681784765219,0.14048244122604975,4,3102.0180923711173,0,1,0
24,stack-pilot-t24-b003,26,77559,647,647,8.547140926969062,527.2396345903453,1.1238503028868232,0.5913904582694158,6.71322649829971,0.11867366751310755,1,203.71127067377833,0,1,0
24,stack-pilot-t24-b003,27,1126,14,14,0.4424874366292649,105.12187008821621,0.0,0.3550225381382006,0.0,0.08746489849106424,0,0.0,0,1,0
24,stack-pilot-t24-b003,28,338636,2799,2799,34.83294461757358,565.9161389708867,34.6615724548412,0.0,0.0,0.17137216273230993,6,239.74593949231783,0,1,0
24,stack-pilot-t24-b003,29,17655,137,137,3.658272983874367,320.1819946224627,1.1677414875788203,2.2079617890667578,0.0,0.2825697072287881,1,0.979339247096277,1,1,0
24,stack-pilot-t24-b003,30,256210,2134,2134,28.822343787563256,578.7426037517829,25.979724191079168,1.4578861077596912,1.104070415813112,0.28066307291143994,3,259.75182373200585,0,1,0
24,stack-pilot-t24-b003,31,497316,4118,4118,64.07948837874834,390.4127279500036,5.374591379234101,54.96148618453057,3.3058425908620848,0.43756822412161483,2,1501.4058576675486,1,1,0
24,stack-pilot-t24-b003,32,0,0,0,0.0,0.207970823677897,0.0,0.0,0.0,0.0,0,0.0,2,0,0
24,stack-pilot-t24-b003,33,85208,734,734,10.861936525241983,514.827468002264,1.1645410868307235,9.348777976207945,0.16320544730297115,0.18541201490036702,2,1390.0487753834022,0,1,0
24,stack-pilot-t24-b003,34,13030,95,95,5.176318577212671,810.1641847013924,0.41806237238207067,3.3566221961036717,0.9354250576309369,0.4662089510959787,0,0.0,0,1,0
24,stack-pilot-t24-b003,35,514261,4213,4213,59.86698187483656,790.6176727061722,2.49611377663016,47.22108864451725,9.846824107932692,0.30295534575651084,5,958.0529874858198,0,1,0
24,stack-pilot-t24-b003,36,186593,1574,1574,25.485047034479543,494.1867555844527,1.7050844758751758,12.217895725493413,11.470509892294805,0.09155694081626731,2,767.6543039490889,0,0,0
24,stack-pilot-t24-b003,37,7203,65,65,3.994796898747041,383.316454175772,0.19930959974674203,0.9887097311061552,2.4600719870019594,0.3467055808921838,1,0.194730180835251,0,1,0
24,stack-pilot-t24-b003,38,99695,880,880,18.278449142998593,254.85999000316986,0.15330761830486042,7.25392950654626,10.600792567564985,0.2704194505824413,0,0.0,1,0,0
24,stack-pilot-t24-b003,39,162932,1363,1363,18.15463702553486,589.7639688662027,0.40733676517115164,16.42801822831033,1.2386699369884013,0.08061209506493913,2,939.1790576368694,0,0,0
24,stack-pilot-t24-b003,40,158414,1259,1259,45.95312585986675,426.1888384060262,5.918534792757989,15.947149863654932,23.621254437181886,0.4661867662718283,1,19.32966167844245,1,1,0
24,stack-pilot-t24-b003,41,83176,694,694,11.79071921957339,685.0929894466061,0.8350656785683427,9.107821565723782,1.6264401755524887,0.22139179972873976,1,645.2557673302523,0,1,0
24,stack-pilot-t24-b003,42,11495,88,88,3.3816493280906,571.0326526161721,0.6958371651258898,1.9195964723910492,0.5199736152753758,0.24624207529828163,0,0.0,0,1,0
24,stack-pilot-t24-b003,43,165050,1402,1402,35.418570494827996,634.1124585738211,14.424517714683407,6.787373107341182,13.7903637393095,0.41631593349409846,1,31.650796923430594,0,1,0
24,stack-pilot-t24-b003,44,69829,603,603,12.913739826712224,73.44073186119412,3.2422134269398875,8.942394135647191,0.6945358149368985,0.034596449188273315,1,0.17734631179543328,2,1,0
24,stack-pilot-t24-b003,45,278303,2337,2337,38.10575828377231,663.0127166580028,1.3102079654856087,36.169009728834155,0.4905470199355477,0.13599356951713223,2,230.4773967897433,0,0,0
24,stack-pilot-t24-b003,46,157729,1315,1315,18.78574656447578,762.5485091130578,1.4190806387656751,0.6347952805032264,16.526231121203118,0.20563952400369537,3,958.4746919325665,0,1,0
24,stack-pilot-t24-b003,47,488699,4187,4187,74.90154134489386,602.1801450553845,4.600734514899494,44.878469495777516,25.013012609909214,0.4093247243080057,4,1148.0414430882734,2,1,0
24,stack-pilot-t24-b003,48,527190,4499,4499,81.55745356159544,441.26661920822886,0.31099109862704477,65.93515148208735,15.051758414927068,0.25955256595508874,3,848.2351963926878,0,1,0
24,stack-pilot-t24-b003,49,181022,1539,1539,22.380668724820463,655.2143610000269,18.202293455146084,1.6545109575027936,2.2530462620495655,0.270818050121878,3,49.23328115897131,0,1,0
24,stack-pilot-t24-b003,50,183527,1563,1563,42.75144047694132,139.0773306007839,0.0,20.30558348069919,22.355848282515527,0.09000871372660935,0,0.0,0,0,0
24,stack-pilot-t24-b003,51,274712,2350,2350,29.812302767657958,522.2444554315072,2.3085103109130114,27.03547541745606,0.0,0.46831703928888757,3,930.8801836603452,0,1,0
24,stack-pilot-t24-b003,52,5750,57,57,2.1495968162338888,399.1766933965781,0.0,1.6954650650395127,0.07107503446422925,0.38305671673014463,1,0.8505951260815994,0,1,0
24,stack-pilot-t24-b003,53,14317,125,125,15.747026605757894,549.8106538762355,0.004750783338310887,2.923297908209179,12.714278574500556,0.10469933970984202,0,0.0,0,0,0
24,stack-pilot-t24-b003,54,211035,1781,1781,36.544529281119246,339.26253321067463,0.26870789064915757,35.039811767780854,0.2021187797216287,1.0338908429674922,1,30.078755289551044,0,1,0
24,stack-pilot-t24-b003,55,446456,3794,3794,57.34849196843418,680.1473432142029,0.1669753809492518,51.41275177492626,5.532165643584394,0.2365991689736484,3,568.4188619252757,0,1,0
24,stack-pilot-t24-b003,56,179660,1597,1597,20.341422426090727,552.1994830746141,2.4056963815319845,17.674704562411623,0.17374706591181166,0.08727441623537782,1,125.67120167131074,0,1,0
24,stack-pilot-t24-b003,57,518949,4374,4374,57.71287195304998,712.1183183029208,38.936833152864374,17.69762015166433,0.44799319520605824,0.6304254533155205,9,1135.5006920382189,1,1,0
24,stack-pilot-t24-b003,58,382231,3301,3301,46.62655471554733,721.8416460165474,2.6081871843380466,42.30939533347251,1.1271361249182519,0.5818360728182992,3,735.7188805812991,1,1,0
24,stack-pilot-t24-b003,59,6437,54,54,2.467528464439105,206.94904499499498,0.0,1.3467916952888572,0.6689988304514148,0.4517379386988317,0,0.0,0,1,0
24,stack-pilot-t24-b003,60,132607,1094,1094,22.697841601720643,353.3213810073208,0.34297684780872073,19.529078327998448,2.7020514480398106,0.12373497787375487,1,232.77746932485618,0,1,0
24,stack-pilot-t24-b003,61,371022,3238,3238,49.560842354241444,542.2746154905929,0.9214670872539781,46.630810481636495,0.9810965375688329,1.0274682477823704,2,333.80051860929404,0,1,0
24,stack-pilot-t24-b003,62,274801,2283,2283,29.41665594914167,822.5524705501448,3.875298237226471,25.333176530016104,0.0,0.20818118189897633,5,4117.6298554028635,0,1,0
24,stack-pilot-t24-b003,63,256758,2207,2207,49.299749852907304,502.14984082952725,15.944567727297997,18.99382634977348,13.805648980342346,0.5557067954928967,0,0.0,2,0,0
24,stack-pilot-t24-b003,64,19723,155,155,2.305412448079068,332.99636350735466,2.028825947919411,0.10072057127092648,0.07694372691548779,0.09892220197324457,0,0.0,0,1,0
24,stack-pilot-t24-b003,65,223475,1896,1896,28.633253126820993,584.4024252713682,2.5179335376686076,20.01841531521119,5.5951021718109555,0.5018021021302438,4,2293.5015949842755,3,1,0
24,stack-pilot-t24-b003,66,83614,697,697,11.418903214713982,658.7235643651326,0.13734664174134406,9.633911182831879,1.5127560894325143,0.13488930070829672,2,983.4714420076853,0,1,0
24,stack-pilot-t24-b003,67,630670,5535,5535,68.2742719453766,731.352984409113,37.84322145789907,29.705315789521105,0.2228339902612788,0.5029007076953029,9,440.97837516325694,1,1,0
24,stack-pilot-t24-b003,68,469197,3926,3926,58.96617673175092,242.71938988023146,5.557806266966079,20.189847714118994,32.8092027704907,0.4093199801753737,2,330.8318459440529,2,1,0
24,stack-pilot-t24-b003,69,4138,38,38,2.7984708648402963,274.29738537787796,0.3568288904335638,0.0,2.3968399879946816,0.0448019864120489,0,0.0,1,1,0
24,stack-pilot-t24-b003,70,0,0,0,0.0,0.0011259949387749657,0.0,0.0,0.0,0.0,0,0.0,1,0,0
24,stack-pilot-t24-b003,71,24488,188,188,7.376376649818101,243.4694273016697,1.4016757335876688,5.0293845455620385,0.5118573969539284,0.4334589737144702,0,0.0,0,1,0
24,stack-pilot-t24-b003,72,234215,2085,2085,68.32259282691459,573.1789747176648,0.2809256008034952,33.37155248163026,34.482989730729294,0.18712501375201598,0,0.0,0,0,0
24,stack-pilot-t24-b003,73,350512,3007,3007,64.74634230669892,686.236700932525,1.4102923263463976,47.0307167977252,15.576821496769334,0.7285116858576227,2,558.8074944880482,0,1,0
24,stack-pilot-t24-b003,74,223256,1915,1915,32.615649070068145,648.6328317040261,1.5107305425346325,29.507247410338515,1.1330835492536366,0.4645875679418597,3,662.9460807021917,0,1,0
24,stack-pilot-t24-b003,75,91310,785,785,11.004459781566675,655.7723915036023,0.7683284338223055,1.5575403770884577,8.447240504167581,0.23135046648837126,2,422.3109304941061,2,1,0
24,stack-pilot-t24-b003,76,204144,1666,1666,25.757683713660963,120.12411291328134,0.9649974245286927,22.76838079426205,1.9249057125178268,0.09939978235260494,0,0.0,1,0,0
24,stack-pilot-t24-b003,77,903342,7785,7785,130.3213156258696,494.9428242985202,1.6857314674815915,120.4909512812246,7.184884100772322,0.9597487763910383,4,1215.2476010307505,0,1,0
24,stack-pilot-t24-b003,78,253689,2187,2187,38.81667743131157,571.9076141627703,0.11841327946706547,37.73783870000894,0.6251954964027391,0.3352299554323657,1,117.84431779735117,0,1,0
24,stack-pilot-t24-b003,79,1387531,11641,11641,179.03591974237696,641.1138906382281,31.807514729191634,140.60784416511856,5.875196077931832,0.7453647701375876,9,280.6260313710191,0,1,0
24,stack-pilot-t24-b003,80,13333,109,109,4.1063001591834345,692.9244464468815,0.47555811678901627,2.8609143877221186,0.2741635780210401,0.49566407665126233,0,0.0,0,1,0
24,stack-pilot-t24-b003,81,90617,805,805,13.045327108409715,369.28406278247206,0.47691872328194385,11.311027515098578,0.6585669766955107,0.5988138933336524,1,411.0175691642167,0,1,0
24,stack-pilot-t24-b003,82,392270,3357,3357,54.52132405827092,389.49423775347447,2.3469185449444514,50.99929272542348,0.8135354370551795,0.36157735084767856,2,53.11081833940716,0,1,0
24,stack-pilot-t24-b003,83,4241,40,40,3.8680182921408464,125.41464028371517,0.0,2.0742643239228755,1.658023477095412,0.13573049112255767,0,0.0,0,1,0
24,stack-pilot-t24-b003,84,36756,283,283,3.8355788083183735,578.4738155444979,3.8174956783823024,0.0,0.0,0.01808312993606434,1,3.494973921693864,0,1,0
24,stack-pilot-t24-b003,85,0,0,0,0.0,0.0,0.0,0.0,0.0,0.0,0,0.0,0,0,0
24,stack-pilot-t24-b003,86,0,0,0,0.0,0.07174035043863114,0.0,0.0,0.0,0.0,0,0.0,2,0,0
24,stack-pilot-t24-b003,87,165571,1363,1363,21.511169072431144,853.2731021371092,0.4172797873140353,20.34689919717529,0.5196758861657145,0.22731420177611536,2,136.19622549222015,1,1,0
24,stack-pilot-t24-b003,88,3770,41,41,2.020452471311823,427.1393078181164,0.0,0.8296469363707502,0.9052394748128023,0.2855660601282701,0,0.0,1,1,0
24,stack-pilot-t24-b003,89,5384,43,43,1.1355271525120663,84.04026318646132,0.1341070892626675,0.5252377739734584,0.09115881306570373,0.3850234762102376,0,0.0,1,1,0
24,stack-pilot-t24-b003,90,116192,1032,1032,16.557911200747693,553.9422598389776,11.520204468827675,1.1100039409406008,3.5055245526946237,0.4221782382847949,4,18.10671391348226,0,1,0
24,stack-pilot-t24-b003,91,150474,1293,1293,22.562614278051548,524.0149612011301,1.95003063354139,9.17073008965474,11.020352285892992,0.42150126896229734,1,199.42357204425215,0,1,0
24,stack-pilot-t24-b003,92,55231,473,473,6.035142719825918,79.92043087180653,0.39738076659079125,0.4048707861264802,5.184164401320719,0.04872676578791115,1,261.7906928630049,1,1,0
24,stack-pilot-t24-b003,93,189768,1557,1557,23.94522863006763,693.4581573162186,1.0253926169695016,21.0793662642537,1.4969982686559433,0.34347148018866547,3,1073.8650753728639,0,1,0
24,stack-pilot-t24-b003,94,22119,200,200,2.5058172060400263,311.10709486138217,2.206603501536033,0.2250846689807986,0.0,0.07412903552320263,0,0.0,0,1,0
24,stack-pilot-t24-b003,95,85971,704,704,13.573293755663046,455.28589777868757,0.5775790486736987,12.120379545039315,0.10228637056752632,0.7730487913824775,1,791.8746334615336,1,1,0
24,stack-pilot-t24-b003,96,149591,1309,1309,21.724854890634198,523.9794781739633,14.059937905710964,6.01958425839598,1.1413223090403335,0.5040104174870632,3,76.91771819471043,0,1,0
24,stack-pilot-t24-b003,97,311771,2619,2619,57.315197193559584,519.7968606928641,4.272948958441366,15.384024324284436,37.01312136687459,0.6451025439584811,0,0.0,0,0,0
24,stack-pilot-t24-b003,98,13159,113,113,4.04991978123832,383.27778675710306,0.3195601080589343,2.9398643603418577,0.2728355310155166,0.5176597818220112,0,0.0,2,1,0
24,stack-pilot-t24-b003,99,222775,1919,1919,24.465665121785772,188.82047018688525,0.0,24.35726147076615,0.0,0.10840365101940692,0,0.0,1,1,0
